PLAYER_ID,SEASON_ID,LEAGUE_ID,TEAM_ID,TEAM_ABBREVIATION,PLAYER_AGE,GP,GS,MIN,FGM,FGA,FG_PCT,FG3M,FG3A,FG3_PCT,FTM,FTA,FT_PCT,OREB,DREB,REB,AST,STL,BLK,TOV,PF,PTS,POSITION
203500,2020-21,0,1610612740,NOP,27.0,58,58,1605.0,189,308,0.614,0,3,0.0,60,135,0.444,213,301,514,111,54,38,78,113,438,C
1628389,2020-21,0,1610612748,MIA,23.0,64,64,2143.0,456,800,0.57,2,8,0.25,283,354,0.799,142,431,573,346,75,66,169,145,1197,C
200746,2020-21,0,1610612759,SAS,35.0,21,18,544.0,115,248,0.464,27,75,0.36,31,37,0.838,17,77,94,36,8,18,20,36,288,C
200746,2020-21,0,1610612751,BKN,35.0,5,5,130.0,25,48,0.521,4,5,0.8,10,10,1.0,2,22,24,13,3,11,7,11,64,C
200746,2020-21,0,0,TOT,35.0,26,23,674.0,140,296,0.473,31,80,0.388,41,47,0.872,19,99,118,49,11,29,27,47,352,C
1629638,2020-21,0,1610612740,NOP,22.0,46,13,1007.0,192,458,0.419,76,219,0.347,48,66,0.727,13,131,144,102,47,22,69,88,508,G
1628960,2020-21,0,1610612763,MEM,25.0,50,38,1260.0,173,414,0.418,107,274,0.391,79,91,0.868,19,141,160,108,46,8,48,71,532,G
1628386,2020-21,0,1610612751,BKN,23.0,12,5,320.0,44,65,0.677,0,0,0.0,46,61,0.754,38,87,125,20,7,19,22,21,134,C
1628386,2020-21,0,1610612739,CLE,23.0,51,40,1544.0,254,417,0.609,6,19,0.316,158,229,0.69,158,348,506,86,25,71,78,75,672,C
1628386,2020-21,0,0,TOT,23.0,63,45,1864.0,298,482,0.618,6,19,0.316,204,290,0.703,196,435,631,106,32,90,100,96,806,C
202329,2020-21,0,1610612753,ORL,30.0,17,14,367.0,36,89,0.404,7,31,0.226,14,17,0.824,20,71,91,29,17,9,25,22,93,F
202329,2020-21,0,1610612741,CHI,30.0,6,0,67.0,2,10,0.2,1,6,0.167,4,5,0.8,2,17,19,2,2,0,3,7,9,F
202329,2020-21,0,0,TOT,30.0,23,14,434.0,38,99,0.384,8,37,0.216,18,22,0.818,22,88,110,31,19,9,28,29,102,F
203937,2020-21,0,1610612763,MEM,27.0,69,69,1887.0,308,658,0.468,94,261,0.36,144,184,0.783,52,344,396,250,84,57,86,120,854,F
203507,2020-21,0,1610612749,MIL,26.0,61,61,2013.0,626,1100,0.569,67,221,0.303,398,581,0.685,97,574,671,357,72,73,207,168,1717,F
1628961,2020-21,0,1610612747,LAL,23.0,15,0,56.0,3,10,0.3,0,0,0.0,6,13,0.462,4,15,19,1,2,4,11,8,12,F
203648,2020-21,0,1610612749,MIL,28.0,57,3,551.0,67,137,0.489,7,29,0.241,25,49,0.51,54,70,124,46,22,10,43,74,166,F
2546,2020-21,0,1610612757,POR,37.0,69,3,1690.0,327,777,0.421,133,325,0.409,137,154,0.89,32,182,214,104,46,38,61,144,924,F
1628384,2020-21,0,1610612761,TOR,23.0,43,43,1433.0,249,519,0.48,104,261,0.398,80,102,0.784,54,183,237,94,66,32,75,114,682,F
1627853,2020-21,0,1610612741,CHI,27.0,44,0,450.0,49,117,0.419,25,67,0.373,13,20,0.65,5,62,67,56,9,0,10,47,136,G
2772,2020-21,0,1610612748,MIA,36.0,30,27,841.0,99,241,0.411,50,143,0.35,34,44,0.773,27,117,144,55,31,18,21,55,282,F
201571,2020-21,0,1610612749,MIL,33.0,37,6,713.0,71,192,0.37,49,129,0.38,36,40,0.9,11,39,50,110,20,1,34,33,227,G
201571,2020-21,0,1610612745,HOU,33.0,20,6,416.0,64,151,0.424,34,88,0.386,49,54,0.907,9,35,44,78,8,0,31,23,211,G
201571,2020-21,0,0,TOT,33.0,57,12,1129.0,135,343,0.394,83,217,0.382,85,94,0.904,20,74,94,188,28,1,65,56,438,G
1629028,2020-21,0,1610612756,PHX,22.0,69,69,2115.0,430,687,0.626,4,20,0.2,133,173,0.769,228,499,727,99,41,81,103,196,997,C
1628407,2020-21,0,1610612753,ORL,25.0,72,50,1853.0,292,726,0.402,59,207,0.285,145,176,0.824,31,193,224,93,45,5,46,103,788,G
1628963,2020-21,0,1610612758,SAC,22.0,43,42,1112.0,247,490,0.504,37,108,0.343,77,134,0.575,106,212,318,43,21,21,59,100,608,F
1628366,2020-21,0,1610612740,NOP,23.0,55,55,1747.0,290,700,0.414,172,455,0.378,50,64,0.781,33,230,263,316,82,31,123,103,802,G
1628964,2020-21,0,1610612753,ORL,23.0,46,5,725.0,142,301,0.472,38,118,0.322,45,66,0.682,76,189,265,35,14,58,36,87,367,C
203084,2020-21,0,1610612758,SAC,29.0,58,58,2102.0,319,642,0.497,100,256,0.391,195,235,0.83,64,321,385,201,43,11,93,75,933,F
1629628,2020-21,0,1610612752,NYK,21.0,72,72,2511.0,467,1060,0.441,124,309,0.401,206,276,0.746,68,346,414,217,53,20,139,188,1264,F
203115,2020-21,0,1610612743,DEN,30.0,56,52,1736.0,259,608,0.426,98,257,0.381,95,121,0.785,39,187,226,181,50,23,96,95,711,G
1628966,2020-21,0,1610612759,SAS,25.0,30,0,245.0,30,67,0.448,5,17,0.294,14,21,0.667,9,40,49,12,11,5,7,11,79,F
201587,2020-21,0,1610612746,LAC,32.0,67,38,1835.0,191,412,0.464,110,272,0.404,48,58,0.828,50,266,316,148,69,37,53,102,540,G
203382,2020-21,0,1610612761,TOR,34.0,53,31,980.0,134,304,0.441,27,103,0.262,29,41,0.707,87,186,273,47,17,22,46,119,324,C
203145,2020-21,0,1610612744,GSW,31.0,67,18,1334.0,176,392,0.449,75,184,0.408,54,78,0.692,26,203,229,108,69,33,82,158,481,G
1629647,2020-21,0,1610612760,OKC,21.0,55,55,1714.0,273,690,0.396,83,286,0.29,125,178,0.702,51,345,396,99,29,25,122,60,754,F
203078,2020-21,0,1610612764,WAS,28.0,60,60,2147.0,670,1382,0.485,130,373,0.349,408,459,0.889,72,211,283,265,69,22,187,140,1878,G
1627736,2020-21,0,1610612750,MIN,24.0,37,36,1214.0,264,600,0.44,128,321,0.399,68,80,0.85,28,134,162,88,30,7,60,62,724,G
1628395,2020-21,0,1610612764,WAS,26.0,5,1,67.0,7,20,0.35,0,2,0.0,0,0,0.0,6,13,19,5,3,3,3,5,14,F
1628395,2020-21,0,1610612744,GSW,26.0,1,0,15.0,0,2,0.0,0,0,0.0,1,2,0.5,1,4,5,2,0,2,1,2,1,F
1628395,2020-21,0,0,TOT,26.0,6,1,82.0,7,22,0.318,0,2,0.0,1,2,0.5,7,17,24,7,3,5,4,7,15,F
1627761,2020-21,0,1610612761,TOR,26.0,51,12,972.0,117,228,0.513,14,53,0.264,45,66,0.682,33,113,146,107,53,18,71,87,293,G
202722,2020-21,0,1610612764,WAS,28.0,57,7,1464.0,193,478,0.404,169,428,0.395,100,115,0.87,18,150,168,49,33,13,33,136,655,F
201976,2020-21,0,1610612746,LAC,32.0,37,34,833.0,93,220,0.423,56,141,0.397,36,45,0.8,29,90,119,76,29,28,34,108,278,G
203920,2020-21,0,1610612753,ORL,28.0,48,5,952.0,94,209,0.45,4,21,0.19,63,85,0.741,117,126,243,53,32,28,23,67,255,C
203920,2020-21,0,1610612761,TOR,28.0,19,17,577.0,95,171,0.556,9,31,0.29,28,44,0.636,57,87,144,36,16,22,21,46,227,C
203920,2020-21,0,0,TOT,28.0,67,22,1529.0,189,380,0.497,13,52,0.25,91,129,0.705,174,213,387,89,48,50,44,113,482,C
1629048,2020-21,0,1610612754,IND,21.0,45,3,561.0,83,194,0.428,20,79,0.253,45,61,0.738,60,90,150,37,9,60,17,94,231,C
202687,2020-21,0,1610612766,CHA,28.0,66,36,1349.0,142,242,0.587,0,1,0.0,47,105,0.448,137,210,347,81,17,74,71,141,331,C
202357,2020-21,0,1610612758,SAC,33.0,26,1,439.0,69,150,0.46,17,58,0.293,32,42,0.762,24,76,100,49,8,2,28,48,187,F
202357,2020-21,0,1610612748,MIA,33.0,11,2,156.0,20,46,0.435,10,27,0.37,5,9,0.556,5,22,27,20,7,3,5,20,55,F
202357,2020-21,0,0,TOT,33.0,37,3,595.0,89,196,0.454,27,85,0.318,37,51,0.725,29,98,127,69,15,5,33,68,242,F
202339,2020-21,0,1610612740,NOP,31.0,71,70,2112.0,307,730,0.421,121,355,0.341,134,195,0.687,29,215,244,268,55,24,114,112,869,G
203992,2020-21,0,1610612737,ATL,28.0,44,27,1305.0,267,565,0.473,146,333,0.438,40,44,0.909,20,140,160,147,49,13,54,99,720,G
202711,2020-21,0,1610612762,UTA,32.0,72,72,2216.0,406,925,0.439,180,461,0.39,233,265,0.879,40,241,281,136,45,4,128,115,1225,F
1629626,2020-21,0,1610612743,DEN,21.0,32,2,160.0,25,58,0.431,9,24,0.375,10,15,0.667,0,24,24,7,3,10,13,14,69,C
1629648,2020-21,0,1610612753,ORL,23.0,14,0,196.0,23,54,0.426,10,32,0.313,0,0,0.0,4,20,24,18,2,0,3,11,56,G
1629067,2020-21,0,1610612764,WAS,21.0,40,8,432.0,30,81,0.37,13,47,0.277,5,8,0.625,18,48,66,23,11,9,22,63,78,G
1626164,2020-21,0,1610612756,PHX,24.0,67,67,2270.0,623,1287,0.484,126,371,0.34,340,392,0.867,34,247,281,289,53,16,207,181,1712,G
1628449,2020-21,0,1610612761,TOR,28.0,60,14,1453.0,288,560,0.514,90,235,0.383,152,193,0.788,117,287,404,63,35,111,46,166,818,F
1628968,2020-21,0,1610612754,IND,22.0,6,0,15.0,1,4,0.25,0,1,0.0,1,1,1.0,0,3,3,0,0,0,0,1,3,F
202340,2020-21,0,1610612748,MIA,30.0,10,1,211.0,31,66,0.47,16,38,0.421,7,9,0.778,2,16,18,14,7,1,9,26,85,G
202340,2020-21,0,1610612745,HOU,30.0,17,5,391.0,33,105,0.314,17,63,0.27,5,6,0.833,6,33,39,32,14,2,19,29,88,G
202340,2020-21,0,0,TOT,30.0,27,6,602.0,64,171,0.374,33,101,0.327,12,15,0.8,8,49,57,46,21,3,28,55,173,G
1628396,2020-21,0,1610612755,PHI,23.0,20,8,287.0,51,75,0.68,0,1,0.0,7,11,0.636,39,65,104,17,6,13,6,28,109,C
1628396,2020-21,0,1610612760,OKC,23.0,22,0,397.0,80,122,0.656,0,2,0.0,31,44,0.705,46,89,135,20,9,17,27,33,191,C
1628396,2020-21,0,0,TOT,23.0,42,8,684.0,131,197,0.665,0,3,0.0,38,55,0.691,85,154,239,37,15,30,33,61,300,C
1629714,2020-21,0,1610612762,UTA,25.0,28,0,138.0,25,52,0.481,12,28,0.429,2,2,1.0,9,18,27,15,7,2,8,17,64,F
1629649,2020-21,0,1610612752,NYK,22.0,4,0,7.0,0,1,0.0,0,0,0.0,2,2,1.0,1,1,2,1,0,0,1,0,2,F
1629649,2020-21,0,1610612755,PHI,22.0,1,0,8.0,0,3,0.0,0,1,0.0,0,0,0.0,0,2,2,0,0,0,0,0,0,F
1629649,2020-21,0,1610612753,ORL,22.0,8,0,234.0,35,79,0.443,11,27,0.407,8,12,0.667,10,31,41,16,4,3,11,22,89,F
1629649,2020-21,0,0,TOT,22.0,13,0,249.0,35,83,0.422,11,28,0.393,10,14,0.714,11,34,45,17,4,3,12,22,91,F
1628969,2020-21,0,1610612756,PHX,24.0,72,72,2348.0,363,669,0.543,134,315,0.425,110,131,0.84,76,233,309,152,76,63,57,116,970,F
1628970,2020-21,0,1610612766,CHA,23.0,66,19,1932.0,313,622,0.503,116,290,0.4,98,113,0.867,81,316,397,147,44,52,106,143,840,F
1629052,2020-21,0,1610612754,IND,23.0,21,16,519.0,73,151,0.483,33,78,0.423,50,65,0.769,29,86,115,18,19,20,10,32,229,F
1627763,2020-21,0,1610612754,IND,28.0,56,56,1930.0,444,980,0.453,145,374,0.388,153,177,0.864,58,236,294,329,49,15,115,110,1186,G
1628415,2020-21,0,1610612763,MEM,25.0,67,67,1997.0,432,1031,0.419,128,372,0.344,159,195,0.815,53,143,196,157,78,26,119,237,1151,G
1628971,2020-21,0,1610612751,BKN,24.0,65,37,1451.0,235,423,0.556,17,59,0.288,86,117,0.735,111,238,349,104,58,28,54,145,573,G
1627759,2020-21,0,1610612738,BOS,24.0,58,58,1999.0,538,1111,0.484,163,411,0.397,191,250,0.764,71,276,347,195,72,32,158,168,1430,G
1629650,2020-21,0,1610612760,OKC,21.0,43,32,920.0,146,268,0.545,0,0,0.0,78,126,0.619,154,229,383,10,31,47,43,93,370,C
1628425,2020-21,0,1610612745,HOU,26.0,51,14,1229.0,150,335,0.448,91,215,0.423,25,31,0.806,38,186,224,72,38,12,41,97,416,G
1629718,2020-21,0,1610612760,OKC,24.0,9,1,152.0,13,43,0.302,5,21,0.238,9,10,0.9,3,14,17,9,4,2,6,19,40,G
1628972,2020-21,0,1610612764,WAS,21.0,21,0,287.0,33,89,0.371,14,46,0.304,10,15,0.667,11,50,61,19,3,4,16,29,90,G
1628972,2020-21,0,1610612741,CHI,21.0,13,0,237.0,29,55,0.527,8,24,0.333,5,6,0.833,9,35,44,10,7,2,5,20,71,G
1628972,2020-21,0,0,TOT,21.0,34,0,523.0,62,144,0.431,22,70,0.314,15,21,0.714,20,85,105,29,10,6,21,49,161,G
1628973,2020-21,0,1610612742,DAL,24.0,68,12,1697.0,328,627,0.523,81,200,0.405,120,151,0.795,27,204,231,239,35,1,80,109,857,G
1628418,2020-21,0,1610612764,WAS,23.0,10,10,271.0,59,91,0.648,9,21,0.429,16,24,0.667,18,43,61,15,4,8,11,31,143,C
203493,2020-21,0,1610612752,NYK,30.0,65,64,1949.0,248,561,0.442,163,398,0.41,50,55,0.909,16,207,223,99,52,11,45,146,709,G
203504,2020-21,0,1610612742,DAL,28.0,62,1,911.0,151,353,0.428,58,164,0.354,51,57,0.895,10,44,54,81,36,7,33,64,411,G
202692,2020-21,0,1610612752,NYK,29.0,49,5,1255.0,210,500,0.42,102,246,0.415,101,118,0.856,21,206,227,107,31,14,49,102,623,G
202710,2020-21,0,1610612748,MIA,31.0,52,52,1745.0,366,736,0.497,25,102,0.245,359,416,0.863,94,265,359,369,108,18,109,71,1116,F
203998,2020-21,0,1610612745,HOU,25.0,6,0,36.0,8,17,0.471,0,5,0.0,1,2,0.5,3,11,14,1,0,2,4,6,17,F
1629719,2020-21,0,1610612747,LAL,24.0,20,1,98.0,17,29,0.586,0,0,0.0,5,11,0.455,12,20,32,1,5,4,5,8,39,F
203484,2020-21,0,1610612747,LAL,28.0,67,67,1902.0,218,506,0.431,120,293,0.41,97,112,0.866,27,152,179,127,62,26,66,114,653,G
1628427,2020-21,0,1610612743,DEN,24.0,41,1,281.0,33,72,0.458,9,33,0.273,10,13,0.769,11,39,50,14,11,2,14,18,85,F
203991,2020-21,0,1610612737,ATL,27.0,63,63,1898.0,413,695,0.594,0,0,0.0,130,227,0.573,297,606,903,49,44,129,73,145,956,C
1628975,2020-21,0,1610612756,PHX,25.0,60,1,717.0,94,223,0.422,56,151,0.371,4,7,0.571,16,76,92,71,29,9,16,56,248,G
1628976,2020-21,0,1610612741,CHI,22.0,32,25,792.0,129,252,0.512,8,22,0.364,82,111,0.739,70,180,250,69,18,24,49,96,348,C
1628976,2020-21,0,1610612753,ORL,22.0,22,19,583.0,101,205,0.493,7,29,0.241,49,68,0.721,62,131,193,35,17,18,29,50,258,C
1628976,2020-21,0,0,TOT,22.0,54,44,1375.0,230,457,0.503,15,51,0.294,131,179,0.732,132,311,443,104,35,42,78,146,606,C
203487,2020-21,0,1610612753,ORL,29.0,31,25,800.0,105,270,0.389,15,61,0.246,49,80,0.613,39,100,139,129,25,17,69,81,274,G
1627936,2020-21,0,1610612747,LAL,27.0,58,6,1216.0,133,305,0.436,55,137,0.401,49,76,0.645,31,139,170,160,64,15,76,108,370,G
1626161,2020-21,0,1610612742,DAL,27.0,53,16,906.0,115,182,0.632,1,11,0.091,49,78,0.628,66,170,236,35,21,43,29,129,280,C
1629185,2020-21,0,1610612751,BKN,25.0,22,1,232.0,31,88,0.352,13,42,0.31,13,17,0.765,3,21,24,65,7,6,16,19,88,G
1627737,2020-21,0,1610612744,GSW,23.0,2,0,27.0,5,14,0.357,1,5,0.2,2,4,0.5,3,10,13,2,0,2,2,3,13,F
1629109,2020-21,0,1610612753,ORL,26.0,35,11,637.0,40,131,0.305,31,108,0.287,8,10,0.8,33,79,112,30,12,7,17,34,119,F
1629109,2020-21,0,1610612743,DEN,26.0,2,0,4.0,0,0,0.0,0,0,0.0,0,0,0.0,0,1,1,0,0,0,0,0,0,F
1629109,2020-21,0,1610612755,PHI,26.0,2,0,13.0,0,1,0.0,0,0,0.0,0,0,0.0,0,2,2,1,1,0,0,1,0,F
1629109,2020-21,0,0,TOT,26.0,39,11,654.0,40,132,0.303,31,108,0.287,8,10,0.8,33,82,115,31,13,7,17,35,119,F
1629634,2020-21,0,1610612763,MEM,24.0,59,16,1415.0,256,495,0.517,20,77,0.26,78,113,0.69,97,231,328,95,60,51,33,84,610,F
203903,2020-21,0,1610612762,UTA,29.0,68,1,1818.0,457,1075,0.425,208,599,0.347,129,144,0.896,47,227,274,168,61,10,115,110,1251,G
1629651,2020-21,0,1610612751,BKN,22.0,32,1,594.0,90,145,0.621,1,5,0.2,31,64,0.484,43,123,166,28,23,40,18,68,212,F
1629599,2020-21,0,1610612746,LAC,24.0,44,1,395.0,45,103,0.437,23,56,0.411,27,38,0.711,10,34,44,22,10,0,15,30,140,G
1628381,2020-21,0,1610612737,ATL,23.0,63,63,1848.0,429,771,0.556,83,208,0.399,170,204,0.833,118,349,467,78,34,63,84,193,1111,F
201144,2020-21,0,1610612762,UTA,33.0,51,51,1498.0,284,640,0.444,138,335,0.412,121,142,0.852,36,141,177,305,70,9,99,98,827,G
1626192,2020-21,0,1610612749,MIL,28.0,69,4,1575.0,168,387,0.434,101,272,0.371,31,40,0.775,63,269,332,81,49,23,33,99,468,G
1626188,2020-21,0,1610612747,LAL,28.0,16,0,62.0,12,26,0.462,5,13,0.385,4,5,0.8,0,5,5,5,1,1,3,2,33,G
1626188,2020-21,0,1610612739,CLE,28.0,7,0,95.0,17,42,0.405,6,13,0.462,3,3,1.0,2,10,12,13,3,0,4,8,43,G
1626188,2020-21,0,0,TOT,28.0,23,0,157.0,29,68,0.426,11,26,0.423,7,8,0.875,2,15,17,18,4,1,7,10,76,G
1629076,2020-21,0,1610612751,BKN,23.0,4,0,17.0,1,3,0.333,0,0,0.0,0,0,0.0,1,1,2,2,0,0,1,2,2,F
1629076,2020-21,0,1610612765,DET,23.0,28,1,421.0,68,100,0.68,1,2,0.5,17,35,0.486,27,66,93,15,8,2,20,33,154,F
1629076,2020-21,0,0,TOT,23.0,32,1,437.0,69,103,0.67,1,2,0.5,17,35,0.486,28,67,95,17,8,2,21,35,156,F
202326,2020-21,0,1610612745,HOU,30.0,25,11,506.0,79,210,0.376,39,116,0.336,44,59,0.746,30,161,191,60,21,18,39,74,241,C
202326,2020-21,0,1610612746,LAC,30.0,16,0,207.0,51,95,0.537,8,19,0.421,15,22,0.682,23,49,72,16,13,6,25,33,125,C
202326,2020-21,0,0,TOT,30.0,41,11,713.0,130,305,0.426,47,135,0.348,59,81,0.728,53,210,263,76,34,24,64,107,366,C
203496,2020-21,0,1610612757,POR,30.0,70,70,2243.0,204,509,0.401,135,356,0.379,50,62,0.806,61,405,466,117,101,84,64,195,593,F
1628470,2020-21,0,1610612749,MIL,30.0,18,0,201.0,18,46,0.391,8,22,0.364,1,2,0.5,13,30,43,16,9,7,5,24,45,F
1628470,2020-21,0,1610612756,PHX,30.0,32,8,602.0,91,181,0.503,31,84,0.369,16,20,0.8,44,110,154,33,19,20,20,59,229,F
1628470,2020-21,0,0,TOT,30.0,50,8,803.0,109,227,0.48,39,106,0.368,17,22,0.773,57,140,197,49,28,27,25,83,274,F
203109,2020-21,0,1610612756,PHX,30.0,60,42,1648.0,199,492,0.404,148,380,0.389,57,75,0.76,32,250,282,127,48,27,55,125,603,F
1629633,2020-21,0,1610612750,MIN,22.0,34,7,499.0,69,168,0.411,13,53,0.245,29,48,0.604,34,70,104,24,17,9,28,58,180,G
203552,2020-21,0,1610612755,PHI,30.0,57,57,1638.0,258,552,0.467,126,280,0.45,69,77,0.896,10,126,136,155,44,8,65,96,711,G
201939,2020-21,0,1610612744,GSW,33.0,63,63,2152.0,658,1365,0.482,337,801,0.421,362,395,0.916,29,316,345,363,77,8,213,119,2015,G
203076,2020-21,0,1610612747,LAL,28.0,36,36,1162.0,301,613,0.491,26,100,0.26,158,214,0.738,62,224,286,110,45,59,74,60,786,F
202334,2020-21,0,1610612750,MIN,32.0,23,7,299.0,19,44,0.432,0,0,0.0,10,12,0.833,46,69,115,21,13,13,7,56,48,C
1629056,2020-21,0,1610612761,TOR,24.0,34,4,493.0,87,210,0.414,44,122,0.361,16,18,0.889,9,57,66,37,17,7,29,48,234,G
1629056,2020-21,0,1610612758,SAC,24.0,27,0,581.0,108,246,0.439,54,145,0.372,29,37,0.784,11,77,88,46,27,7,34,49,299,G
1629056,2020-21,0,0,TOT,24.0,61,4,1074.0,195,456,0.428,98,267,0.367,45,55,0.818,20,134,154,83,44,14,63,97,533,G
201942,2020-21,0,1610612759,SAS,31.0,61,61,2056.0,455,920,0.495,19,74,0.257,387,440,0.88,40,219,259,422,56,15,119,128,1316,G
203473,2020-21,0,1610612748,MIA,31.0,16,0,210.0,46,65,0.708,1,5,0.2,20,27,0.741,28,58,86,12,9,6,13,36,113,C
203521,2020-21,0,1610612739,CLE,30.0,13,1,224.0,14,56,0.25,4,25,0.16,4,4,1.0,6,18,24,58,4,1,6,21,36,G
1628978,2020-21,0,1610612749,MIL,24.0,66,66,1815.0,253,603,0.42,131,346,0.379,51,71,0.718,81,299,380,203,72,15,91,112,688,G
1628977,2020-21,0,1610612760,OKC,22.0,32,5,761.0,143,297,0.481,12,41,0.293,83,132,0.629,37,128,165,77,31,12,49,83,381,G
1628977,2020-21,0,1610612765,DET,22.0,20,4,465.0,81,173,0.468,16,41,0.39,45,68,0.662,22,85,107,24,10,12,27,51,223,G
1628977,2020-21,0,0,TOT,22.0,52,9,1226.0,224,470,0.477,28,82,0.341,128,200,0.64,59,213,272,101,41,24,76,134,604,G
203476,2020-21,0,1610612763,MEM,31.0,22,1,371.0,56,108,0.519,23,48,0.479,38,43,0.884,28,70,98,29,17,14,22,38,173,C
203476,2020-21,0,1610612759,SAS,31.0,16,0,181.0,29,55,0.527,7,22,0.318,20,24,0.833,12,30,42,19,9,2,10,18,85,C
203476,2020-21,0,0,TOT,31.0,38,1,553.0,85,163,0.521,30,70,0.429,58,67,0.866,40,100,140,48,26,16,32,56,258,C
203915,2020-21,0,1610612751,BKN,28.0,3,3,64.0,6,16,0.375,2,7,0.286,6,6,1.0,0,13,13,9,2,1,5,4,20,G
1629029,2020-21,0,1610612742,DAL,22.0,66,66,2262.0,647,1351,0.479,192,548,0.35,344,471,0.73,54,473,527,567,64,36,281,152,1830,F
1629652,2020-21,0,1610612760,OKC,22.0,52,52,1543.0,247,639,0.387,113,329,0.343,122,164,0.744,38,151,189,88,45,19,79,134,729,G
1628422,2020-21,0,1610612739,CLE,27.0,46,7,907.0,119,293,0.406,46,159,0.289,24,36,0.667,5,88,93,91,16,4,42,42,308,G
1629635,2020-21,0,1610612765,DET,20.0,56,11,869.0,107,282,0.379,26,115,0.226,45,64,0.703,39,104,143,47,24,9,44,94,285,F
1628408,2020-21,0,1610612743,DEN,24.0,50,6,1088.0,148,355,0.417,47,149,0.315,42,66,0.636,35,147,182,92,31,22,46,86,385,G
201609,2020-21,0,1610612748,MIA,35.0,50,11,1337.0,240,555,0.432,91,244,0.373,101,122,0.828,25,144,169,219,33,8,118,113,672,G
203083,2020-21,0,1610612739,CLE,27.0,25,25,722.0,180,380,0.474,0,8,0.0,77,129,0.597,101,236,337,64,40,29,81,69,437,C
203083,2020-21,0,1610612747,LAL,27.0,21,21,520.0,102,192,0.531,0,0,0.0,46,76,0.605,65,149,214,30,23,20,43,80,250,C
203083,2020-21,0,0,TOT,27.0,46,46,1242.0,282,572,0.493,0,8,0.0,123,205,0.6,166,385,551,94,63,49,124,149,687,C
201162,2020-21,0,1610612747,LAL,35.0,12,0,81.0,2,9,0.222,2,6,0.333,0,0,0.0,4,17,21,5,1,1,2,7,6,F
1627739,2020-21,0,1610612737,ATL,27.0,4,0,45.0,1,12,0.083,0,2,0.0,3,4,0.75,0,6,6,2,2,2,3,10,5,G
201142,2020-21,0,1610612751,BKN,32.0,35,32,1157.0,324,603,0.537,85,189,0.45,210,238,0.882,13,234,247,195,25,45,120,70,943,F
1629035,2020-21,0,1610612738,BOS,23.0,31,1,276.0,47,111,0.423,18,63,0.286,11,13,0.846,3,23,26,14,7,1,7,25,123,G
1627740,2020-21,0,1610612761,TOR,24.0,2,0,38.0,5,14,0.357,2,9,0.222,3,4,0.75,3,9,12,5,0,0,0,7,15,F
201961,2020-21,0,1610612765,DET,33.0,46,31,1012.0,149,338,0.441,116,275,0.422,28,35,0.8,12,73,85,67,18,9,33,59,442,G
203954,2020-21,0,1610612755,PHI,27.0,51,51,1585.0,461,899,0.513,58,154,0.377,471,548,0.859,113,426,539,145,50,69,159,123,1451,C
203516,2020-21,0,1610612753,ORL,30.0,41,37,986.0,115,243,0.473,45,104,0.433,70,87,0.805,43,123,166,62,32,7,36,84,345,F
1629234,2020-21,0,1610612759,SAS,24.0,54,3,755.0,116,205,0.566,2,2,1.0,77,106,0.726,74,167,241,42,18,49,45,88,311,F
203957,2020-21,0,1610612739,CLE,25.0,6,3,116.0,10,26,0.385,2,11,0.182,1,2,0.5,2,15,17,13,4,2,7,9,23,G
1629605,2020-21,0,1610612738,BOS,25.0,19,0,136.0,21,29,0.724,0,0,0.0,5,15,0.333,16,36,52,3,1,20,6,22,47,C
202324,2020-21,0,1610612762,UTA,29.0,68,0,1039.0,155,243,0.638,0,2,0.0,59,80,0.738,138,238,376,44,32,68,36,143,369,F
1626245,2020-21,0,1610612741,CHI,28.0,18,0,84.0,7,13,0.538,0,2,0.0,9,16,0.563,10,16,26,9,4,0,4,10,23,F
1628390,2020-21,0,1610612755,PHI,23.0,13,0,49.0,1,7,0.143,0,5,0.0,0,0,0.0,0,1,1,2,1,0,4,7,2,G
1628981,2020-21,0,1610612737,ATL,22.0,33,0,226.0,18,44,0.409,0,2,0.0,15,22,0.682,16,62,78,10,4,3,21,23,51,F
1627812,2020-21,0,1610612739,CLE,28.0,2,0,41.0,8,21,0.381,3,9,0.333,0,2,0.0,3,4,7,5,3,1,3,4,19,G
1627812,2020-21,0,1610612746,LAC,28.0,8,0,96.0,12,36,0.333,6,19,0.316,7,7,1.0,2,10,12,17,4,2,0,7,37,G
1627812,2020-21,0,0,TOT,28.0,10,0,137.0,20,57,0.351,9,28,0.321,7,9,0.778,5,14,19,22,7,3,3,11,56,G
1627827,2020-21,0,1610612742,DAL,28.0,60,60,1921.0,220,466,0.472,119,302,0.394,31,41,0.756,98,228,326,102,52,25,48,138,590,F
1627854,2020-21,0,1610612749,MIL,27.0,70,10,1354.0,250,529,0.473,154,341,0.452,47,61,0.77,11,101,112,45,24,1,44,77,701,G
203095,2020-21,0,1610612753,ORL,28.0,26,26,787.0,170,369,0.461,73,188,0.388,98,123,0.797,5,70,75,95,27,9,54,55,511,G
203095,2020-21,0,1610612738,BOS,28.0,16,10,472.0,77,172,0.448,44,95,0.463,10,14,0.714,5,48,53,49,20,10,19,41,208,G
203095,2020-21,0,0,TOT,28.0,42,36,1259.0,247,541,0.457,117,283,0.413,108,137,0.788,10,118,128,144,47,19,73,96,719,G
1628368,2020-21,0,1610612758,SAC,23.0,58,58,2036.0,529,1110,0.477,103,320,0.322,300,417,0.719,33,170,203,417,87,27,174,170,1461,G
204025,2020-21,0,1610612763,MEM,30.0,5,0,62.0,3,20,0.15,0,8,0.0,2,6,0.333,0,8,8,16,2,1,4,7,8,G
1628365,2020-21,0,1610612753,ORL,23.0,8,8,215.0,41,104,0.394,4,16,0.25,17,19,0.895,5,20,25,43,8,2,18,18,103,G
1629117,2020-21,0,1610612740,NOP,24.0,21,0,241.0,24,60,0.4,13,32,0.406,11,17,0.647,20,34,54,11,9,8,15,32,72,F
1629655,2020-21,0,1610612741,CHI,22.0,31,11,383.0,60,87,0.69,0,0,0.0,27,41,0.659,44,59,103,17,11,34,22,54,147,F
1629655,2020-21,0,1610612764,WAS,22.0,23,0,408.0,94,138,0.681,0,0,0.0,45,67,0.672,50,78,128,12,15,41,19,44,233,F
1629655,2020-21,0,0,TOT,22.0,54,11,791.0,154,225,0.684,0,0,0.0,72,108,0.667,94,137,231,29,26,75,41,98,380,F
201568,2020-21,0,1610612737,ATL,32.0,51,4,1222.0,206,475,0.434,103,254,0.406,161,174,0.925,17,194,211,76,30,10,43,105,676,F
204038,2020-21,0,1610612756,PHX,29.0,40,0,438.0,66,147,0.449,36,85,0.424,22,23,0.957,7,35,42,26,8,0,13,25,190,G
1629636,2020-21,0,1610612739,CLE,21.0,54,50,1790.0,362,802,0.451,105,266,0.395,112,132,0.848,23,106,129,329,66,6,164,110,941,G
201188,2020-21,0,1610612747,LAL,36.0,52,42,993.0,88,194,0.454,50,122,0.41,36,50,0.72,38,177,215,109,26,58,53,115,262,C
200752,2020-21,0,1610612759,SAS,34.0,63,1,1358.0,264,628,0.42,106,278,0.381,82,102,0.804,42,261,303,88,45,40,65,115,716,F
202331,2020-21,0,1610612746,LAC,31.0,54,54,1821.0,445,953,0.467,171,416,0.411,198,228,0.868,45,314,359,280,62,24,179,132,1259,F
201959,2020-21,0,1610612752,NYK,36.0,45,3,936.0,99,158,0.627,3,15,0.2,40,55,0.727,99,151,250,36,31,49,22,99,241,F
1628385,2020-21,0,1610612757,POR,23.0,38,0,348.0,42,97,0.433,8,23,0.348,16,27,0.593,31,102,133,29,8,13,20,54,108,F
1628983,2020-21,0,1610612760,OKC,22.0,35,35,1180.0,287,565,0.508,71,170,0.418,185,229,0.808,19,147,166,207,27,23,106,70,830,G
203497,2020-21,0,1610612762,UTA,29.0,71,71,2187.0,391,579,0.675,0,4,0.0,233,374,0.623,240,720,960,89,40,190,118,163,1015,C
1629164,2020-21,0,1610612737,ATL,25.0,47,5,620.0,84,223,0.377,32,103,0.311,28,43,0.651,8,61,69,95,17,0,36,41,228,G
203932,2020-21,0,1610612753,ORL,25.0,25,25,736.0,128,293,0.437,42,112,0.375,66,105,0.629,39,127,166,105,16,20,67,49,364,F
203932,2020-21,0,1610612743,DEN,25.0,25,25,648.0,103,206,0.5,17,64,0.266,31,44,0.705,38,80,118,56,17,14,30,40,254,F
203932,2020-21,0,0,TOT,25.0,50,50,1384.0,231,499,0.463,59,176,0.335,97,149,0.651,77,207,284,161,33,34,97,89,618,F
201569,2020-21,0,1610612745,HOU,32.0,27,13,789.0,159,367,0.433,69,210,0.329,94,114,0.825,8,50,58,71,14,13,51,44,481,G
1628984,2020-21,0,1610612766,CHA,26.0,55,44,1659.0,252,669,0.377,179,477,0.375,133,158,0.842,22,126,148,295,48,6,84,77,816,G
203924,2020-21,0,1610612765,DET,27.0,54,54,1829.0,400,932,0.429,115,329,0.35,290,343,0.845,35,215,250,152,35,58,109,125,1205,F
201980,2020-21,0,1610612755,PHI,34.0,69,69,1934.0,224,544,0.412,175,432,0.405,31,40,0.775,55,205,260,118,92,56,67,125,654,G
203110,2020-21,0,1610612744,GSW,31.0,63,63,1982.0,170,380,0.447,34,126,0.27,70,88,0.795,55,393,448,558,105,52,188,194,444,F
203210,2020-21,0,1610612743,DEN,31.0,58,5,1120.0,173,374,0.463,79,198,0.399,46,57,0.807,85,192,277,53,26,22,53,144,471,F
1629750,2020-21,0,1610612738,BOS,27.0,25,2,345.0,39,71,0.549,7,22,0.318,20,30,0.667,20,32,52,11,18,2,13,32,105,G
1629750,2020-21,0,1610612741,CHI,27.0,16,0,128.0,14,31,0.452,3,8,0.375,10,10,1.0,6,13,19,6,10,4,6,13,41,G
1629750,2020-21,0,0,TOT,27.0,41,2,474.0,53,102,0.52,10,30,0.333,30,40,0.75,26,45,71,17,28,6,19,45,146,G
201145,2020-21,0,1610612751,BKN,34.0,68,38,1835.0,261,530,0.492,103,250,0.412,125,161,0.776,34,229,263,108,36,27,54,122,750,F
201933,2020-21,0,1610612765,DET,32.0,20,20,626.0,81,222,0.365,39,124,0.315,44,62,0.71,7,97,104,77,14,2,32,42,245,F
201933,2020-21,0,1610612751,BKN,32.0,26,10,560.0,93,189,0.492,31,81,0.383,43,55,0.782,28,93,121,63,18,13,30,69,260,F
201933,2020-21,0,0,TOT,32.0,46,30,1187.0,174,411,0.423,70,205,0.341,87,117,0.744,35,190,225,140,32,15,62,111,505,F
1629657,2020-21,0,1610612758,SAC,23.0,31,0,235.0,29,88,0.33,13,46,0.283,16,20,0.8,5,30,35,32,6,0,11,20,87,G
1629060,2020-21,0,1610612764,WAS,23.0,57,57,1797.0,310,648,0.478,45,137,0.328,124,161,0.77,49,263,312,82,44,7,68,120,789,F
203501,2020-21,0,1610612742,DAL,29.0,70,31,1985.0,407,911,0.447,207,529,0.391,142,174,0.816,20,209,229,126,31,11,64,111,1163,G
201935,2020-21,0,1610612745,HOU,31.0,8,8,290.0,60,135,0.444,25,72,0.347,53,60,0.883,5,36,41,83,7,6,34,14,198,G
201935,2020-21,0,1610612751,BKN,31.0,36,35,1319.0,282,599,0.471,96,262,0.366,225,263,0.856,30,277,307,392,46,27,143,85,885,G
201935,2020-21,0,0,TOT,31.0,44,43,1609.0,342,734,0.466,121,334,0.362,278,323,0.861,35,313,348,475,53,33,177,99,1083,G
203090,2020-21,0,1610612748,MIA,28.0,11,3,124.0,5,13,0.385,5,11,0.455,0,2,0.0,2,11,13,7,2,4,3,14,15,F
203090,2020-21,0,1610612758,SAC,28.0,26,20,648.0,64,152,0.421,18,73,0.247,33,41,0.805,11,65,76,37,28,16,19,72,179,F
203090,2020-21,0,0,TOT,28.0,37,23,772.0,69,165,0.418,23,84,0.274,33,43,0.767,13,76,89,44,30,20,22,86,194,F
1629607,2020-21,0,1610612752,NYK,23.0,8,0,16.0,0,4,0.0,0,1,0.0,3,4,0.75,0,2,2,1,0,0,3,1,3,G
1626149,2020-21,0,1610612747,LAL,27.0,69,1,1580.0,375,603,0.622,0,10,0.0,181,256,0.707,158,270,428,73,46,49,74,128,931,F
203914,2020-21,0,1610612743,DEN,26.0,19,19,581.0,69,156,0.442,24,75,0.32,22,30,0.733,13,34,47,32,17,4,14,37,184,G
203914,2020-21,0,1610612753,ORL,26.0,20,19,499.0,69,189,0.365,24,66,0.364,42,48,0.875,8,24,32,46,11,7,23,34,204,G
203914,2020-21,0,0,TOT,26.0,39,38,1080.0,138,345,0.4,48,141,0.34,64,78,0.821,21,58,79,78,28,11,37,71,388,G
203925,2020-21,0,1610612751,BKN,29.0,69,65,2142.0,357,707,0.505,211,444,0.475,49,63,0.778,43,205,248,130,46,14,62,141,974,G
202699,2020-21,0,1610612755,PHI,28.0,62,62,2014.0,473,924,0.512,82,208,0.394,182,204,0.892,62,357,419,220,55,51,107,119,1210,F
1627885,2020-21,0,1610612762,UTA,27.0,17,0,56.0,6,20,0.3,0,2,0.0,5,6,0.833,3,6,9,9,2,0,5,3,17,G
1627885,2020-21,0,1610612743,DEN,27.0,17,0,277.0,20,58,0.345,3,14,0.214,13,16,0.813,4,35,39,16,15,5,6,30,56,G
1627885,2020-21,0,0,TOT,27.0,34,0,332.0,26,78,0.333,3,16,0.188,18,22,0.818,7,41,48,25,17,5,11,33,73,G
1628404,2020-21,0,1610612740,NOP,26.0,47,4,1350.0,151,344,0.439,63,193,0.326,69,89,0.775,53,324,377,109,38,12,49,111,434,G
1628392,2020-21,0,1610612743,DEN,23.0,30,0,272.0,41,80,0.513,0,0,0.0,22,36,0.611,40,45,85,15,11,20,21,59,104,C
1628392,2020-21,0,1610612739,CLE,23.0,16,2,287.0,53,91,0.582,2,6,0.333,24,35,0.686,25,71,96,40,8,19,23,45,132,C
1628392,2020-21,0,0,TOT,23.0,46,2,559.0,94,171,0.55,2,6,0.333,46,71,0.648,65,116,181,55,19,39,44,104,236,C
2617,2020-21,0,1610612748,MIA,41.0,1,0,3.0,2,2,1.0,0,0,0.0,0,0,0.0,0,1,1,0,0,0,0,0,4,F
1629637,2020-21,0,1610612740,NOP,21.0,60,3,964.0,175,280,0.625,6,14,0.429,93,120,0.775,92,165,257,35,25,38,39,101,449,C
202330,2020-21,0,1610612766,CHA,31.0,44,44,1496.0,311,658,0.473,85,205,0.415,156,185,0.843,37,221,258,181,52,14,91,74,863,F
1627823,2020-21,0,1610612750,MIN,25.0,52,6,900.0,130,299,0.435,55,168,0.327,60,97,0.619,45,160,205,35,19,7,27,52,375,F
1626195,2020-21,0,1610612740,NOP,27.0,47,12,846.0,151,268,0.563,1,10,0.1,62,93,0.667,117,217,334,50,22,23,34,68,365,C
1629639,2020-21,0,1610612748,MIA,21.0,54,15,1635.0,307,699,0.439,107,297,0.36,94,117,0.803,25,243,268,184,35,17,101,71,815,G
1627741,2020-21,0,1610612758,SAC,28.0,71,71,2433.0,403,992,0.406,282,721,0.391,88,104,0.846,29,305,334,257,63,30,130,175,1176,G
201588,2020-21,0,1610612760,OKC,35.0,14,14,369.0,61,120,0.508,22,57,0.386,21,25,0.84,8,21,29,43,12,2,12,12,165,G
201588,2020-21,0,1610612755,PHI,35.0,16,3,303.0,34,77,0.442,9,23,0.391,19,25,0.76,8,24,32,30,11,3,19,19,96,G
201588,2020-21,0,0,TOT,35.0,30,17,672.0,95,197,0.482,31,80,0.388,40,50,0.8,16,45,61,73,23,5,31,31,261,G
203524,2020-21,0,1610612737,ATL,30.0,71,16,1514.0,107,298,0.359,68,212,0.321,35,46,0.761,42,172,214,75,50,11,42,116,317,F
1629658,2020-21,0,1610612760,OKC,22.0,19,0,320.0,44,88,0.5,0,11,0.0,28,41,0.683,21,44,65,24,13,5,17,19,116,F
1628988,2020-21,0,1610612754,IND,24.0,66,8,1176.0,170,436,0.39,67,182,0.368,68,83,0.819,15,74,89,123,46,13,66,94,475,G
201950,2020-21,0,1610612749,MIL,31.0,59,56,1907.0,414,823,0.503,111,283,0.392,107,136,0.787,73,195,268,357,96,37,127,98,1046,G
203200,2020-21,0,1610612754,IND,32.0,72,52,2183.0,258,625,0.413,173,453,0.382,67,85,0.788,32,224,256,119,74,41,54,135,756,F
1626178,2020-21,0,1610612757,POR,26.0,11,1,107.0,9,18,0.5,0,1,0.0,9,16,0.563,11,15,26,13,2,4,2,15,27,F
1626158,2020-21,0,1610612758,SAC,27.0,61,61,1781.0,366,575,0.637,2,11,0.182,135,170,0.794,144,360,504,101,39,96,75,213,869,F
203918,2020-21,0,1610612757,POR,28.0,38,5,726.0,73,201,0.363,25,84,0.298,9,12,0.75,18,55,73,47,20,4,31,59,180,G
203918,2020-21,0,1610612761,TOR,28.0,17,0,216.0,21,59,0.356,9,29,0.31,15,16,0.938,5,25,30,6,4,3,5,15,66,G
203918,2020-21,0,0,TOT,28.0,55,5,943.0,94,260,0.362,34,113,0.301,24,28,0.857,23,80,103,53,24,7,36,74,246,G
201143,2020-21,0,1610612760,OKC,35.0,28,28,782.0,162,360,0.45,56,152,0.368,18,22,0.818,29,159,188,94,25,26,29,48,398,C
1629659,2020-21,0,1610612747,LAL,20.0,65,4,1304.0,224,489,0.458,37,131,0.282,100,129,0.775,25,144,169,181,63,21,105,127,585,G
1627863,2020-21,0,1610612745,HOU,28.0,36,23,932.0,110,272,0.404,54,156,0.346,41,63,0.651,18,114,132,69,20,16,36,67,315,F
2730,2020-21,0,1610612755,PHI,35.0,69,6,1196.0,178,303,0.587,5,20,0.25,121,210,0.576,190,390,580,61,30,62,112,200,482,C
1628989,2020-21,0,1610612737,ATL,22.0,69,49,2126.0,316,731,0.432,140,386,0.363,50,64,0.781,38,193,231,241,82,18,79,165,822,G
1629631,2020-21,0,1610612737,ATL,23.0,23,19,678.0,120,248,0.484,31,95,0.326,73,85,0.859,17,93,110,44,19,12,29,59,344,F
1628990,2020-21,0,1610612741,CHI,25.0,7,0,64.0,5,18,0.278,1,3,0.333,2,2,1.0,1,19,20,4,1,0,5,9,13,F
1628990,2020-21,0,1610612764,WAS,25.0,18,1,282.0,34,85,0.4,7,19,0.368,19,23,0.826,5,53,58,13,11,5,15,24,94,F
1628990,2020-21,0,0,TOT,25.0,25,1,346.0,39,103,0.379,8,22,0.364,21,25,0.84,6,72,78,17,12,5,20,33,107,F
201586,2020-21,0,1610612746,LAC,31.0,41,39,955.0,186,365,0.51,39,115,0.339,43,53,0.811,73,202,275,74,9,47,44,76,454,F
2738,2020-21,0,1610612748,MIA,37.0,63,5,1339.0,95,248,0.383,60,182,0.33,25,38,0.658,38,183,221,142,57,35,67,90,275,G
101141,2020-21,0,1610612762,UTA,34.0,17,1,148.0,21,54,0.389,18,41,0.439,5,5,1.0,7,22,29,4,10,3,8,29,65,F
204060,2020-21,0,1610612762,UTA,33.0,67,30,1867.0,275,562,0.489,183,406,0.451,76,90,0.844,27,217,244,318,45,12,117,120,809,F
1627742,2020-21,0,1610612740,NOP,23.0,61,61,2092.0,513,1101,0.466,143,375,0.381,281,320,0.878,34,265,299,296,42,36,154,124,1450,F
202681,2020-21,0,1610612751,BKN,29.0,54,54,1886.0,549,1086,0.506,152,378,0.402,201,218,0.922,52,205,257,324,76,37,130,140,1451,G
1628411,2020-21,0,1610612742,DAL,26.0,23,3,288.0,17,52,0.327,3,23,0.13,12,14,0.857,6,38,44,10,9,3,6,26,49,F
1628411,2020-21,0,1610612740,NOP,26.0,18,1,251.0,17,50,0.34,2,18,0.111,14,17,0.824,9,37,46,8,6,1,13,23,50,F
1628411,2020-21,0,0,TOT,26.0,41,4,539.0,34,102,0.333,5,41,0.122,26,31,0.839,15,75,90,18,15,4,19,49,99,F
1628402,2020-21,0,1610612765,DET,23.0,40,6,738.0,134,293,0.457,61,150,0.407,61,75,0.813,15,71,86,36,15,1,34,53,390,G
1628367,2020-21,0,1610612765,DET,24.0,62,25,1560.0,296,707,0.419,77,257,0.3,159,218,0.729,57,197,254,143,53,47,142,178,828,G
1628382,2020-21,0,1610612760,OKC,26.0,33,3,544.0,86,212,0.406,34,111,0.306,30,35,0.857,14,57,71,51,15,2,31,31,236,F
1628382,2020-21,0,1610612749,MIL,26.0,1,0,33.0,3,9,0.333,2,6,0.333,1,2,0.5,2,4,6,1,0,0,1,1,9,F
1628382,2020-21,0,0,TOT,26.0,34,3,577.0,89,221,0.403,36,117,0.308,31,37,0.838,16,61,77,52,15,2,32,32,245,F
202704,2020-21,0,1610612746,LAC,31.0,67,43,1544.0,263,585,0.45,122,282,0.433,67,82,0.817,24,168,192,205,41,7,74,127,715,G
1628991,2020-21,0,1610612763,MEM,21.0,11,4,258.0,53,125,0.424,17,60,0.283,35,42,0.833,17,45,62,12,12,18,15,42,158,F
1629713,2020-21,0,1610612758,SAC,24.0,36,0,310.0,52,111,0.468,14,38,0.368,21,36,0.583,9,21,30,22,8,3,15,23,139,G
2544,2020-21,0,1610612747,LAL,36.0,45,45,1504.0,422,823,0.513,104,285,0.365,178,255,0.698,29,317,346,350,48,25,168,70,1126,F
1629610,2020-21,0,1610612758,SAC,23.0,18,2,232.0,24,57,0.421,9,28,0.321,6,7,0.857,9,20,29,6,7,4,8,23,63,G
1629610,2020-21,0,1610612745,HOU,23.0,13,3,261.0,26,63,0.413,11,39,0.282,1,1,1.0,10,32,42,16,8,6,6,25,64,G
1629610,2020-21,0,0,TOT,23.0,31,5,493.0,50,120,0.417,20,67,0.299,7,8,0.875,19,52,71,22,15,10,14,48,127,G
1629660,2020-21,0,1610612760,OKC,23.0,33,1,788.0,128,287,0.446,71,168,0.423,26,34,0.765,10,81,91,120,20,6,47,61,353,G
1628993,2020-21,0,1610612751,BKN,25.0,18,0,189.0,40,68,0.588,1,6,0.167,13,13,1.0,27,63,90,14,5,5,9,16,94,F
1629661,2020-21,0,1610612756,PHX,25.0,60,11,1437.0,203,483,0.42,117,335,0.349,50,59,0.847,33,166,199,86,37,16,40,85,573,F
201949,2020-21,0,1610612742,DAL,34.0,29,1,504.0,67,145,0.462,15,60,0.25,17,29,0.586,14,72,86,50,24,23,27,59,166,F
201949,2020-21,0,1610612740,NOP,34.0,22,11,539.0,79,182,0.434,16,60,0.267,28,47,0.596,18,73,91,48,18,19,28,61,202,F
201949,2020-21,0,0,TOT,34.0,51,12,1043.0,146,327,0.446,31,120,0.258,45,76,0.592,32,145,177,98,42,42,55,120,368,F
1629640,2020-21,0,1610612759,SAS,21.0,69,67,1968.0,338,705,0.479,60,181,0.331,145,196,0.74,93,319,412,121,40,24,78,142,881,F
1626169,2020-21,0,1610612761,TOR,25.0,61,13,1006.0,89,233,0.382,45,137,0.328,44,55,0.8,29,124,153,89,52,18,54,116,267,F
204020,2020-21,0,1610612751,BKN,29.0,39,3,684.0,72,183,0.393,48,132,0.364,18,21,0.857,6,71,77,47,14,0,17,43,210,G
203999,2020-21,0,1610612743,DEN,26.0,72,72,2488.0,732,1293,0.566,92,237,0.388,342,394,0.868,205,575,780,599,95,48,222,192,1898,C
1627745,2020-21,0,1610612756,PHX,26.0,14,0,94.0,8,16,0.5,0,1,0.0,6,11,0.545,7,11,18,4,1,5,6,19,22,C
1627745,2020-21,0,1610612747,LAL,26.0,8,6,112.0,16,17,0.941,0,0,0.0,11,12,0.917,8,18,26,1,1,7,5,22,43,C
1627745,2020-21,0,1610612758,SAC,26.0,17,4,341.0,46,70,0.657,1,4,0.25,25,35,0.714,21,56,77,24,9,17,15,36,118,C
1627745,2020-21,0,0,TOT,26.0,39,10,546.0,70,103,0.68,1,5,0.2,42,58,0.724,36,85,121,29,11,29,26,77,183,C
1626145,2020-21,0,1610612763,MEM,25.0,70,9,1223.0,178,413,0.431,45,140,0.321,41,45,0.911,21,119,140,259,64,6,48,31,442,G
1627884,2020-21,0,1610612757,POR,24.0,58,43,1318.0,147,304,0.484,43,136,0.316,59,91,0.648,77,128,205,47,37,54,32,127,396,F
201599,2020-21,0,1610612751,BKN,32.0,57,43,1246.0,190,249,0.763,0,1,0.0,46,92,0.5,117,310,427,93,17,65,85,116,426,C
202709,2020-21,0,1610612758,SAC,29.0,44,2,944.0,111,250,0.444,31,94,0.33,36,47,0.766,25,74,99,108,39,9,44,98,289,G
202709,2020-21,0,1610612765,DET,29.0,19,11,502.0,89,176,0.506,14,38,0.368,36,41,0.878,10,50,60,105,22,9,35,41,228,G
202709,2020-21,0,0,TOT,29.0,63,13,1446.0,200,426,0.469,45,132,0.341,72,88,0.818,35,124,159,213,61,18,79,139,517,G
1629662,2020-21,0,1610612746,LAC,23.0,23,0,94.0,9,32,0.281,4,18,0.222,5,6,0.833,1,13,14,5,2,3,6,18,27,F
1629662,2020-21,0,1610612739,CLE,23.0,16,0,186.0,24,57,0.421,9,32,0.281,11,14,0.786,11,35,46,12,6,10,9,18,68,F
1629662,2020-21,0,0,TOT,23.0,39,0,280.0,33,89,0.371,13,50,0.26,16,20,0.8,12,48,60,17,8,13,15,36,95,F
1626163,2020-21,0,1610612756,PHX,28.0,47,13,715.0,121,257,0.471,31,85,0.365,37,60,0.617,36,152,188,79,14,17,22,70,310,F
202683,2020-21,0,1610612757,POR,29.0,72,35,1757.0,339,561,0.604,1,4,0.25,127,164,0.774,284,511,795,84,33,48,78,168,806,C
1628379,2020-21,0,1610612746,LAC,25.0,63,17,1232.0,197,414,0.476,100,224,0.446,26,31,0.839,15,146,161,104,23,9,48,91,520,G
1629663,2020-21,0,1610612758,SAC,22.0,6,1,85.0,17,34,0.5,4,11,0.364,6,6,1.0,5,13,18,9,7,3,4,9,44,F
1628467,2020-21,0,1610612742,DAL,29.0,50,40,1341.0,116,275,0.422,87,212,0.41,34,37,0.919,47,213,260,68,24,35,30,105,353,F
1628995,2020-21,0,1610612752,NYK,21.0,42,0,464.0,56,143,0.392,35,89,0.393,16,20,0.8,10,51,61,19,12,6,17,37,163,F
1629723,2020-21,0,1610612763,MEM,25.0,43,0,575.0,69,138,0.5,21,56,0.375,25,30,0.833,35,93,128,47,30,9,18,40,184,G
1627788,2020-21,0,1610612755,PHI,23.0,55,11,1062.0,170,424,0.401,101,269,0.375,60,82,0.732,17,96,113,82,49,9,46,64,501,G
1628436,2020-21,0,1610612741,CHI,25.0,13,0,94.0,9,27,0.333,6,23,0.261,2,4,0.5,1,14,15,4,2,7,1,1,26,F
1628436,2020-21,0,1610612738,BOS,25.0,18,2,254.0,35,74,0.473,9,36,0.25,1,2,0.5,13,39,52,20,2,25,6,19,80,F
1628436,2020-21,0,0,TOT,25.0,31,2,347.0,44,101,0.436,15,59,0.254,3,6,0.5,14,53,67,24,4,32,7,20,106,F
1629066,2020-21,0,1610612751,BKN,23.0,5,0,16.0,1,3,0.333,1,2,0.5,0,0,0.0,0,3,3,2,0,0,0,1,3,F
1629066,2020-21,0,1610612745,HOU,23.0,11,0,75.0,5,21,0.238,2,15,0.133,1,2,0.5,2,9,11,4,6,4,9,7,13,F
1629066,2020-21,0,1610612749,MIL,23.0,5,0,34.0,5,8,0.625,3,4,0.75,2,2,1.0,3,6,9,4,3,0,4,8,15,F
1629066,2020-21,0,0,TOT,23.0,21,0,125.0,11,32,0.344,6,21,0.286,3,4,0.75,5,18,23,10,9,4,13,16,31,F
1628398,2020-21,0,1610612747,LAL,25.0,68,32,1954.0,335,757,0.443,137,380,0.361,67,97,0.691,108,309,417,127,35,41,113,121,874,F
203897,2020-21,0,1610612741,CHI,26.0,58,58,2034.0,569,1123,0.507,200,477,0.419,253,298,0.849,36,253,289,282,46,27,203,138,1591,G
203087,2020-21,0,1610612754,IND,29.0,36,8,765.0,120,276,0.435,52,128,0.406,71,75,0.947,25,106,131,53,34,23,22,72,363,G
1629641,2020-21,0,1610612738,BOS,21.0,18,4,283.0,21,59,0.356,5,18,0.278,9,12,0.75,12,23,35,13,6,5,10,24,56,G
1627774,2020-21,0,1610612750,MIN,27.0,45,11,627.0,91,184,0.495,23,78,0.295,26,37,0.703,13,54,67,28,29,19,26,44,231,F
1627747,2020-21,0,1610612751,BKN,26.0,12,4,334.0,87,200,0.435,22,63,0.349,26,34,0.765,10,42,52,72,13,6,26,20,222,G
1627747,2020-21,0,1610612754,IND,26.0,35,35,1152.0,272,614,0.443,62,195,0.318,120,146,0.822,23,139,162,173,53,24,76,85,726,G
1627747,2020-21,0,0,TOT,26.0,47,39,1485.0,359,814,0.441,84,258,0.326,146,180,0.811,33,181,214,245,66,30,102,105,948,G
1628388,2020-21,0,1610612757,POR,24.0,7,0,35.0,5,10,0.5,0,0,0.0,2,2,1.0,0,5,5,1,2,1,2,1,12,F
1629665,2020-21,0,1610612754,IND,21.0,4,0,12.0,1,9,0.111,0,1,0.0,3,3,1.0,2,3,5,2,0,0,0,0,5,G
1627814,2020-21,0,1610612744,GSW,28.0,57,1,1079.0,128,274,0.467,77,194,0.397,40,44,0.909,22,158,180,73,38,8,30,89,373,G
203458,2020-21,0,1610612761,TOR,28.0,7,2,76.0,5,10,0.5,3,6,0.5,3,6,0.5,0,11,11,3,1,6,8,10,16,C
203458,2020-21,0,1610612764,WAS,28.0,57,40,903.0,166,268,0.619,5,19,0.263,70,110,0.636,78,171,249,46,19,58,47,117,407,C
203458,2020-21,0,0,TOT,28.0,64,42,979.0,171,278,0.615,8,25,0.32,73,116,0.629,78,182,260,49,20,64,55,127,423,C
202695,2020-21,0,1610612746,LAC,30.0,52,52,1772.0,465,908,0.512,101,254,0.398,261,295,0.885,55,282,337,269,81,21,105,82,1292,F
203086,2020-21,0,1610612748,MIA,29.0,3,2,29.0,3,7,0.429,3,7,0.429,1,2,0.5,0,7,7,2,0,0,2,5,10,F
203081,2020-21,0,1610612757,POR,30.0,67,67,2398.0,602,1334,0.451,275,704,0.391,449,484,0.928,32,251,283,505,62,17,203,102,1928,G
1629642,2020-21,0,1610612757,POR,21.0,48,2,640.0,78,167,0.467,28,80,0.35,36,45,0.8,32,96,128,23,5,13,18,51,220,F
1626172,2020-21,0,1610612744,GSW,25.0,61,34,1161.0,108,197,0.548,4,17,0.235,31,48,0.646,117,205,322,119,21,22,37,136,251,F
201572,2020-21,0,1610612749,MIL,33.0,70,70,1902.0,322,640,0.503,95,281,0.338,120,142,0.845,104,243,347,50,40,103,64,149,859,C
201577,2020-21,0,1610612764,WAS,33.0,71,9,1354.0,269,425,0.633,5,18,0.278,99,137,0.723,141,131,272,55,15,44,75,109,642,C
201567,2020-21,0,1610612739,CLE,32.0,25,25,622.0,103,252,0.409,57,156,0.365,42,51,0.824,17,169,186,63,16,2,38,26,305,F
200768,2020-21,0,1610612761,TOR,35.0,46,46,1602.0,260,596,0.436,131,331,0.396,140,160,0.875,35,212,247,338,45,14,126,143,791,G
1627789,2020-21,0,1610612751,BKN,26.0,58,7,1050.0,130,356,0.365,75,239,0.314,35,43,0.814,28,101,129,69,33,6,43,99,370,G
1626168,2020-21,0,1610612759,SAS,25.0,23,9,358.0,43,90,0.478,14,40,0.35,15,23,0.652,9,77,86,14,6,1,6,13,115,F
1627748,2020-21,0,1610612739,CLE,24.0,8,0,76.0,10,18,0.556,0,2,0.0,10,11,0.909,8,10,18,4,2,4,3,7,30,F
1629611,2020-21,0,1610612746,LAC,24.0,67,10,1263.0,178,350,0.509,38,91,0.418,78,94,0.83,56,186,242,104,29,13,40,126,472,G
1626246,2020-21,0,1610612742,DAL,32.0,33,3,271.0,62,122,0.508,1,8,0.125,31,38,0.816,47,81,128,10,2,6,12,29,156,C
1628374,2020-21,0,1610612741,CHI,24.0,51,26,1317.0,250,521,0.48,119,296,0.402,76,92,0.826,35,233,268,45,26,15,52,75,695,F
1628997,2020-21,0,1610612766,CHA,25.0,53,3,818.0,96,256,0.375,31,125,0.248,41,64,0.641,31,110,141,67,37,12,33,62,264,F
1628998,2020-21,0,1610612766,CHA,25.0,52,10,849.0,83,188,0.441,16,58,0.276,25,43,0.581,52,109,161,86,37,12,40,52,207,F
1629725,2020-21,0,1610612739,CLE,25.0,9,0,75.0,9,33,0.273,3,12,0.25,1,5,0.2,2,5,7,4,5,2,6,1,22,G
1629103,2020-21,0,1610612754,IND,25.0,35,0,323.0,62,138,0.449,24,60,0.4,9,10,0.9,18,60,78,17,10,10,16,35,157,F
1628412,2020-21,0,1610612753,ORL,27.0,4,1,79.0,9,24,0.375,2,5,0.4,5,7,0.714,3,9,12,12,0,0,5,7,25,G
1629726,2020-21,0,1610612764,WAS,24.0,64,24,1038.0,97,237,0.409,76,198,0.384,84,95,0.884,16,71,87,26,29,7,10,106,354,G
202083,2020-21,0,1610612747,LAL,34.0,58,10,1130.0,89,252,0.353,66,197,0.335,35,41,0.854,20,73,93,54,38,17,26,80,279,G
1627775,2020-21,0,1610612761,TOR,25.0,5,0,33.0,1,1,1.0,0,0,0.0,3,3,1.0,1,2,3,4,2,0,0,6,5,G
203468,2020-21,0,1610612757,POR,29.0,47,47,1600.0,405,884,0.458,169,420,0.402,108,133,0.812,30,155,185,223,44,21,65,87,1087,G
204456,2020-21,0,1610612754,IND,29.0,69,3,1796.0,274,490,0.559,15,48,0.313,33,48,0.688,55,201,256,456,128,23,135,113,596,G
1629667,2020-21,0,1610612766,CHA,23.0,47,18,904.0,133,284,0.468,35,105,0.333,45,64,0.703,45,124,169,53,28,19,45,95,346,F
203926,2020-21,0,1610612754,IND,29.0,66,29,1619.0,354,665,0.532,111,286,0.388,80,98,0.816,60,161,221,85,20,6,53,117,899,F
201580,2020-21,0,1610612739,CLE,33.0,33,1,503.0,112,215,0.521,5,20,0.25,36,55,0.655,54,116,170,33,16,40,45,80,265,C
201580,2020-21,0,1610612743,DEN,33.0,13,1,175.0,32,67,0.478,0,4,0.0,8,12,0.667,23,46,69,6,3,14,15,41,72,C
201580,2020-21,0,0,TOT,33.0,46,2,678.0,144,282,0.511,5,24,0.208,44,67,0.657,77,162,239,39,19,54,60,121,337,C
203585,2020-21,0,1610612765,DET,29.0,16,2,194.0,37,70,0.529,11,24,0.458,6,8,0.75,8,14,22,16,8,1,7,12,91,G
1628035,2020-21,0,1610612747,LAL,28.0,39,0,258.0,48,93,0.516,16,39,0.41,10,18,0.556,22,32,54,6,7,0,5,26,122,F
1629162,2020-21,0,1610612750,MIN,25.0,51,2,938.0,100,242,0.413,33,92,0.359,23,30,0.767,21,87,108,193,51,6,51,44,256,G
203463,2020-21,0,1610612745,HOU,28.0,32,4,537.0,80,224,0.357,55,166,0.331,23,32,0.719,11,55,66,28,20,3,28,51,238,G
203463,2020-21,0,1610612747,LAL,28.0,21,1,368.0,55,141,0.39,42,114,0.368,16,21,0.762,4,30,34,11,3,6,14,37,168,G
203463,2020-21,0,0,TOT,28.0,53,5,905.0,135,365,0.37,97,280,0.346,39,53,0.736,15,85,100,39,23,9,42,88,406,G
1629740,2020-21,0,1610612740,NOP,30.0,22,0,241.0,15,59,0.254,7,37,0.189,6,7,0.857,12,45,57,25,9,1,7,28,43,F
1629740,2020-21,0,1610612742,DAL,30.0,23,4,325.0,31,82,0.378,16,48,0.333,13,18,0.722,17,48,65,19,5,2,5,30,91,F
1629740,2020-21,0,0,TOT,30.0,45,4,566.0,46,141,0.326,23,85,0.271,19,25,0.76,29,93,122,44,14,3,12,58,134,F
1629001,2020-21,0,1610612763,MEM,23.0,52,1,1045.0,172,393,0.438,87,211,0.412,41,51,0.804,30,131,161,132,60,31,66,85,472,G
1629002,2020-21,0,1610612758,SAC,24.0,36,6,488.0,91,179,0.508,13,37,0.351,31,43,0.721,31,81,112,28,14,18,29,59,226,F
203114,2020-21,0,1610612749,MIL,29.0,68,68,2269.0,511,1074,0.476,151,365,0.414,212,236,0.898,54,352,406,370,74,9,178,160,1385,F
203121,2020-21,0,1610612760,OKC,31.0,18,0,197.0,22,48,0.458,17,42,0.405,12,12,1.0,2,22,24,21,13,5,8,13,73,F
201988,2020-21,0,1610612759,SAS,32.0,68,1,1685.0,252,611,0.412,161,429,0.375,71,78,0.91,18,98,116,162,42,3,66,81,736,G
200794,2020-21,0,1610612743,DEN,36.0,56,36,1162.0,191,401,0.476,49,143,0.343,71,98,0.724,76,186,262,98,51,36,51,111,502,F
1629003,2020-21,0,1610612755,PHI,24.0,63,4,1461.0,300,667,0.45,71,203,0.35,146,176,0.83,33,115,148,193,39,18,103,130,817,G
1628378,2020-21,0,1610612762,UTA,24.0,53,53,1771.0,478,1091,0.438,178,461,0.386,267,316,0.845,50,185,235,277,52,15,147,117,1401,G
1629690,2020-21,0,1610612741,CHI,22.0,14,0,56.0,7,19,0.368,1,10,0.1,0,1,0.0,1,4,5,5,2,1,5,5,15,G
1628370,2020-21,0,1610612766,CHA,23.0,42,0,878.0,173,399,0.434,85,212,0.401,59,72,0.819,14,87,101,87,19,4,55,47,490,G
202734,2020-21,0,1610612756,PHX,32.0,27,1,389.0,55,121,0.455,11,35,0.314,12,14,0.857,14,31,45,40,15,5,23,32,133,G
1629630,2020-21,0,1610612763,MEM,21.0,63,63,2053.0,430,957,0.449,73,241,0.303,271,372,0.728,59,193,252,465,57,13,203,87,1204,G
1629752,2020-21,0,1610612762,UTA,24.0,29,0,147.0,14,30,0.467,4,13,0.308,3,7,0.429,9,19,28,9,4,1,4,21,35,F
202693,2020-21,0,1610612747,LAL,31.0,61,27,1200.0,153,378,0.405,65,209,0.311,36,50,0.72,48,218,266,73,22,19,54,105,407,F
1628420,2020-21,0,1610612743,DEN,26.0,47,13,1196.0,186,387,0.481,51,134,0.381,58,73,0.795,11,85,96,150,34,13,34,48,481,G
202694,2020-21,0,1610612746,LAC,31.0,57,29,1502.0,276,584,0.473,140,296,0.473,73,89,0.82,35,199,234,58,34,15,57,117,765,F
1627749,2020-21,0,1610612759,SAS,24.0,67,67,2139.0,441,974,0.453,63,199,0.317,106,134,0.791,58,415,473,363,101,7,117,135,1051,G
1627750,2020-21,0,1610612743,DEN,24.0,48,48,1704.0,378,792,0.477,129,316,0.408,133,153,0.869,37,157,194,231,64,13,108,95,1018,G
203488,2020-21,0,1610612760,OKC,29.0,35,0,645.0,119,267,0.446,68,184,0.37,33,36,0.917,19,113,132,28,8,11,21,54,339,F
1629004,2020-21,0,1610612765,DET,24.0,36,5,634.0,84,223,0.377,57,171,0.333,24,30,0.8,11,63,74,57,27,6,39,33,249,G
1629004,2020-21,0,1610612760,OKC,24.0,30,9,690.0,124,283,0.438,48,143,0.336,14,20,0.7,13,76,89,53,24,6,49,30,310,G
1629004,2020-21,0,0,TOT,24.0,66,14,1324.0,208,506,0.411,105,314,0.334,38,50,0.76,24,139,163,110,51,12,88,63,559,G
1627846,2020-21,0,1610612756,PHX,27.0,24,0,355.0,57,116,0.491,18,43,0.419,28,37,0.757,7,55,62,19,10,9,19,34,160,F
1626204,2020-21,0,1610612739,CLE,28.0,35,27,1091.0,128,272,0.471,41,114,0.36,30,49,0.612,54,181,235,107,61,17,55,72,327,F
203526,2020-21,0,1610612764,WAS,29.0,64,22,1403.0,209,447,0.468,64,164,0.39,75,85,0.882,28,128,156,146,73,6,53,109,557,G
1627777,2020-21,0,1610612762,UTA,28.0,72,10,1154.0,177,405,0.437,124,292,0.425,22,23,0.957,28,148,176,59,25,8,51,116,500,F
203457,2020-21,0,1610612752,NYK,27.0,64,41,1547.0,137,223,0.614,0,3,0.0,50,70,0.714,142,265,407,46,70,141,65,176,324,C
1629669,2020-21,0,1610612750,MIN,21.0,42,0,759.0,142,335,0.424,50,150,0.333,45,55,0.818,19,76,95,62,22,12,28,72,379,G
1628373,2020-21,0,1610612752,NYK,22.0,33,4,322.0,29,79,0.367,23,48,0.479,8,18,0.444,6,25,31,19,18,4,11,45,89,G
1629134,2020-21,0,1610612748,MIA,25.0,56,44,1650.0,319,658,0.485,122,320,0.381,56,60,0.933,21,158,179,148,52,14,80,108,816,G
203994,2020-21,0,1610612757,POR,26.0,37,37,880.0,171,333,0.514,12,30,0.4,70,113,0.619,86,246,332,125,38,39,73,103,424,C
1628021,2020-21,0,1610612745,HOU,28.0,30,9,679.0,106,218,0.486,17,63,0.27,47,68,0.691,40,78,118,31,30,21,17,60,276,G
1626220,2020-21,0,1610612762,UTA,28.0,71,71,2240.0,175,394,0.444,107,278,0.385,39,46,0.848,88,397,485,181,57,32,83,182,496,F
1628400,2020-21,0,1610612738,BOS,26.0,56,15,950.0,89,221,0.403,58,158,0.367,24,32,0.75,31,116,147,37,17,0,21,56,260,F
1626143,2020-21,0,1610612765,DET,25.0,27,2,347.0,63,102,0.618,2,9,0.222,17,24,0.708,23,43,66,13,6,5,21,39,145,C
1629006,2020-21,0,1610612750,MIN,22.0,59,37,1197.0,102,254,0.402,29,108,0.269,83,108,0.769,63,93,156,63,54,28,43,123,316,G
1629644,2020-21,0,1610612748,MIA,22.0,37,9,447.0,36,96,0.375,12,50,0.24,8,15,0.533,21,47,68,19,10,11,15,59,92,F
203506,2020-21,0,1610612754,IND,29.0,9,9,300.0,64,152,0.421,25,69,0.362,27,37,0.73,1,50,51,38,15,2,18,23,180,G
203506,2020-21,0,1610612745,HOU,29.0,20,20,669.0,155,381,0.407,49,153,0.32,65,83,0.783,8,87,95,99,24,10,51,45,424,G
203506,2020-21,0,1610612748,MIA,29.0,4,4,111.0,16,43,0.372,4,17,0.235,12,18,0.667,3,11,14,14,7,2,14,13,48,G
203506,2020-21,0,0,TOT,29.0,33,33,1080.0,235,576,0.408,78,239,0.326,104,138,0.754,12,148,160,151,46,14,83,81,652,G
203482,2020-21,0,1610612748,MIA,30.0,43,38,1157.0,162,376,0.431,77,243,0.317,31,40,0.775,44,217,261,91,40,26,55,123,432,F
203482,2020-21,0,1610612745,HOU,30.0,27,24,840.0,175,321,0.545,49,125,0.392,114,135,0.844,43,185,228,112,39,16,71,84,513,F
203482,2020-21,0,0,TOT,30.0,70,62,1997.0,337,697,0.484,126,368,0.342,145,175,0.829,87,402,489,203,79,42,126,207,945,F
1629671,2020-21,0,1610612762,UTA,23.0,54,0,519.0,35,99,0.354,30,88,0.341,5,6,0.833,23,61,84,28,11,8,16,61,105,G
1626224,2020-21,0,1610612739,CLE,26.0,59,26,1511.0,219,586,0.374,99,324,0.306,76,95,0.8,38,163,201,174,53,9,80,119,613,F
1626162,2020-21,0,1610612744,GSW,25.0,55,50,1688.0,318,724,0.439,90,285,0.316,123,177,0.695,82,247,329,73,57,42,70,121,849,F
203953,2020-21,0,1610612758,SAC,26.0,3,0,27.0,4,7,0.571,0,1,0.0,0,0,0.0,1,5,6,1,0,1,3,4,8,F
203953,2020-21,0,1610612738,BOS,26.0,10,0,138.0,26,48,0.542,2,10,0.2,10,13,0.769,9,27,36,10,1,4,7,9,64,F
203953,2020-21,0,0,TOT,26.0,13,0,165.0,30,55,0.545,2,11,0.182,10,13,0.769,10,32,42,11,1,5,10,13,72,F
1629672,2020-21,0,1610612744,GSW,24.0,40,2,695.0,148,298,0.497,18,54,0.333,67,94,0.713,28,100,128,51,12,7,43,68,381,F
1628394,2020-21,0,1610612764,WAS,25.0,1,0,6.0,0,1,0.0,0,1,0.0,0,0,0.0,1,0,1,1,0,0,5,2,0,C
202335,2020-21,0,1610612746,LAC,32.0,38,5,582.0,72,165,0.436,40,112,0.357,13,17,0.765,19,56,75,29,14,8,11,45,197,F
1628383,2020-21,0,1610612745,HOU,24.0,13,6,247.0,29,70,0.414,9,34,0.265,3,4,0.75,14,35,49,14,12,14,4,34,70,C
101108,2020-21,0,1610612756,PHX,36.0,70,70,2200.0,439,879,0.499,102,258,0.395,169,181,0.934,25,287,312,622,99,19,156,166,1149,G
203901,2020-21,0,1610612752,NYK,27.0,63,63,1484.0,269,622,0.432,28,98,0.286,73,107,0.682,64,152,216,203,47,9,103,116,639,G
1627780,2020-21,0,1610612744,GSW,28.0,10,0,40.0,10,13,0.769,2,4,0.5,3,4,0.75,2,9,11,1,6,1,1,8,25,G
203658,2020-21,0,1610612751,BKN,28.0,3,0,28.0,3,7,0.429,0,0,0.0,0,0,0.0,3,4,7,0,0,3,3,9,6,C
203658,2020-21,0,1610612758,SAC,28.0,1,0,4.0,0,1,0.0,0,0,0.0,3,4,0.75,1,0,1,1,0,0,0,1,3,C
203658,2020-21,0,1610612752,NYK,28.0,9,0,52.0,5,7,0.714,0,0,0.0,1,2,0.5,2,9,11,1,1,6,0,4,11,C
203658,2020-21,0,0,TOT,28.0,13,0,83.0,8,15,0.533,0,0,0.0,4,6,0.667,6,13,19,2,1,9,3,14,20,C
1629033,2020-21,0,1610612752,NYK,25.0,17,0,34.0,1,9,0.111,0,8,0.0,0,0,0.0,0,5,5,1,0,0,1,4,2,G
203486,2020-21,0,1610612765,DET,31.0,56,56,1499.0,234,381,0.614,0,7,0.0,113,169,0.669,145,374,519,202,43,50,105,186,581,F
1627751,2020-21,0,1610612759,SAS,25.0,69,51,1845.0,265,430,0.616,0,0,0.0,63,124,0.508,219,328,547,134,47,123,83,172,593,C
1629738,2020-21,0,1610612755,PHI,27.0,10,0,39.0,3,12,0.25,0,1,0.0,2,6,0.333,6,8,14,2,0,3,4,8,8,C
1629673,2020-21,0,1610612744,GSW,22.0,51,7,988.0,205,474,0.432,97,276,0.351,105,119,0.882,15,77,92,99,26,9,51,86,612,G
1629645,2020-21,0,1610612745,HOU,21.0,26,23,836.0,156,367,0.425,50,161,0.311,69,94,0.734,20,79,99,164,19,8,91,61,431,G
1629008,2020-21,0,1610612743,DEN,23.0,61,54,1912.0,443,817,0.542,170,382,0.445,106,134,0.791,91,354,445,70,40,54,77,126,1162,F
203490,2020-21,0,1610612741,CHI,28.0,25,6,540.0,89,202,0.441,38,95,0.4,31,37,0.838,28,110,138,50,12,4,25,37,247,F
203490,2020-21,0,1610612753,ORL,28.0,3,0,66.0,9,25,0.36,1,9,0.111,5,5,1.0,0,14,14,5,4,0,0,4,24,F
203490,2020-21,0,0,TOT,28.0,28,6,607.0,98,227,0.432,39,104,0.375,36,42,0.857,28,124,152,55,16,4,25,41,271,F
1626171,2020-21,0,1610612749,MIL,26.0,66,7,1372.0,313,598,0.523,74,157,0.471,54,73,0.74,124,342,466,71,52,26,56,115,754,F
204001,2020-21,0,1610612742,DAL,25.0,43,43,1327.0,325,683,0.476,97,258,0.376,118,138,0.855,82,299,381,68,20,58,51,115,865,F
203939,2020-21,0,1610612742,DAL,29.0,58,19,966.0,120,194,0.619,5,21,0.238,97,124,0.782,80,154,234,63,36,30,40,135,342,F
1626181,2020-21,0,1610612761,TOR,28.0,42,31,1277.0,282,566,0.498,118,269,0.439,141,163,0.865,19,107,126,77,47,8,77,98,823,G
1626181,2020-21,0,1610612757,POR,28.0,27,27,928.0,156,352,0.443,53,147,0.361,95,108,0.88,23,66,89,52,35,10,42,62,460,G
1626181,2020-21,0,0,TOT,28.0,69,58,2206.0,438,918,0.477,171,416,0.411,236,271,0.871,42,173,215,129,82,18,119,160,1283,G
1627752,2020-21,0,1610612751,BKN,27.0,12,4,218.0,30,74,0.405,13,37,0.351,24,27,0.889,2,32,34,7,8,8,11,21,97,F
1627752,2020-21,0,1610612739,CLE,27.0,29,6,688.0,101,253,0.399,49,118,0.415,41,49,0.837,17,91,108,69,20,15,36,54,292,F
1627752,2020-21,0,0,TOT,27.0,41,10,905.0,131,327,0.401,62,155,0.4,65,76,0.855,19,123,142,76,28,23,47,75,389,F
203944,2020-21,0,1610612752,NYK,26.0,71,71,2667.0,602,1321,0.456,160,389,0.411,348,429,0.811,84,640,724,427,64,18,241,225,1712,F
1629629,2020-21,0,1610612737,ATL,21.0,26,21,750.0,96,263,0.365,33,126,0.262,67,82,0.817,22,82,104,35,33,9,34,68,292,F
200755,2020-21,0,1610612740,NOP,37.0,31,0,577.0,87,214,0.407,51,140,0.364,45,47,0.957,3,49,52,40,9,2,25,37,270,G
200755,2020-21,0,1610612742,DAL,37.0,13,0,147.0,19,53,0.358,15,38,0.395,4,5,0.8,1,11,12,11,2,1,11,13,57,G
200755,2020-21,0,0,TOT,37.0,44,0,723.0,106,267,0.397,66,178,0.371,49,52,0.942,4,60,64,51,11,3,36,50,327,G
1629675,2020-21,0,1610612750,MIN,21.0,70,15,1347.0,304,581,0.523,61,174,0.351,115,166,0.693,82,240,322,72,34,76,69,179,784,C
1629244,2020-21,0,1610612759,SAS,26.0,3,0,6.0,1,2,0.5,0,0,0.0,0,0,0.0,0,0,0,0,0,0,0,0,2,F
1629244,2020-21,0,1610612745,HOU,26.0,2,0,34.0,5,16,0.313,3,12,0.25,0,0,0.0,2,3,5,2,0,0,0,2,13,F
1629244,2020-21,0,0,TOT,26.0,5,0,40.0,6,18,0.333,3,12,0.25,0,0,0.0,2,3,5,2,0,0,0,2,15,F
1626196,2020-21,0,1610612742,DAL,27.0,59,56,1790.0,264,618,0.427,88,267,0.33,99,108,0.917,51,144,195,153,61,24,79,130,715,G
203085,2020-21,0,1610612752,NYK,28.0,21,2,442.0,58,135,0.43,28,77,0.364,10,14,0.714,5,42,47,42,12,0,22,32,154,G
203085,2020-21,0,1610612743,DEN,28.0,15,5,403.0,46,110,0.418,27,72,0.375,12,17,0.706,3,32,35,39,18,2,14,32,131,G
203085,2020-21,0,0,TOT,28.0,36,7,845.0,104,245,0.424,55,149,0.369,22,31,0.71,8,74,82,81,30,2,36,64,285,G
203460,2020-21,0,1610612751,BKN,29.0,5,0,63.0,2,14,0.143,1,8,0.125,1,2,0.5,7,8,15,4,3,1,2,4,6,G
1629130,2020-21,0,1610612748,MIA,27.0,72,72,2262.0,315,717,0.439,250,613,0.408,62,75,0.827,7,243,250,127,43,20,81,181,942,F
1629010,2020-21,0,1610612764,WAS,24.0,17,6,305.0,28,95,0.295,11,42,0.262,16,20,0.8,4,34,38,25,12,6,19,31,83,G
1629620,2020-21,0,1610612760,OKC,23.0,9,0,88.0,7,21,0.333,4,14,0.286,3,5,0.6,1,6,7,9,3,0,2,10,21,G
1629011,2020-21,0,1610612752,NYK,23.0,31,29,853.0,115,176,0.653,0,0,0.0,26,53,0.491,113,139,252,17,35,45,26,86,256,C
203922,2020-21,0,1610612758,SAC,27.0,23,2,369.0,42,99,0.424,16,44,0.364,21,23,0.913,11,34,45,20,4,3,11,23,121,F
1629676,2020-21,0,1610612760,OKC,23.0,61,34,1425.0,207,429,0.483,32,109,0.294,87,117,0.744,89,252,341,107,52,37,113,162,533,F
200765,2020-21,0,1610612737,ATL,35.0,27,2,402.0,44,110,0.4,17,45,0.378,1,2,0.5,4,51,55,95,19,2,39,25,106,G
200765,2020-21,0,1610612746,LAC,35.0,18,1,368.0,51,105,0.486,19,44,0.432,15,15,1.0,14,41,55,104,18,2,40,28,136,G
200765,2020-21,0,0,TOT,35.0,45,3,769.0,95,215,0.442,36,89,0.404,16,17,0.941,18,92,110,199,37,4,79,53,242,G
201565,2020-21,0,1610612765,DET,32.0,15,0,342.0,79,184,0.429,13,39,0.333,42,50,0.84,6,23,29,63,18,4,29,17,213,G
201565,2020-21,0,1610612752,NYK,32.0,35,3,937.0,208,427,0.487,37,90,0.411,68,77,0.883,14,87,101,146,31,15,49,39,521,G
201565,2020-21,0,0,TOT,32.0,50,3,1279.0,287,611,0.47,50,129,0.388,110,127,0.866,20,110,130,209,49,19,78,56,734,G
203082,2020-21,0,1610612753,ORL,30.0,46,2,1347.0,254,616,0.412,89,264,0.337,120,138,0.87,15,143,158,108,47,21,74,88,717,G
1626179,2020-21,0,1610612766,CHA,27.0,69,69,2383.0,510,1134,0.45,222,571,0.389,165,202,0.817,47,255,302,293,87,26,128,119,1407,G
201937,2020-21,0,1610612750,MIN,30.0,68,51,1772.0,193,498,0.388,66,214,0.308,130,150,0.867,28,195,223,433,98,4,111,139,582,G
1626156,2020-21,0,1610612750,MIN,25.0,42,26,1196.0,281,652,0.431,120,310,0.387,114,149,0.765,16,95,111,244,45,18,112,68,796,G
1627734,2020-21,0,1610612754,IND,25.0,62,62,2231.0,484,904,0.535,52,162,0.321,240,328,0.732,150,592,742,415,76,33,213,203,1260,F
1629677,2020-21,0,1610612759,SAS,21.0,33,4,308.0,47,105,0.448,12,43,0.279,16,29,0.552,16,52,68,15,8,8,20,43,122,F
203960,2020-21,0,1610612754,IND,28.0,29,4,316.0,56,113,0.496,3,15,0.2,19,29,0.655,27,50,77,4,2,14,15,52,134,F
203967,2020-21,0,1610612756,PHX,27.0,50,4,871.0,153,342,0.447,47,135,0.348,84,99,0.848,46,144,190,65,30,4,57,95,437,F
203107,2020-21,0,1610612741,CHI,29.0,58,18,1307.0,169,329,0.514,42,118,0.356,67,79,0.848,30,112,142,271,40,14,96,89,447,G
203471,2020-21,0,1610612747,LAL,27.0,61,61,1956.0,332,760,0.437,71,212,0.335,206,243,0.848,30,181,211,351,70,13,163,159,941,G
203118,2020-21,0,1610612755,PHI,32.0,51,12,852.0,76,211,0.36,53,155,0.342,8,12,0.667,11,109,120,40,24,14,19,72,213,F
1629012,2020-21,0,1610612739,CLE,22.0,60,60,2115.0,525,1105,0.475,98,264,0.371,312,383,0.815,58,129,187,262,62,10,167,157,1460,G
1629013,2020-21,0,1610612751,BKN,24.0,61,12,1403.0,186,456,0.408,129,333,0.387,66,78,0.846,11,101,112,99,31,10,48,93,567,G
202697,2020-21,0,1610612751,BKN,31.0,2,0,11.0,1,4,0.25,0,3,0.0,0,0,0.0,1,0,1,0,1,0,1,0,2,G
1627783,2020-21,0,1610612761,TOR,27.0,56,56,2006.0,437,961,0.455,73,246,0.297,249,301,0.827,95,310,405,250,64,37,130,174,1196,F
1629735,2020-21,0,1610612748,MIA,24.0,11,0,83.0,9,13,0.692,1,1,1.0,11,15,0.733,7,18,25,6,1,5,9,20,30,F
1629735,2020-21,0,1610612758,SAC,24.0,4,0,9.0,1,3,0.333,0,0,0.0,0,0,0.0,0,2,2,0,0,1,1,4,2,F
1629735,2020-21,0,0,TOT,24.0,15,0,92.0,10,16,0.625,1,1,1.0,11,15,0.733,7,20,27,6,1,6,10,24,32,F
1627732,2020-21,0,1610612755,PHI,24.0,58,58,1877.0,325,583,0.557,3,10,0.3,176,287,0.613,93,324,417,401,93,35,173,171,829,G
1629014,2020-21,0,1610612757,POR,22.0,64,0,1104.0,168,401,0.419,120,282,0.426,46,57,0.807,14,126,140,89,18,8,43,96,502,G
1629346,2020-21,0,1610612744,GSW,20.0,15,1,84.0,11,27,0.407,4,10,0.4,2,6,0.333,6,10,16,4,3,5,5,11,28,F
203935,2020-21,0,1610612738,BOS,27.0,48,45,1581.0,203,510,0.398,93,282,0.33,128,162,0.79,36,131,167,273,72,23,96,126,627,G
202397,2020-21,0,1610612764,WAS,32.0,44,1,924.0,129,297,0.434,18,49,0.367,19,33,0.576,22,128,150,172,32,13,41,62,295,G
1628372,2020-21,0,1610612752,NYK,23.0,3,0,28.0,2,10,0.2,0,4,0.0,5,6,0.833,0,2,2,3,3,0,1,4,9,G
1628372,2020-21,0,1610612765,DET,23.0,20,9,392.0,56,135,0.415,19,54,0.352,14,20,0.7,12,41,53,74,20,14,25,33,145,G
1628372,2020-21,0,0,TOT,23.0,23,9,420.0,58,145,0.4,19,58,0.328,19,26,0.731,12,43,55,77,23,14,26,37,154,G
203503,2020-21,0,1610612737,ATL,29.0,47,23,992.0,88,171,0.515,62,109,0.569,11,11,1.0,18,94,112,59,13,11,21,75,249,G
1629034,2020-21,0,1610612745,HOU,24.0,2,0,19.0,2,4,0.5,0,1,0.0,0,2,0.0,2,2,4,0,0,2,3,3,4,F
1629622,2020-21,0,1610612748,MIA,25.0,39,0,507.0,85,187,0.455,50,148,0.338,16,24,0.667,5,36,41,24,11,2,8,43,236,G
1628410,2020-21,0,1610612754,IND,25.0,53,24,861.0,148,282,0.525,35,88,0.398,68,83,0.819,18,76,94,49,33,10,51,88,399,G
1628369,2020-21,0,1610612738,BOS,23.0,64,64,2290.0,605,1318,0.459,187,485,0.386,295,340,0.868,50,422,472,276,75,31,171,122,1692,F
201952,2020-21,0,1610612738,BOS,33.0,34,5,616.0,78,188,0.415,26,56,0.464,51,61,0.836,10,47,57,73,26,7,39,43,233,G
201952,2020-21,0,1610612749,MIL,33.0,21,2,334.0,45,96,0.469,10,26,0.385,38,44,0.864,5,26,31,59,8,5,25,13,138,G
201952,2020-21,0,0,TOT,33.0,55,7,950.0,123,284,0.433,36,82,0.439,89,105,0.848,15,73,88,132,34,12,64,56,371,G
202066,2020-21,0,1610612741,CHI,35.0,56,25,1528.0,158,381,0.415,67,200,0.335,40,50,0.8,29,131,160,124,43,30,58,126,423,G
1628464,2020-21,0,1610612738,BOS,29.0,42,37,1027.0,159,288,0.552,33,95,0.347,46,67,0.687,54,166,220,67,25,43,41,120,397,F
1628464,2020-21,0,1610612741,CHI,29.0,23,14,574.0,93,178,0.522,16,57,0.281,28,43,0.651,39,97,136,41,16,14,25,47,230,F
1628464,2020-21,0,0,TOT,29.0,65,51,1601.0,252,466,0.541,49,152,0.322,74,110,0.673,93,263,356,108,41,57,66,167,627,F
202738,2020-21,0,1610612740,NOP,32.0,3,0,48.0,9,27,0.333,3,12,0.25,2,2,1.0,1,3,4,5,1,0,6,3,23,G
1629017,2020-21,0,1610612745,HOU,25.0,5,2,153.0,32,66,0.485,9,27,0.333,9,9,1.0,7,11,18,25,9,6,6,8,82,G
1629744,2020-21,0,1610612761,TOR,26.0,26,0,192.0,24,62,0.387,17,41,0.415,6,7,0.857,3,18,21,9,2,0,6,10,71,G
1629744,2020-21,0,1610612762,UTA,26.0,19,0,134.0,26,65,0.4,10,39,0.256,6,7,0.857,4,19,23,10,2,0,8,8,68,G
1629744,2020-21,0,0,TOT,26.0,45,0,327.0,50,127,0.394,27,80,0.338,12,14,0.857,7,37,44,19,4,0,14,18,139,G
202684,2020-21,0,1610612738,BOS,30.0,54,43,1287.0,169,326,0.518,0,3,0.0,71,120,0.592,169,270,439,67,24,33,62,119,409,C
1629680,2020-21,0,1610612755,PHI,24.0,65,8,1298.0,102,243,0.42,43,143,0.301,8,18,0.444,30,94,124,63,105,71,32,127,255,G
201229,2020-21,0,1610612755,PHI,36.0,11,0,99.0,4,17,0.235,4,14,0.286,5,6,0.833,3,7,10,2,3,2,3,7,17,F
1626157,2020-21,0,1610612750,MIN,25.0,50,50,1689.0,425,875,0.486,122,315,0.387,267,311,0.859,133,396,529,225,39,57,160,186,1239,C
1629018,2020-21,0,1610612757,POR,22.0,41,23,1262.0,217,524,0.414,121,305,0.397,58,75,0.773,21,70,91,58,37,6,31,63,613,G
1629018,2020-21,0,1610612761,TOR,22.0,17,15,540.0,103,261,0.395,44,124,0.355,25,31,0.806,6,55,61,22,19,4,12,29,275,G
1629018,2020-21,0,0,TOT,22.0,58,38,1802.0,320,785,0.408,165,429,0.385,83,106,0.783,27,125,152,80,56,10,43,92,888,G
200782,2020-21,0,1610612745,HOU,36.0,32,32,959.0,48,131,0.366,27,86,0.314,18,23,0.783,33,115,148,45,29,18,33,91,141,F
200782,2020-21,0,1610612749,MIL,36.0,20,1,397.0,18,46,0.391,13,33,0.394,3,5,0.6,18,38,56,16,10,2,7,34,52,F
200782,2020-21,0,0,TOT,36.0,52,33,1356.0,66,177,0.373,40,119,0.336,21,28,0.75,51,153,204,61,39,20,40,125,193,F
1629730,2020-21,0,1610612755,PHI,23.0,14,0,68.0,9,18,0.5,2,7,0.286,14,19,0.737,1,10,11,6,2,0,4,8,34,G
1626167,2020-21,0,1610612754,IND,25.0,47,47,1455.0,206,432,0.477,69,206,0.335,111,142,0.782,63,243,306,48,40,159,67,165,592,C
202685,2020-21,0,1610612763,MEM,29.0,62,61,1755.0,440,743,0.592,21,57,0.368,157,203,0.773,253,523,776,112,35,57,100,179,1058,C
1627756,2020-21,0,1610612741,CHI,27.0,62,3,1036.0,155,416,0.373,80,242,0.331,16,17,0.941,24,173,197,105,30,7,42,70,406,G
1627832,2020-21,0,1610612761,TOR,27.0,52,52,1899.0,338,870,0.389,174,476,0.366,169,191,0.885,32,188,220,328,87,37,95,119,1019,G
1629020,2020-21,0,1610612750,MIN,22.0,64,30,1139.0,143,236,0.606,1,5,0.2,57,102,0.559,118,250,368,76,64,46,53,123,344,F
1629216,2020-21,0,1610612748,MIA,25.0,50,7,655.0,88,233,0.378,46,149,0.309,20,23,0.87,10,46,56,67,21,2,34,79,242,G
203943,2020-21,0,1610612751,BKN,25.0,4,0,11.0,0,3,0.0,0,2,0.0,0,0,0.0,0,1,1,1,0,0,2,2,0,F
202696,2020-21,0,1610612753,ORL,30.0,44,44,1500.0,436,908,0.48,117,288,0.406,91,110,0.827,87,430,517,167,42,28,83,79,1080,C
202696,2020-21,0,1610612741,CHI,30.0,26,26,848.0,230,488,0.471,59,152,0.388,40,46,0.87,59,241,300,102,23,20,43,58,559,C
202696,2020-21,0,0,TOT,30.0,70,70,2348.0,666,1396,0.477,176,440,0.4,131,156,0.84,146,671,817,269,65,48,126,137,1639,C
1629731,2020-21,0,1610612739,CLE,24.0,63,19,1212.0,134,311,0.431,78,213,0.366,30,39,0.769,38,177,215,74,35,21,30,78,376,F
1629021,2020-21,0,1610612764,WAS,24.0,25,13,375.0,62,122,0.508,13,42,0.31,41,52,0.788,13,60,73,32,22,8,21,62,178,F
1629021,2020-21,0,1610612738,BOS,24.0,9,1,61.0,4,14,0.286,2,6,0.333,1,2,0.5,3,16,19,6,0,1,9,10,11,F
1629021,2020-21,0,1610612753,ORL,24.0,11,10,286.0,38,93,0.409,16,43,0.372,29,33,0.879,11,43,54,12,4,9,13,36,121,F
1629021,2020-21,0,0,TOT,24.0,45,24,722.0,104,229,0.454,31,91,0.341,71,87,0.816,27,119,146,50,26,18,43,108,310,F
202689,2020-21,0,1610612738,BOS,31.0,43,43,1369.0,284,676,0.42,127,353,0.36,134,149,0.899,16,154,170,212,48,12,88,61,829,G
1629022,2020-21,0,1610612759,SAS,22.0,60,38,1522.0,256,609,0.42,100,282,0.355,57,70,0.814,14,141,155,101,29,15,65,101,669,G
202322,2020-21,0,1610612745,HOU,30.0,40,40,1288.0,293,726,0.404,79,249,0.317,158,211,0.749,17,112,129,275,42,31,141,46,823,G
202954,2020-21,0,1610612744,GSW,31.0,39,0,625.0,61,173,0.353,13,61,0.213,50,56,0.893,8,58,66,99,26,6,37,55,185,G
202954,2020-21,0,1610612766,CHA,31.0,22,0,428.0,54,126,0.429,3,24,0.125,40,45,0.889,10,29,39,75,17,5,34,39,151,G
202954,2020-21,0,0,TOT,31.0,61,0,1053.0,115,299,0.385,16,85,0.188,90,101,0.891,18,87,105,174,43,11,71,94,336,G
203933,2020-21,0,1610612754,IND,27.0,4,4,117.0,27,51,0.529,0,7,0.0,8,10,0.8,2,12,14,5,2,0,4,16,62,F
1629023,2020-21,0,1610612766,CHA,22.0,64,61,1954.0,302,686,0.44,112,290,0.386,108,145,0.745,93,325,418,161,69,79,128,171,824,F
1629139,2020-21,0,1610612761,TOR,26.0,50,4,723.0,79,180,0.439,36,90,0.4,24,29,0.828,36,123,159,40,26,19,19,57,218,G
1629682,2020-21,0,1610612738,BOS,23.0,26,3,238.0,34,84,0.405,15,38,0.395,16,17,0.941,5,16,21,62,15,1,27,17,99,G
1628778,2020-21,0,1610612761,TOR,26.0,27,2,297.0,38,82,0.463,30,64,0.469,5,8,0.625,4,41,45,17,6,3,9,36,111,G
1629683,2020-21,0,1610612759,SAS,24.0,20,0,121.0,16,35,0.457,1,6,0.167,13,16,0.813,3,8,11,8,8,2,10,18,46,G
201566,2020-21,0,1610612764,WAS,32.0,65,65,2369.0,544,1238,0.439,86,273,0.315,271,413,0.656,109,641,750,763,89,23,312,190,1445,G
1629632,2020-21,0,1610612741,CHI,21.0,69,54,2156.0,375,902,0.416,163,454,0.359,128,142,0.901,28,256,284,328,38,15,156,179,1041,G
1628401,2020-21,0,1610612759,SAS,26.0,36,32,1064.0,186,453,0.411,84,243,0.346,97,114,0.851,13,94,107,127,26,36,45,91,553,G
202355,2020-21,0,1610612758,SAC,32.0,36,4,546.0,126,224,0.563,0,1,0.0,41,79,0.519,61,154,215,20,9,46,40,73,293,C
203952,2020-21,0,1610612744,GSW,26.0,71,71,2364.0,505,1058,0.477,140,368,0.38,170,238,0.714,82,265,347,167,67,70,126,159,1320,F
1629684,2020-21,0,1610612738,BOS,22.0,63,9,1138.0,108,247,0.437,48,129,0.372,30,51,0.588,48,130,178,64,32,24,56,161,294,F
1629026,2020-21,0,1610612760,OKC,26.0,66,13,1426.0,219,411,0.533,52,117,0.444,36,63,0.571,84,189,273,152,55,17,76,143,526,G
101150,2020-21,0,1610612746,LAC,34.0,42,3,918.0,181,430,0.421,45,119,0.378,103,119,0.866,15,73,88,144,39,4,66,42,510,G
101150,2020-21,0,1610612737,ATL,34.0,24,1,505.0,84,216,0.389,24,54,0.444,47,54,0.87,6,44,50,81,8,2,42,20,239,G
101150,2020-21,0,0,TOT,34.0,66,4,1423.0,265,646,0.41,69,173,0.399,150,173,0.867,21,117,138,225,47,6,108,62,749,G
1629057,2020-21,0,1610612738,BOS,23.0,52,13,985.0,186,258,0.721,0,2,0.0,45,73,0.616,133,225,358,94,43,91,52,105,417,C
1629627,2020-21,0,1610612740,NOP,20.0,61,61,2026.0,634,1037,0.611,10,34,0.294,369,529,0.698,167,274,441,226,57,39,167,135,1647,F
1628391,2020-21,0,1610612749,MIL,25.0,12,0,105.0,16,43,0.372,10,28,0.357,1,2,0.5,3,22,25,3,1,4,4,13,43,F
1628391,2020-21,0,1610612745,HOU,25.0,23,1,328.0,52,125,0.416,20,59,0.339,16,23,0.696,17,70,87,20,10,12,18,31,140,F
1628391,2020-21,0,0,TOT,25.0,35,1,433.0,68,168,0.405,30,87,0.345,17,25,0.68,20,92,112,23,11,16,22,44,183,F
1629685,2020-21,0,1610612739,CLE,24.0,31,0,513.0,57,130,0.438,26,77,0.338,21,27,0.778,20,87,107,33,19,12,32,37,161,G
1626159,2020-21,0,1610612763,MEM,25.0,26,1,507.0,74,210,0.352,10,54,0.185,20,35,0.571,18,100,118,50,15,12,37,47,178,F
1626174,2020-21,0,1610612745,HOU,25.0,41,41,1326.0,329,640,0.514,77,206,0.374,125,198,0.631,76,319,395,71,34,48,80,88,860,F
1626153,2020-21,0,1610612765,DET,29.0,36,31,1052.0,136,293,0.464,31,89,0.348,71,90,0.789,37,127,164,181,58,19,48,45,374,G
1626153,2020-21,0,1610612758,SAC,29.0,27,8,696.0,104,225,0.462,33,83,0.398,30,36,0.833,28,77,105,97,43,11,35,30,271,G
1626153,2020-21,0,0,TOT,29.0,63,39,1748.0,240,518,0.463,64,172,0.372,101,126,0.802,65,204,269,278,101,30,83,75,645,G
201152,2020-21,0,1610612741,CHI,33.0,68,23,1652.0,370,662,0.559,12,45,0.267,71,113,0.628,168,255,423,291,74,40,137,152,823,F
1629027,2020-21,0,1610612737,ATL,22.0,63,63,2125.0,487,1112,0.438,136,397,0.343,484,546,0.886,38,207,245,594,53,12,261,111,1594,G
203469,2020-21,0,1610612766,CHA,28.0,48,21,1005.0,181,324,0.559,4,28,0.143,85,119,0.714,119,209,328,86,27,17,51,121,451,F
1627826,2020-21,0,1610612746,LAC,24.0,72,33,1609.0,257,394,0.652,1,4,0.25,135,171,0.789,189,330,519,90,24,62,81,187,650,C
