,id,player_names,2016/17,2017/18,2018/19,2019/20,2020/21,2021/22,2022/23,2023/24,2024/25
0,1627773.0,AJ Hammons,650.0,1312611.0,0.0,0.0,0.0,0.0,0.0,0.0,0.0
1,201166.0,Aaron Brooks,2700000.0,2116955.0,0.0,0.0,0.0,0.0,0.0,0.0,0.0
2,203932.0,Aaron Gordon,4351320.0,5504419.0,21590909.0,19863636.0,18136364.0,16409091.0,19690909.0,21266182.0,22841455.0
3,1626151.0,Aaron Harrison,365289.0,174570.0,0.0,0.0,0.0,0.0,0.0,0.0,0.0
4,1628988.0,Aaron Holiday,0.0,0.0,1914480.0,2239200.0,2345640.0,3980551.0,5791701.0,0.0,0.0
5,1628935.0,Aaron Jackson,0.0,46079.0,0.0,0.0,0.0,0.0,0.0,0.0,0.0
6,1627846.0,Abdel Nader,0.0,1167333.0,1378242.0,1618520.0,1752950.0,2000000.0,0.0,0.0,0.0
7,203940.0,Adreian Payne,2022240.0,77250.0,0.0,0.0,0.0,0.0,0.0,0.0,0.0
8,201143.0,Al Horford,26540100.0,27734405.0,28928710.0,28000000.0,27500000.0,27000000.0,26500000.0,0.0,0.0
9,2744.0,Al Jefferson,10230179.0,9769821.0,4000000.0,0.0,0.0,0.0,0.0,0.0,0.0
10,202329.0,Al-Farouq Aminu,7680965.0,7319035.0,6957105.0,0.0,0.0,0.0,0.0,0.0,0.0
11,101187.0,Alan Anderson,1315448.0,0.0,0.0,0.0,0.0,0.0,0.0,0.0,0.0
12,1626210.0,Alan Williams,874636.0,6000000.0,7725.0,0.0,0.0,0.0,0.0,0.0,0.0
13,202692.0,Alec Burks,9904495.0,10845506.0,11536515.0,2320044.0,6000000.0,9536000.0,10012800.0,10489600.0,0.0
14,1628409.0,Alec Peters,0.0,77250.0,0.0,0.0,0.0,0.0,0.0,0.0,0.0
15,203518.0,Alex Abrines,5994764.0,5725000.0,3667645.0,0.0,0.0,0.0,0.0,0.0,0.0
16,1627936.0,Alex Caruso,50.0,77250.0,7725.0,2750000.0,2750000.0,8600000.0,9030000.0,9460000.0,9890000.0
17,203458.0,Alex Len,4823621.0,4187599.0,4350000.0,4160000.0,3970648.0,3732000.0,3918600.0,0.0,0.0
18,1627816.0,Alex Poythress,73743.0,778668.0,7725.0,0.0,0.0,0.0,0.0,0.0,0.0
19,201582.0,Alexis Ajinca,4863206.0,4961798.0,5285394.0,0.0,0.0,0.0,0.0,0.0,0.0
20,1628035.0,Alfonzo McKinnie,0.0,815615.0,1349383.0,0.0,0.0,0.0,0.0,0.0,0.0
21,1628993.0,Alize Johnson,0.0,0.0,838464.0,1416852.0,621587.0,804980.0,0.0,0.0,0.0
22,203459.0,Allen Crabbe,18500000.0,18500000.0,19332500.0,0.0,0.0,0.0,0.0,0.0,0.0
23,1629019.0,Allonzo Trier,0.0,0.0,3382000.0,0.0,0.0,0.0,0.0,0.0,0.0
24,202087.0,Alonzo Gee,2255408.0,0.0,0.0,0.0,0.0,0.0,0.0,0.0,0.0
25,1628518.0,Amile Jefferson,0.0,77250.0,7725.0,0.0,0.0,0.0,0.0,0.0,0.0
26,101161.0,Amir Johnson,12000000.0,11000000.0,2393887.0,0.0,0.0,0.0,0.0,0.0,0.0
27,2760.0,Anderson Varejao,10851659.0,0.0,0.0,0.0,0.0,0.0,0.0,0.0,0.0
28,203083.0,Andre Drummond,22116750.0,23775506.0,25434262.0,27093018.0,28751774.0,2401537.0,0.0,0.0,0.0
29,2738.0,Andre Iguodala,11131368.0,14814815.0,16000000.0,17185185.0,15000000.0,2641691.0,0.0,0.0,0.0
30,201281.0,Andre Ingram,0.0,46079.0,76236.0,0.0,0.0,0.0,0.0,0.0,0.0
31,203460.0,Andre Roberson,2183072.0,9259260.0,10000000.0,0.0,0.0,0.0,0.0,0.0,0.0
32,101106.0,Andrew Bogut,11410378.0,1078810.0,486892.0,0.0,0.0,0.0,0.0,0.0,0.0
33,1626150.0,Andrew Harrison,945.0,1312611.0,3545.0,0.0,0.0,0.0,0.0,0.0,0.0
34,203094.0,Andrew Nicholson,6088993.0,2844429.0,2844429.0,0.0,0.0,0.0,0.0,0.0,0.0
35,0.0,Andrew White,0.0,77250.0,0.0,0.0,0.0,0.0,0.0,0.0,0.0
36,203952.0,Andrew Wiggins,6006600.0,7574322.0,25467250.0,27504630.0,29542010.0,31579390.0,33616770.0,0.0,0.0
37,1629014.0,Anfernee Simons,0.0,0.0,1837800.0,2149560.0,2252040.0,3938818.0,5758551.0,0.0,0.0
38,1629116.0,Angel Delgado,0.0,0.0,7725.0,0.0,0.0,0.0,0.0,0.0,0.0
39,1627790.0,Ante Zizic,0.0,1645200.0,1952760.0,0.0,0.0,0.0,0.0,0.0,0.0
40,0.0,Anthony Barber,50.0,0.0,0.0,0.0,0.0,0.0,0.0,0.0,0.0
41,203461.0,Anthony Bennett,1015696.0,0.0,0.0,0.0,0.0,0.0,0.0,0.0,0.0
42,1626148.0,Anthony Brown,1023838.0,77250.0,0.0,0.0,0.0,0.0,0.0,0.0,0.0
43,203076.0,Anthony Davis,22116750.0,23775506.0,25434263.0,27093019.0,32742000.0,35361360.0,37980720.0,40600080.0,43219440.0
44,201627.0,Anthony Morrow,3488000.0,0.0,0.0,0.0,0.0,0.0,0.0,0.0,0.0
45,201229.0,Anthony Tolliver,8000000.0,5290000.0,5750000.0,0.0,0.0,0.0,0.0,0.0,0.0
46,1628469.0,Antonio Blakeney,0.0,77250.0,1349383.0,0.0,0.0,0.0,0.0,0.0,0.0
47,1628499.0,Antonius Cleveland,0.0,384116.0,0.0,0.0,0.0,0.0,0.0,0.0,0.0
48,203462.0,Archie Goodwin,2350999.0,0.0,7725.0,0.0,0.0,0.0,0.0,0.0,0.0
49,202620.0,Arinze Onuaku,426775.0,0.0,0.0,0.0,0.0,0.0,0.0,0.0,0.0
50,203382.0,Aron Baynes,6500000.0,4300000.0,5193600.0,0.0,0.0,0.0,0.0,0.0,0.0
51,201167.0,Arron Afflalo,12500000.0,5328652.0,0.0,0.0,0.0,0.0,0.0,0.0,0.0
52,203085.0,Austin Rivers,11000000.0,11825000.0,13155324.0,2174310.0,3929049.0,2401537.0,0.0,0.0,0.0
53,202340.0,Avery Bradley,8269663.0,8808989.0,12000000.0,4767000.0,5635000.0,2641691.0,0.0,0.0,0.0
54,1626253.0,Axel Toupane,977534.0,0.0,0.0,0.0,0.0,0.0,0.0,0.0,0.0
55,1629168.0,BJ Johnson,0.0,0.0,142111.0,0.0,0.0,0.0,0.0,0.0,0.0
56,1628389.0,Bam Adebayo,0.0,2490360.0,2955840.0,3454080.0,5115492.0,28103500.0,30351780.0,32600060.0,34848340.0
57,0.0,Beau Beech,45.0,0.0,0.0,0.0,0.0,0.0,0.0,0.0,0.0
58,1627791.0,Ben Bentil,281968.0,0.0,0.0,0.0,0.0,0.0,0.0,0.0,0.0
59,203463.0,Ben McLemore,4008882.0,5200000.0,5460000.0,2028594.0,2893630.0,2389641.0,0.0,0.0,0.0
60,1628500.0,Ben Moore,0.0,77250.0,222099.0,0.0,0.0,0.0,0.0,0.0,0.0
61,1627732.0,Ben Simmons,5903160.0,6168840.0,6434520.0,8113929.0,30559200.0,33003936.0,35448672.0,37893408.0,40338144.0
62,2757.0,Beno Udrih,980431.0,0.0,0.0,0.0,0.0,0.0,0.0,0.0,0.0
63,1628656.0,Billy Garrett,0.0,0.0,6737.0,0.0,0.0,0.0,0.0,0.0,0.0
64,0.0,Billy Preston,0.0,0.0,7725.0,0.0,0.0,0.0,0.0,0.0,0.0
65,202687.0,Bismack Biyombo,17000000.0,17000000.0,17000000.0,0.0,0.0,0.0,0.0,0.0,0.0
66,201933.0,Blake Griffin,20093064.0,29512900.0,31873932.0,34449964.0,33900241.0,32405817.0,0.0,0.0,0.0
67,1626246.0,Boban Marjanovic,5628000.0,5881260.0,9490740.0,3500000.0,3500000.0,3500000.0,3500000.0,0.0,0.0
68,201628.0,Bobby Brown,94007.0,1231500.0,0.0,0.0,0.0,0.0,0.0,0.0,0.0
69,1626171.0,Bobby Portis,1404600.0,1516320.0,2494346.0,15000000.0,3623000.0,4347600.0,4564980.0,0.0,0.0
70,203992.0,Bogdan Bogdanovic,0.0,9470614.0,9000000.0,8529386.0,18000000.0,18000000.0,18000000.0,18000000.0,0.0
71,202711.0,Bojan Bogdanovic,3573020.0,10500000.0,10500000.0,17000000.0,17850000.0,18700000.0,19550000.0,0.0,0.0
72,1629045.0,Bonzie Colson,0.0,0.0,7725.0,0.0,0.0,0.0,0.0,0.0,0.0
73,2564.0,Boris Diaw,7000000.0,0.0,0.0,0.0,0.0,0.0,0.0,0.0,0.0
74,202954.0,Brad Wanamaker,0.0,0.0,838464.0,1445697.0,2250000.0,814918.0,0.0,0.0,0.0
75,203078.0,Bradley Beal,22116750.0,23775506.0,25434262.0,27093018.0,28751774.0,33724200.0,36422136.0,0.0,0.0
76,0.0,Brady Heslip,565.0,0.0,0.0,0.0,0.0,0.0,0.0,0.0,0.0
77,201148.0,Brandan Wright,5709880.0,5955760.0,0.0,0.0,0.0,0.0,0.0,0.0,0.0
78,101138.0,Brandon Bass,1551659.0,0.0,0.0,0.0,0.0,0.0,0.0,0.0,0.0
79,1629164.0,Brandon Goodwin,0.0,0.0,56845.0,0.0,0.0,0.0,0.0,0.0,0.0
80,1627742.0,Brandon Ingram,5281680.0,5519400.0,5757120.0,7265485.0,27285000.0,29467800.0,31650600.0,33833400.0,36016200.0
81,201943.0,Brandon Jennings,5587318.0,380830.0,0.0,0.0,0.0,0.0,0.0,0.0,0.0
82,202688.0,Brandon Knight,12606250.0,13618750.0,14631250.0,0.0,0.0,0.0,0.0,0.0,0.0
83,203464.0,Brandon Paul,155.0,815615.0,0.0,0.0,0.0,0.0,0.0,0.0,0.0
84,201575.0,Brandon Rush,3500000.0,119601.0,0.0,0.0,0.0,0.0,0.0,0.0,0.0
85,1629102.0,Brandon Sampson,0.0,0.0,7725.0,0.0,0.0,0.0,0.0,0.0,0.0
86,203148.0,Brian Roberts,1050961.0,0.0,0.0,0.0,0.0,0.0,0.0,0.0,0.0
87,1627362.0,Briante Weber,623447.0,160378.0,0.0,0.0,0.0,0.0,0.0,0.0,0.0
88,1627744.0,Brice Johnson,1273920.0,1331160.0,0.0,0.0,0.0,0.0,0.0,0.0,0.0
89,0.0,Bronson Koenig,0.0,50000.0,0.0,0.0,0.0,0.0,0.0,0.0,0.0
90,201572.0,Brook Lopez,21165675.0,22642350.0,3382000.0,12093024.0,12697675.0,13302325.0,13906976.0,0.0,0.0
91,1628971.0,Bruce Brown,0.0,0.0,838464.0,1416852.0,1663861.0,4736102.0,0.0,0.0,0.0
92,203998.0,Bruno Caboclo,1589640.0,2451224.0,705361.0,0.0,0.0,0.0,0.0,0.0,0.0
93,1627854.0,Bryn Forbes,543471.0,1312611.0,3125000.0,2875000.0,2337145.0,4500000.0,0.0,0.0,0.0
94,1627741.0,Buddy Hield,3517200.0,3675480.0,3833760.0,4861207.0,24931817.0,23073234.0,21177750.0,19279841.0,0.0
95,0.0,CJ Fair,0.0,82943.0,0.0,0.0,0.0,0.0,0.0,0.0,0.0
96,203468.0,CJ McCollum,3219579.0,23962573.0,25759766.0,27556959.0,29354152.0,30864198.0,33333333.0,35802469.0,0.0
97,101139.0,CJ Miles,4583450.0,7936509.0,8333333.0,0.0,0.0,0.0,0.0,0.0,0.0
98,0.0,CJ Watson,5000000.0,333333.0,0.0,0.0,0.0,0.0,0.0,0.0,0.0
99,0.0,CJ Wilcox,1209600.0,77250.0,0.0,0.0,0.0,0.0,0.0,0.0,0.0
100,0.0,CJ Williams,0.0,77250.0,7725.0,0.0,0.0,0.0,0.0,0.0,0.0
101,1628403.0,Caleb Swanigan,0.0,1465920.0,1740000.0,0.0,0.0,0.0,0.0,0.0,0.0
102,0.0,Cam Reynolds,0.0,0.0,108953.0,0.0,0.0,0.0,0.0,0.0,0.0
103,1628419.0,Cameron Oliver,0.0,300000.0,0.0,0.0,0.0,0.0,0.0,0.0,0.0
104,1626166.0,Cameron Payne,2112480.0,2203440.0,3440356.0,196288.0,1977011.0,6500000.0,6000000.0,6500000.0,0.0
105,1627747.0,Caris LeVert,1562280.0,1632480.0,1702800.0,2625717.0,16203704.0,17500000.0,18796296.0,0.0,0.0
106,201171.0,Carl Landry,6750000.0,0.0,0.0,0.0,0.0,0.0,0.0,0.0,0.0
107,2546.0,Carmelo Anthony,24559380.0,26243760.0,2393887.0,2159029.0,2564753.0,2641691.0,0.0,0.0,0.0
108,2406.0,Caron Butler,1551659.0,0.0,0.0,0.0,0.0,0.0,0.0,0.0,0.0
109,203467.0,Carrick Felix,0.0,140901.0,0.0,0.0,0.0,0.0,0.0,0.0,0.0
110,1626224.0,Cedi Osman,0.0,2642857.0,2775000.0,2907143.0,8840580.0,8133334.0,7426088.0,6718842.0,0.0
111,1628990.0,Chandler Hutchison,0.0,0.0,1991520.0,2332320.0,2443440.0,4224186.0,0.0,0.0,0.0
112,202718.0,Chandler Parsons,22116750.0,23112004.0,24107258.0,0.0,0.0,0.0,0.0,0.0,0.0
113,101112.0,Channing Frye,7806971.0,7420912.0,2393887.0,0.0,0.0,0.0,0.0,0.0,0.0
114,1628429.0,Charles Cooke,0.0,77250.0,76236.0,0.0,0.0,0.0,0.0,0.0,0.0
115,1626184.0,Chasson Randle,54117.0,1312611.0,975824.0,0.0,0.0,0.0,0.0,0.0,0.0
116,1627767.0,Cheick Diallo,543471.0,1312611.0,1544951.0,0.0,0.0,0.0,0.0,0.0,0.0
117,1629002.0,Chimezie Metu,0.0,0.0,838464.0,1416852.0,910895.0,1762796.0,1910860.0,0.0,0.0
118,1627778.0,Chinanu Onuaku,543471.0,1312611.0,0.0,0.0,0.0,0.0,0.0,0.0,0.0
119,2365.0,Chris Andersen,1551659.0,0.0,0.0,0.0,0.0,0.0,0.0,0.0,0.0
120,2547.0,Chris Bosh,23741060.0,25289390.0,26837720.0,0.0,0.0,0.0,0.0,0.0,0.0
121,1628449.0,Chris Boucher,0.0,77250.0,457418.0,1588231.0,6500000.0,7020000.0,0.0,0.0,0.0
122,1629185.0,Chris Chiozza,0.0,0.0,137374.0,79568.0,449115.0,462629.0,1576305.0,0.0,0.0
123,1626191.0,Chris McCullough,1191480.0,1471382.0,0.0,0.0,0.0,0.0,0.0,0.0,0.0
124,101108.0,Chris Paul,22868827.0,24268959.0,35654150.0,38506482.0,41358814.0,30800000.0,28400000.0,30800000.0,30800000.0
125,1626174.0,Christian Wood,874636.0,0.0,1512601.0,1645357.0,13015874.0,13666667.0,14317459.0,0.0,0.0
126,203991.0,Clint Capela,1296240.0,2334528.0,15793104.0,16896552.0,18000000.0,18603448.0,19706896.0,22116000.0,23765280.0
127,1628610.0,Cody Demps,0.0,0.0,4737.0,0.0,0.0,0.0,0.0,0.0,0.0
128,203469.0,Cody Zeller,5318313.0,12584270.0,13528090.0,14471910.0,15415730.0,2389641.0,0.0,0.0,0.0
129,202332.0,Cole Aldrich,7643979.0,7300000.0,2000000.0,0.0,0.0,0.0,0.0,0.0,0.0
130,1629012.0,Collin Sexton,0.0,0.0,4073760.0,4764960.0,4991880.0,6349671.0,8559356.0,0.0,0.0
131,201147.0,Corey Brewer,7612172.0,8105615.0,2559925.0,0.0,0.0,0.0,0.0,0.0,0.0
132,202709.0,Cory Joseph,7315000.0,7630000.0,7945000.0,12000000.0,12600000.0,7310000.0,5155500.0,0.0,0.0
133,201584.0,Courtney Lee,11242000.0,11747890.0,12253780.0,0.0,0.0,0.0,0.0,0.0,0.0
134,1626245.0,Cristiano Felicio,874636.0,7843500.0,8470980.0,0.0,0.0,0.0,0.0,0.0,0.0
135,1626156.0,D'Angelo Russell,5332800.0,5562360.0,7019698.0,27285000.0,28649250.0,30013500.0,31377750.0,0.0,0.0
136,0.0,DJ Augustin,7250000.0,7250000.0,7250000.0,7250000.0,6666667.0,0.0,0.0,0.0,0.0
137,0.0,DJ Kennedy,50.0,0.0,0.0,0.0,0.0,0.0,0.0,0.0,0.0
138,203474.0,DJ Stephens,0.0,0.0,7725.0,0.0,0.0,0.0,0.0,0.0,0.0
139,0.0,DJ Wilson,0.0,2135040.0,2534280.0,0.0,0.0,0.0,0.0,0.0,0.0
140,2563.0,Dahntay Jones,24022.0,0.0,0.0,0.0,0.0,0.0,0.0,0.0,0.0
141,1629541.0,Dairis Bertans,0.0,0.0,19422.0,0.0,0.0,0.0,0.0,0.0,0.0
142,1626177.0,Dakari Johnson,0.0,815615.0,459414.0,0.0,0.0,0.0,0.0,0.0,0.0
143,1627745.0,Damian Jones,1171560.0,1312611.0,1544951.0,2305057.0,1487284.0,1977011.0,0.0,0.0,0.0
144,203081.0,Damian Lillard,24328425.0,26153057.0,27977689.0,29802321.0,31626953.0,39344900.0,42492492.0,45640084.0,48787676.0
145,2863.0,Damien Wilkins,0.0,992696.0,0.0,0.0,0.0,0.0,0.0,0.0,0.0
146,1627814.0,Damion Lee,50.0,138239.0,7725.0,842327.0,1762796.0,1910860.0,0.0,0.0,0.0
147,204014.0,Damjan Rudez,980431.0,0.0,0.0,0.0,0.0,0.0,0.0,0.0,0.0
148,1628422.0,Damyean Dotson,0.0,1100000.0,1378242.0,0.0,0.0,0.0,0.0,0.0,0.0
149,1627772.0,Daniel Hamilton,0.0,77250.0,1349383.0,0.0,0.0,0.0,0.0,0.0,0.0
150,1627849.0,Daniel Ochefu,543471.0,50000.0,0.0,0.0,0.0,0.0,0.0,0.0,0.0
151,1628464.0,Daniel Theis,0.0,815615.0,1378242.0,5000000.0,5000000.0,8280351.0,8694369.0,9108386.0,9522404.0
152,201568.0,Danilo Gallinari,15050000.0,20559599.0,21587579.0,22615559.0,19500000.0,20475000.0,21450000.0,0.0,0.0
153,201980.0,Danny Green,10000000.0,10000000.0,10000000.0,14634147.0,15365853.0,10000000.0,10000000.0,0.0,0.0
154,201967.0,Dante Cunningham,3000000.0,2300000.0,2487000.0,0.0,0.0,0.0,0.0,0.0,0.0
155,203957.0,Dante Exum,3940320.0,4992385.0,10600000.0,0.0,0.0,0.0,0.0,0.0,0.0
156,0.0,Danuel House,543471.0,77250.0,247827.0,3540000.0,3717000.0,0.0,0.0,0.0,0.0
157,203967.0,Dario Saric,2318280.0,2422560.0,2526840.0,3481985.0,9250000.0,8510000.0,9240000.0,0.0,0.0
158,203121.0,Darius Miller,0.0,2100000.0,2205000.0,0.0,0.0,0.0,0.0,0.0,0.0
159,201589.0,Darrell Arthur,8070175.0,7464912.0,7464912.0,0.0,0.0,0.0,0.0,0.0,0.0
160,201954.0,Darren Collison,5229454.0,10000000.0,10000000.0,0.0,0.0,0.0,0.0,0.0,0.0
161,1626199.0,Darrun Hilliard,874636.0,77250.0,0.0,0.0,0.0,0.0,0.0,0.0,0.0
162,1629133.0,Daryl Macon,0.0,0.0,7725.0,0.0,0.0,0.0,0.0,0.0,0.0
163,101135.0,David Lee,1551659.0,0.0,0.0,0.0,0.0,0.0,0.0,0.0,0.0
164,1628021.0,David Nwaba,73528.0,1312611.0,1512601.0,903111.0,1824003.0,4650000.0,5022000.0,5394000.0,0.0
165,204065.0,David Stockton,0.0,192812.0,0.0,0.0,0.0,0.0,0.0,0.0,0.0
166,2561.0,David West,1551659.0,2328652.0,0.0,0.0,0.0,0.0,0.0,0.0,0.0
167,202722.0,Davis Bertans,543471.0,1312611.0,7000000.0,7000000.0,15000000.0,16000000.0,16000000.0,17000000.0,16000000.0
168,1628432.0,Davon Reed,0.0,815615.0,75225.0,0.0,0.0,0.0,0.0,0.0,0.0
169,1628368.0,De'Aaron Fox,0.0,4609200.0,5470920.0,6392760.0,8099627.0,28103500.0,30351780.0,32600060.0,34848340.0
170,1629001.0,De'Anthony Melton,0.0,0.0,949.0,1416852.0,9571712.0,8805976.0,8250000.0,8000000.0,0.0
171,0.0,DeAndre Bembry,1499760.0,1567200.0,1634640.0,2603981.0,1737145.0,0.0,0.0,0.0,0.0
172,201599.0,DeAndre Jordan,21165675.0,22642350.0,22897200.0,9881598.0,10375678.0,10517224.0,7827907.0,0.0,0.0
173,202732.0,DeAndre Liggins,1015695.0,1505942.0,0.0,0.0,0.0,0.0,0.0,0.0,0.0
174,201942.0,DeMar DeRozan,26540100.0,27739975.0,27739975.0,27739975.0,27739975.0,26000000.0,27300000.0,28600000.0,0.0
175,202326.0,DeMarcus Cousins,15756438.0,18063850.0,5337000.0,0.0,0.0,0.0,0.0,0.0,0.0
176,201960.0,DeMarre Carroll,14200000.0,14800000.0,15400000.0,0.0,0.0,0.0,0.0,0.0,0.0
177,1629152.0,DeVaughn Akoon-Purcell,0.0,0.0,7725.0,0.0,0.0,0.0,0.0,0.0,0.0
178,1629028.0,Deandre Ayton,0.0,0.0,8175840.0,9562920.0,10018200.0,12632950.0,16422835.0,0.0,0.0
179,1627749.0,Dejounte Murray,1180080.0,1312611.0,1544951.0,2321735.0,14286000.0,15428880.0,16571120.0,17714000.0,0.0
180,1626153.0,Delon Wright,1577280.0,1645200.0,2536898.0,9473684.0,9000000.0,8526316.0,0.0,0.0,0.0
181,1627743.0,Demetrius Jackson,1450000.0,319266.0,170107.0,0.0,0.0,0.0,0.0,0.0,0.0
182,1629061.0,Deng Adel,0.0,0.0,7725.0,0.0,0.0,0.0,0.0,0.0,0.0
183,0.0,Dennis Schroeder,2708582.0,15500000.0,15500000.0,15500000.0,15500000.0,0.0,0.0,0.0,0.0
184,0.0,Dennis Smith,0.0,3218280.0,3819960.0,4463640.0,5686677.0,0.0,0.0,0.0,0.0
185,1627756.0,Denzel Valentine,2092200.0,2186400.0,2280600.0,3377568.0,4642800.0,1005633.0,0.0,0.0,0.0
186,1629126.0,Deonte Burton,0.0,0.0,500.0,0.0,0.0,0.0,0.0,0.0,0.0
187,101114.0,Deron Williams,14885520.0,5474787.0,5474787.0,0.0,0.0,0.0,0.0,0.0,0.0
188,202324.0,Derrick Favors,11050000.0,12000000.0,16900000.0,17650000.0,9258000.0,9720900.0,10183800.0,0.0,0.0
189,0.0,Derrick Jones,543471.0,462875.0,1512601.0,1645357.0,9258000.0,0.0,0.0,0.0,0.0
190,201565.0,Derrick Rose,21323252.0,2533488.0,2176260.0,7317074.0,7682926.0,13445120.0,14520730.0,15596339.0,0.0
191,0.0,Derrick Walton,0.0,77250.0,0.0,0.0,0.0,0.0,0.0,0.0,0.0
192,1628401.0,Derrick White,0.0,1404600.0,1667160.0,1948080.0,3516284.0,15678571.0,16892857.0,18107143.0,19321429.0
193,202682.0,Derrick Williams,5020145.0,104059.0,0.0,0.0,0.0,0.0,0.0,0.0,0.0
194,1626164.0,Devin Booker,2223600.0,2319360.0,3314365.0,27285000.0,29467800.0,31650600.0,33833400.0,36016200.0,0.0
195,2734.0,Devin Harris,4227996.0,4402546.0,2393887.0,0.0,0.0,0.0,0.0,0.0,0.0
196,1628421.0,Devin Robinson,0.0,77250.0,7725.0,0.0,0.0,0.0,0.0,0.0,0.0
197,0.0,Devonte Graham,0.0,0.0,988464.0,1416852.0,1663861.0,0.0,0.0,0.0,0.0
198,203473.0,Dewayne Dedmon,2898000.0,6900000.0,6300000.0,13333334.0,3447478.0,5256308.0,2866667.0,2866667.0,2866667.0
199,1627738.0,Deyonta Davis,1369229.0,1312611.0,1741503.0,0.0,0.0,0.0,0.0,0.0,0.0
200,1627754.0,Diamond Stone,543471.0,1312611.0,0.0,0.0,0.0,0.0,0.0,0.0,0.0
201,1628415.0,Dillon Brooks,0.0,815615.0,1378242.0,1618520.0,11400000.0,12200000.0,11400000.0,0.0,0.0
202,203079.0,Dion Waiters,2898000.0,12100000.0,12705000.0,0.0,0.0,0.0,0.0,0.0,0.0
203,0.0,Dionte Christmas,50.0,0.0,0.0,0.0,0.0,0.0,0.0,0.0,0.0
204,1717.0,Dirk Nowitzki,25000000.0,5000000.0,5000000.0,0.0,0.0,0.0,0.0,0.0,0.0
205,1627734.0,Domantas Sabonis,2440200.0,2550000.0,2659800.0,3529554.0,19800000.0,18500000.0,18500000.0,19400000.0,0.0
206,202700.0,Donatas Motiejunas,607491.0,0.0,99289.0,0.0,0.0,0.0,0.0,0.0,0.0
207,1628378.0,Donovan Mitchell,0.0,2621280.0,3111480.0,3635760.0,5195501.0,28103500.0,30351780.0,32600060.0,34848340.0
208,1628978.0,Donte DiVincenzo,0.0,0.0,2484360.0,2905800.0,3044160.0,4675830.0,6610599.0,0.0,0.0
209,1629055.0,Donte Grantham,0.0,0.0,7725.0,0.0,0.0,0.0,0.0,0.0,0.0
210,1627827.0,Dorian Finney-Smith,543471.0,1312611.0,1544951.0,4000000.0,4000000.0,4000000.0,12402000.0,13394160.0,14386320.0
211,203926.0,Doug McDermott,2483040.0,3294994.0,7333334.0,7333333.0,7333333.0,13750000.0,13750000.0,13750000.0,0.0
212,1627733.0,Dragan Bender,4276320.0,4468800.0,4661280.0,0.0,0.0,0.0,0.0,0.0,0.0
213,203110.0,Draymond Green,15330435.0,16400000.0,17469565.0,18539130.0,22246956.0,24026712.0,25806468.0,27586224.0,0.0
214,1629234.0,Drew Eubanks,0.0,0.0,7725.0,79568.0,1620564.0,1762796.0,0.0,0.0,0.0
215,1629130.0,Duncan Robinson,0.0,0.0,7725.0,1416852.0,1663861.0,15650000.0,16902000.0,18154000.0,19406000.0
216,1628605.0,Dusty Hannahs,0.0,0.0,4737.0,0.0,0.0,0.0,0.0,0.0,0.0
217,1628407.0,Dwayne Bacon,0.0,815615.0,1378242.0,0.0,0.0,0.0,0.0,0.0,0.0
218,202779.0,Dwight Buycks,0.0,748160.0,0.0,0.0,0.0,0.0,0.0,0.0,0.0
219,2730.0,Dwight Howard,23500000.0,23500000.0,24256725.0,2564753.0,2564753.0,2641691.0,0.0,0.0,0.0
220,203939.0,Dwight Powell,8375000.0,9003125.0,9631250.0,10259375.0,11080125.0,11080125.0,11080125.0,0.0,0.0
221,2548.0,Dwyane Wade,23200000.0,17878652.0,2393887.0,0.0,0.0,0.0,0.0,0.0,0.0
222,1629058.0,Dzanan Musa,0.0,0.0,1634400.0,0.0,0.0,0.0,0.0,0.0,0.0
223,202734.0,E'Twaun Moore,8801363.0,8445024.0,8808685.0,8664928.0,2331593.0,2641691.0,0.0,0.0,0.0
224,0.0,EJ Singler,50.0,0.0,0.0,0.0,0.0,0.0,0.0,0.0,0.0
225,202334.0,Ed Davis,6666667.0,6352531.0,4449000.0,4767000.0,5005350.0,2641691.0,0.0,0.0,0.0
226,1628410.0,Edmond Sumner,0.0,77250.0,449794.0,0.0,0.0,0.0,0.0,0.0,0.0
227,0.0,Egidijus Mockevicius,100.0,0.0,0.0,0.0,0.0,0.0,0.0,0.0,0.0
228,202327.0,Ekpe Udoh,0.0,3200000.0,3360000.0,0.0,0.0,0.0,0.0,0.0,0.0
229,203901.0,Elfrid Payton,2613600.0,3332340.0,3000000.0,8000000.0,4767000.0,2239544.0,0.0,0.0,0.0
230,0.0,Elgin Cook,50.0,0.0,0.0,0.0,0.0,0.0,0.0,0.0,0.0
231,1629059.0,Elie Okobo,0.0,0.0,1238464.0,0.0,0.0,0.0,0.0,0.0,0.0
232,202343.0,Elliot Williams,250.0,0.0,0.0,0.0,0.0,0.0,0.0,0.0,0.0
233,1882.0,Elton Brand,980.0,0.0,0.0,0.0,0.0,0.0,0.0,0.0,0.0
234,1629150.0,Emanuel Terry,0.0,0.0,9474.0,0.0,0.0,0.0,0.0,0.0,0.0
235,2731.0,Emeka Okafor,0.0,813293.0,0.0,0.0,0.0,0.0,0.0,0.0,0.0
236,1626144.0,Emmanuel Mudiay,3241800.0,3381480.0,4294479.0,0.0,0.0,0.0,0.0,0.0,0.0
237,202683.0,Enes Kanter,17145838.0,17884176.0,19264603.0,4767000.0,5005350.0,2641691.0,0.0,0.0,0.0
238,202339.0,Eric Bledsoe,14000000.0,14500000.0,15000000.0,15625000.0,16875000.0,18125000.0,19375000.0,0.0,0.0
239,201569.0,Eric Gordon,12385665.0,12943020.0,13500375.0,14057730.0,16869267.0,18218818.0,19568360.0,20917902.0,0.0
240,0.0,Eric Griffin,0.0,77250.0,0.0,0.0,0.0,0.0,0.0,0.0,0.0
241,203961.0,Eric Moreland,0.0,1740000.0,309859.0,0.0,0.0,0.0,0.0,0.0,0.0
242,1628571.0,Erik McCree,0.0,77250.0,0.0,0.0,0.0,0.0,0.0,0.0,0.0
243,101141.0,Ersan Ilyasova,8400000.0,6514288.0,7000000.0,0.0,0.0,0.0,0.0,0.0,0.0
244,203095.0,Evan Fournier,17000000.0,17000000.0,17000000.0,17150000.0,17150000.0,17142857.0,18000000.0,18857143.0,19000000.0
245,202323.0,Evan Turner,16393443.0,17131148.0,17868853.0,0.0,0.0,0.0,0.0,0.0,0.0
246,203105.0,Festus Ezeli,7400000.0,1000000.0,0.0,0.0,0.0,0.0,0.0,0.0,0.0
247,1628402.0,Frank Jackson,0.0,815615.0,1378242.0,1618520.0,699115.0,3000000.0,3150000.0,0.0,0.0
248,1626163.0,Frank Kaminsky,2730000.0,2847600.0,3627842.0,4767000.0,1737145.0,2089448.0,0.0,0.0,0.0
249,0.0,Frank Mason,0.0,1184385.0,1378242.0,0.0,0.0,0.0,0.0,0.0,0.0
250,1628373.0,Frank Ntilikina,0.0,3501120.0,4155720.0,4855800.0,6176578.0,1789256.0,2036318.0,0.0,0.0
251,1627832.0,Fred VanVleet,543471.0,1312611.0,8653847.0,9346153.0,21250000.0,19675926.0,21250000.0,22824074.0,0.0
252,1627788.0,Furkan Korkmaz,0.0,1465920.0,1740000.0,1620564.0,1762796.0,4629630.0,5000000.0,5370370.0,0.0
253,202066.0,Garrett Temple,8000000.0,8000000.0,8000000.0,4767000.0,4767000.0,4910000.0,5155500.0,5401000.0,0.0
254,1629109.0,Gary Clark,0.0,0.0,674122.0,0.0,0.0,0.0,0.0,0.0,0.0
255,203914.0,Gary Harris,1655880.0,2550055.0,16517857.0,18189286.0,19610714.0,20932143.0,0.0,0.0,0.0
256,202390.0,Gary Neal,72193.0,0.0,0.0,0.0,0.0,0.0,0.0,0.0,0.0
257,1627780.0,Gary Payton II,578636.0,154500.0,85457.0,1052909.0,249864.0,1669178.0,0.0,0.0,0.0
258,0.0,Gary Trent Jr,0.0,0.0,838464.0,1416852.0,1663861.0,0.0,0.0,0.0,0.0
259,201588.0,George Hill,8000000.0,20000000.0,19000000.0,10133907.0,9590602.0,5275491.0,4000000.0,0.0,0.0
260,1628994.0,George King,0.0,0.0,7725.0,0.0,0.0,0.0,0.0,0.0,0.0
261,1627777.0,Georges Niang,650.0,177250.0,1512601.0,1645357.0,1783557.0,3300000.0,3465000.0,0.0,0.0
262,1627834.0,Georgios Papagiannis,2202240.0,2486757.0,2400480.0,0.0,0.0,0.0,0.0,0.0,0.0
263,101123.0,Gerald Green,1410598.0,1381403.0,1512601.0,0.0,0.0,0.0,0.0,0.0,0.0
264,201945.0,Gerald Henderson,9000000.0,1000000.0,0.0,0.0,0.0,0.0,0.0,0.0,0.0
265,1628492.0,Gian Clavell,0.0,77250.0,0.0,0.0,0.0,0.0,0.0,0.0,0.0
266,203507.0,Giannis Antetokounmpo,2995420.0,22471911.0,24157304.0,25842697.0,27528088.0,39344900.0,42492492.0,45640084.0,48787676.0
267,203922.0,Glenn Robinson III,1050500.0,1524305.0,4075000.0,0.0,0.0,0.0,0.0,0.0,0.0
268,201609.0,Goran Dragic,15891725.0,17000450.0,18109175.0,19217900.0,18000000.0,18620165.0,0.0,0.0,0.0
269,202330.0,Gordon Hayward,16073140.0,29727900.0,31214295.0,32700690.0,28500000.0,29925000.0,30075000.0,31500000.0,0.0
270,203476.0,Gorgui Dieng,2348782.0,14112360.0,15170787.0,16229213.0,17587688.0,4000000.0,0.0,0.0,0.0
271,1628960.0,Grayson Allen,0.0,0.0,2076960.0,2429400.0,2545320.0,4054695.0,9350000.0,9350000.0,0.0
272,202328.0,Greg Monroe,17145838.0,21384175.0,2410167.0,0.0,0.0,0.0,0.0,0.0,0.0
273,202349.0,Greivis Vasquez,4347826.0,0.0,0.0,0.0,0.0,0.0,0.0,0.0,0.0
274,1627824.0,Guerschon Yabusele,0.0,2247480.0,2667600.0,0.0,0.0,0.0,0.0,0.0,0.0
275,1628977.0,Hamidou Diallo,0.0,0.0,838464.0,1416852.0,1663861.0,5200000.0,5200000.0,0.0,0.0
276,203084.0,Harrison Barnes,22116750.0,23112004.0,24107258.0,24147727.0,22215909.0,20284091.0,18352273.0,0.0,0.0
277,0.0,Harry Giles,0.0,1859400.0,2207040.0,0.0,0.0,0.0,0.0,0.0,0.0
278,202355.0,Hassan Whiteside,22116750.0,23775506.0,24434262.0,27093018.0,2320044.0,2401537.0,0.0,0.0,0.0
279,1629312.0,Haywood Highsmith,0.0,0.0,7725.0,0.0,0.0,0.0,0.0,0.0,0.0
280,1627740.0,Henry Ellenson,1704120.0,1780800.0,2199311.0,0.0,0.0,0.0,0.0,0.0,0.0
281,203156.0,Henry Sims,75.0,0.0,0.0,0.0,0.0,0.0,0.0,0.0,0.0
282,203138.0,Hollis Thompson,1131040.0,0.0,0.0,0.0,0.0,0.0,0.0,0.0,0.0
283,203546.0,Ian Clark,1015696.0,1577230.0,1757429.0,0.0,0.0,0.0,0.0,0.0,0.0
284,101133.0,Ian Mahinmi,16000000.0,16000000.0,16000000.0,0.0,0.0,0.0,0.0,0.0,0.0
285,1628387.0,Ike Anigbogu,0.0,950000.0,1349383.0,0.0,0.0,0.0,0.0,0.0,0.0
286,202697.0,Iman Shumpert,9662922.0,10337079.0,11011234.0,0.0,0.0,0.0,0.0,0.0,0.0
287,1629067.0,Isaac Bonga,0.0,0.0,1000000.0,1416852.0,1663861.0,1729217.0,0.0,0.0,0.0
288,1629353.0,Isaac Humphries,0.0,0.0,4737.0,0.0,0.0,0.0,0.0,0.0,0.0
289,1628515.0,Isaiah Briscoe,0.0,0.0,838464.0,0.0,0.0,0.0,0.0,0.0,0.0
290,203477.0,Isaiah Canaan,1015696.0,1113863.0,744671.0,0.0,0.0,0.0,0.0,0.0,0.0
291,0.0,Isaiah Cousins,100.0,0.0,0.0,0.0,0.0,0.0,0.0,0.0,0.0
292,1628392.0,Isaiah Hartenstein,0.0,0.0,838464.0,0.0,0.0,1729217.0,0.0,0.0,0.0
293,1628439.0,Isaiah Hicks,0.0,77250.0,7725.0,0.0,0.0,0.0,0.0,0.0,0.0
294,1627819.0,Isaiah Taylor,305.0,1312611.0,0.0,0.0,0.0,0.0,0.0,0.0,0.0
295,202738.0,Isaiah Thomas,6587131.0,6261394.0,2029463.0,0.0,0.0,0.0,0.0,0.0,0.0
296,1627785.0,Isaiah Whitehead,1074145.0,1312611.0,72639.0,0.0,0.0,0.0,0.0,0.0,0.0
297,0.0,Ishmael Smith,6000000.0,6000000.0,6000000.0,6000000.0,6000000.0,0.0,0.0,0.0,0.0
298,1628397.0,Ivan Rabb,0.0,950000.0,1378242.0,0.0,0.0,0.0,0.0,0.0,0.0
299,1627826.0,Ivica Zubac,1034865.0,1312611.0,1544951.0,6481482.0,7000000.0,7518518.0,7518518.0,0.0,0.0
300,200755.0,JJ Redick,7377500.0,23000000.0,12250000.0,0.0,0.0,0.0,0.0,0.0,0.0
301,0.0,JP Macura,0.0,0.0,7725.0,0.0,0.0,0.0,0.0,0.0,0.0
302,0.0,JP Tokoto,100.0,0.0,0.0,0.0,0.0,0.0,0.0,0.0,0.0
303,2747.0,JR Smith,12800000.0,13760000.0,14720000.0,0.0,0.0,0.0,0.0,0.0,0.0
304,203960.0,JaKarr Sampson,0.0,77250.0,85457.0,0.0,0.0,0.0,0.0,0.0,0.0
305,203210.0,JaMychal Green,980431.0,8533333.0,8066667.0,4767000.0,7199760.0,8200000.0,8200000.0,0.0,0.0
306,201580.0,JaVale McGee,1403611.0,2116955.0,2393887.0,4000000.0,4200000.0,5000000.0,0.0,0.0,0.0
307,1628444.0,Jabari Bird,0.0,77250.0,1349383.0,0.0,0.0,0.0,0.0,0.0,0.0
308,203953.0,Jabari Parker,5374320.0,6782392.0,20000000.0,6500000.0,6930729.0,1168286.0,0.0,0.0,0.0
309,204022.0,Jack Cooley,0.0,77250.0,0.0,0.0,0.0,0.0,0.0,0.0,0.0
310,1628980.0,Jacob Evans,0.0,0.0,1646400.0,0.0,0.0,0.0,0.0,0.0,0.0
311,1626643.0,Jacob Pullen,0.0,77250.0,0.0,0.0,0.0,0.0,0.0,0.0,0.0
312,1628451.0,Jacob Wiley,0.0,77250.0,0.0,0.0,0.0,0.0,0.0,0.0,0.0
313,203109.0,Jae Crowder,6286408.0,6796117.0,7305825.0,7815533.0,9258000.0,9720900.0,10183800.0,0.0,0.0
314,1626143.0,Jahlil Okafor,4788840.0,4995120.0,1567007.0,0.0,0.0,0.0,0.0,0.0,0.0
315,1627774.0,Jake Layman,600.0,1312611.0,1544951.0,3581986.0,3761085.0,3940184.0,0.0,0.0,0.0
316,1627751.0,Jakob Poeltl,2703960.0,2825640.0,2947320.0,3754885.0,8101852.0,8750000.0,9398148.0,0.0,0.0
317,1628973.0,Jalen Brunson,0.0,0.0,1230000.0,1416852.0,1663861.0,1802057.0,0.0,0.0,0.0
318,1627883.0,Jalen Jones,25.0,77250.0,7725.0,0.0,0.0,0.0,0.0,0.0,0.0
319,2037.0,Jamal Crawford,13253012.0,15270762.0,4698113.0,0.0,0.0,0.0,0.0,0.0,0.0
320,1627750.0,Jamal Murray,3210840.0,3355320.0,3499800.0,4444746.0,27285000.0,29467800.0,31650600.0,33833400.0,36016200.0
321,1627866.0,Jameel Warney,0.0,46079.0,0.0,0.0,0.0,0.0,0.0,0.0,0.0
322,2749.0,Jameer Nelson,4540525.0,6998920.0,0.0,0.0,0.0,0.0,0.0,0.0,0.0
323,1628503.0,Jamel Artis,0.0,77250.0,0.0,0.0,0.0,0.0,0.0,0.0,0.0
324,0.0,James Ennis,2898000.0,3028410.0,1621415.0,0.0,0.0,0.0,0.0,0.0,0.0
325,201935.0,James Harden,26540100.0,28299399.0,30570000.0,38199000.0,41254920.0,44310840.0,47366760.0,0.0,0.0
326,201949.0,James Johnson,4000000.0,13734000.0,14420700.0,15349400.0,16047100.0,2641691.0,0.0,0.0,0.0
327,2592.0,James Jones,1551659.0,0.0,0.0,0.0,0.0,0.0,0.0,0.0,0.0
328,203949.0,James Michael McAdoo,980431.0,77250.0,0.0,0.0,0.0,0.0,0.0,0.0,0.0
329,203263.0,James Nunnally,0.0,0.0,663255.0,0.0,0.0,0.0,0.0,0.0,0.0
330,0.0,James Webb,65.0,77250.0,0.0,0.0,0.0,0.0,0.0,0.0,0.0
331,203923.0,James Young,1825200.0,77250.0,0.0,0.0,0.0,0.0,0.0,0.0,0.0
332,203966.0,Jamil Wilson,0.0,77250.0,0.0,0.0,0.0,0.0,0.0,0.0,0.0
333,201162.0,Jared Dudley,10470000.0,10000000.0,9530000.0,0.0,0.0,0.0,0.0,0.0,0.0
334,203096.0,Jared Sullinger,5628000.0,0.0,0.0,0.0,0.0,0.0,0.0,0.0,0.0
335,1629123.0,Jared Terrell,0.0,0.0,7725.0,0.0,0.0,0.0,0.0,0.0,0.0
336,204067.0,Jarell Eddie,277898.0,166256.0,0.0,0.0,0.0,0.0,0.0,0.0,0.0
337,1626185.0,Jarell Martin,1286160.0,1471382.0,2416221.0,0.0,0.0,0.0,0.0,0.0,0.0
338,0.0,Jaren Jackson Jr,0.0,0.0,5922720.0,6927480.0,7257360.0,0.0,0.0,0.0,0.0
339,203950.0,Jarnell Stokes,150.0,0.0,7725.0,0.0,0.0,0.0,0.0,0.0,0.0
340,1628417.0,Jaron Blossomgame,0.0,0.0,7725.0,0.0,0.0,0.0,0.0,0.0,0.0
341,1629020.0,Jarred Vanderbilt,0.0,0.0,838464.0,1416852.0,1663861.0,4050000.0,4374000.0,4698000.0,0.0
342,1628386.0,Jarrett Allen,0.0,1713720.0,2034120.0,2376840.0,3909902.0,20000000.0,20000000.0,20000000.0,20000000.0
343,101127.0,Jarrett Jack,1571705.0,2328652.0,0.0,0.0,0.0,0.0,0.0,0.0,0.0
344,1627784.0,Jarrod Uthoff,12992.0,0.0,0.0,0.0,0.0,0.0,0.0,0.0,0.0
345,201160.0,Jason Smith,5000000.0,5225000.0,5450000.0,0.0,0.0,0.0,0.0,0.0,0.0
346,1891.0,Jason Terry,1551659.0,2328652.0,0.0,0.0,0.0,0.0,0.0,0.0,0.0
347,201574.0,Jason Thompson,893333.0,893333.0,893333.0,0.0,0.0,0.0,0.0,0.0,0.0
348,1628393.0,Jawun Evans,0.0,815615.0,1455492.0,0.0,0.0,0.0,0.0,0.0,0.0
349,1629121.0,Jaylen Adams,0.0,0.0,236854.0,0.0,0.0,0.0,0.0,0.0,0.0
350,1627759.0,Jaylen Brown,4743000.0,4956480.0,5169960.0,6534829.0,25035118.0,26758928.0,28741071.0,30723214.0,0.0
351,0.0,Jaylen Johnson,0.0,87551.0,0.0,0.0,0.0,0.0,0.0,0.0,0.0
352,1628537.0,Jaylen Morris,0.0,198143.0,7725.0,0.0,0.0,0.0,0.0,0.0,0.0
353,1628369.0,Jayson Tatum,0.0,5645400.0,6700800.0,7830000.0,9897120.0,28103500.0,30351780.0,32600060.0,34848340.0
354,201145.0,Jeff Green,15000000.0,2116955.0,2393887.0,840427.0,2564753.0,4500000.0,4500000.0,0.0,0.0
355,201952.0,Jeff Teague,8000000.0,19000000.0,19000000.0,0.0,0.0,0.0,0.0,0.0,0.0
356,203481.0,Jeff Withey,1015696.0,593780.0,0.0,0.0,0.0,0.0,0.0,0.0,0.0
357,1629203.0,Jemerrio Jones,0.0,0.0,5217.0,0.0,0.0,0.0,0.0,0.0,0.0
358,203924.0,Jerami Grant,980431.0,1524305.0,8333333.0,9346153.0,19050000.0,20002500.0,20955000.0,0.0,0.0
359,202379.0,Jeremy Evans,1227286.0,154059.0,0.0,0.0,0.0,0.0,0.0,0.0,0.0
360,203087.0,Jeremy Lamb,7000000.0,7000000.0,7000000.0,10500000.0,10500000.0,10500000.0,0.0,0.0,0.0
361,202391.0,Jeremy Lin,11483254.0,12000000.0,12516746.0,0.0,0.0,0.0,0.0,0.0,0.0
362,1626170.0,Jerian Grant,1643040.0,1713840.0,2639313.0,0.0,0.0,0.0,0.0,0.0,0.0
363,1629010.0,Jerome Robinson,0.0,0.0,3050160.0,0.0,0.0,0.0,0.0,0.0,0.0
364,201573.0,Jerryd Bayless,9424084.0,9000000.0,8575916.0,0.0,0.0,0.0,0.0,0.0,0.0
365,1628975.0,Jevon Carter,0.0,0.0,838464.0,1416852.0,3925000.0,3650000.0,3925000.0,0.0,0.0
366,202690.0,Jimmer Fredette,0.0,0.0,198579.0,0.0,0.0,0.0,0.0,0.0,0.0
367,202710.0,Jimmy Butler,17552209.0,18696918.0,19841627.0,32742000.0,34379100.0,36016200.0,37653300.0,45183960.0,48798677.0
368,201149.0,Joakim Noah,17000000.0,17765000.0,20261172.0,0.0,0.0,0.0,0.0,0.0,0.0
369,201975.0,Jodie Meeks,6540000.0,3290000.0,3774176.0,0.0,0.0,0.0,0.0,0.0,0.0
370,1629147.0,Joe Chealey,0.0,0.0,7725.0,0.0,0.0,0.0,0.0,0.0,0.0
371,203925.0,Joe Harris,980431.0,1524305.0,8333333.0,7666667.0,16071429.0,17357143.0,18642857.0,19928571.0,0.0
372,204060.0,Joe Ingles,2100000.0,13636364.0,12545455.0,11454546.0,10363637.0,13036364.0,0.0,0.0,0.0
373,2207.0,Joe Johnson,11000000.0,10254904.0,0.0,0.0,0.0,0.0,0.0,0.0,0.0
374,201202.0,Joel Anthony,66381.0,0.0,0.0,0.0,0.0,0.0,0.0,0.0,0.0
375,1627762.0,Joel Bolomboy,600.0,708200.0,0.0,0.0,0.0,0.0,0.0,0.0,0.0
376,203954.0,Joel Embiid,4826160.0,6100266.0,25467250.0,27504630.0,29542010.0,31579390.0,33616770.0,43732500.0,47231100.0
377,203530.0,Joffrey Lauvergne,1709719.0,1524305.0,0.0,0.0,0.0,0.0,0.0,0.0,0.0
378,1628381.0,John Collins,0.0,1936920.0,2299080.0,2686560.0,4137302.0,23000000.0,23500000.0,25340000.0,26580000.0
379,203089.0,John Henson,12267606.0,11422536.0,10577466.0,0.0,0.0,0.0,0.0,0.0,0.0
380,204066.0,John Holland,0.0,77250.0,7725.0,0.0,0.0,0.0,0.0,0.0,0.0
381,203098.0,John Jenkins,1050961.0,0.0,585809.0,0.0,0.0,0.0,0.0,0.0,0.0
382,0.0,John Lucas,580344.0,0.0,0.0,0.0,0.0,0.0,0.0,0.0,0.0
383,202322.0,John Wall,15756438.0,18063850.0,19169800.0,38199000.0,41254920.0,44310840.0,47366760.0,0.0,0.0
384,1628405.0,Johnathan Motley,0.0,77250.0,7725.0,0.0,0.0,0.0,0.0,0.0,0.0
385,1629140.0,Johnathan Williams,0.0,0.0,12725.0,0.0,0.0,0.0,0.0,0.0,0.0
386,0.0,Johnny O'Bryant,392169.0,1524305.0,0.0,0.0,0.0,0.0,0.0,0.0,0.0
387,202720.0,Jon Leuer,10991957.0,10497319.0,10002681.0,0.0,0.0,0.0,0.0,0.0,0.0
388,1628413.0,Jonah Bolden,0.0,0.0,1690000.0,0.0,0.0,0.0,0.0,0.0,0.0
389,201973.0,Jonas Jerebko,5000000.0,4000000.0,2165481.0,0.0,0.0,0.0,0.0,0.0,0.0
390,202685.0,Jonas Valanciunas,14382023.0,15460675.0,16539326.0,16000000.0,15000000.0,14000000.0,14700000.0,15435000.0,0.0
391,1626780.0,Jonathan Gibson,671346.0,74158.0,76236.0,0.0,0.0,0.0,0.0,0.0,0.0
392,1628371.0,Jonathan Isaac,0.0,4186320.0,4969080.0,5806440.0,7362565.0,17400000.0,17400000.0,17400000.0,17400000.0
393,203613.0,Jonathon Simmons,874636.0,6300000.0,6000000.0,0.0,0.0,0.0,0.0,0.0,0.0
394,203919.0,Jordan Adams,1465080.0,0.0,0.0,0.0,0.0,0.0,0.0,0.0,0.0
395,1628395.0,Jordan Bell,0.0,815615.0,1378242.0,0.0,0.0,0.0,0.0,0.0,0.0
396,203903.0,Jordan Clarkson,12500000.0,11562500.0,12500000.0,13437500.0,11500000.0,12420000.0,13340000.0,14260000.0,0.0
397,202348.0,Jordan Crawford,23492.0,1709538.0,0.0,0.0,0.0,0.0,0.0,0.0,0.0
398,200770.0,Jordan Farmar,82976.0,0.0,0.0,0.0,0.0,0.0,0.0,0.0,0.0
399,201941.0,Jordan Hill,4000000.0,0.0,0.0,0.0,0.0,0.0,0.0,0.0,0.0
400,1628070.0,Jordan Loyd,0.0,0.0,7725.0,0.0,0.0,0.0,0.0,0.0,0.0
401,203895.0,Jordan McRae,874636.0,0.0,7725.0,0.0,0.0,0.0,0.0,0.0,0.0
402,1626175.0,Jordan Mickey,1223653.0,1471382.0,0.0,0.0,0.0,0.0,0.0,0.0,0.0
403,1626296.0,Jordan Sibert,0.0,0.0,4737.0,0.0,0.0,0.0,0.0,0.0,0.0
404,101181.0,Jose Calderon,7708427.0,2328652.0,2393887.0,0.0,0.0,0.0,0.0,0.0,0.0
405,0.0,Jose Juan Barea,4096950.0,3903900.0,3710850.0,0.0,0.0,0.0,0.0,0.0,0.0
406,0.0,Joseph Young,1052342.0,1471382.0,0.0,0.0,0.0,0.0,0.0,0.0,0.0
407,1627982.0,Josh Gray,0.0,92159.0,0.0,0.0,0.0,0.0,0.0,0.0,0.0
408,1628404.0,Josh Hart,0.0,1394520.0,1655160.0,1934160.0,3491159.0,12000000.0,12960000.0,12960000.0,0.0
409,203962.0,Josh Huestis,1191480.0,1471382.0,0.0,0.0,0.0,0.0,0.0,0.0,0.0
410,1628367.0,Josh Jackson,0.0,5090040.0,6041520.0,7059480.0,4767000.0,5005350.0,0.0,0.0,0.0
411,203705.0,Josh Magette,0.0,77250.0,0.0,0.0,0.0,0.0,0.0,0.0,0.0
412,201177.0,Josh McRoberts,5782450.0,6021175.0,0.0,0.0,0.0,0.0,0.0,0.0,0.0
413,1629006.0,Josh Okogie,0.0,0.0,2163600.0,2530680.0,2651040.0,4087904.0,5857966.0,0.0,0.0
414,1626196.0,Josh Richardson,874636.0,1471382.0,9367200.0,10116576.0,10865952.0,11615328.0,12196094.0,0.0,0.0
415,2746.0,Josh Smith,5331729.0,5514806.0,5331729.0,0.0,0.0,0.0,0.0,0.0,0.0
416,201950.0,Jrue Holiday,11000000.0,25686667.0,26641111.0,26131111.0,27026011.0,32431333.0,35025840.0,37620347.0,40214853.0
417,0.0,Juan Hernangomez,1987440.0,2076840.0,2166360.0,3321029.0,6493000.0,0.0,0.0,0.0,0.0
418,1627395.0,Julian Washburn,0.0,0.0,7725.0,0.0,0.0,0.0,0.0,0.0,0.0
419,203944.0,Julius Randle,3267120.0,4149242.0,8641000.0,18000000.0,19845000.0,21780000.0,26136000.0,28226880.0,30317760.0
420,202933.0,Julyan Stone,50.0,1524305.0,0.0,0.0,0.0,0.0,0.0,0.0,0.0
421,1626147.0,Justin Anderson,1514160.0,1579440.0,2516047.0,0.0,0.0,0.0,0.0,0.0,0.0
422,0.0,Justin Bibbs,0.0,0.0,92159.0,0.0,0.0,0.0,0.0,0.0,0.0
423,203120.0,Justin Hamilton,3000000.0,1000000.0,1000000.0,0.0,0.0,0.0,0.0,0.0,0.0
424,203200.0,Justin Holiday,1015696.0,4500000.0,4500000.0,4767000.0,5720400.0,6006420.0,6292440.0,0.0,0.0
425,1628382.0,Justin Jackson,0.0,2365560.0,2807880.0,0.0,0.0,0.0,0.0,0.0,0.0
426,1628383.0,Justin Patton,0.0,2247480.0,2667600.0,0.0,0.0,0.0,0.0,0.0,0.0
427,1626159.0,Justise Winslow,2593440.0,2705040.0,3448926.0,13000000.0,13000000.0,3902439.0,4097561.0,0.0,0.0
428,203994.0,Jusuf Nurkic,1921320.0,2947304.0,11111111.0,12000000.0,12888889.0,12000000.0,0.0,0.0,0.0
429,203909.0,KJ McDaniels,3333333.0,100000.0,0.0,0.0,0.0,0.0,0.0,0.0,0.0
430,1628443.0,Kadeem Allen,0.0,77250.0,7725.0,0.0,0.0,0.0,0.0,0.0,0.0
431,0.0,Kaleb Tarczewski,75.0,0.0,0.0,0.0,0.0,0.0,0.0,0.0,0.0
432,203564.0,Kalin Lucas,0.0,0.0,648008.0,0.0,0.0,0.0,0.0,0.0,0.0
433,1626157.0,Karl-Anthony Towns,5960160.0,6216840.0,7839435.0,27285000.0,29467800.0,31650600.0,33833400.0,36016200.0,0.0
434,202695.0,Kawhi Leonard,17638063.0,18868625.0,23114066.0,32742000.0,34379100.0,39344900.0,42492492.0,45640084.0,48787676.0
435,1627770.0,Kay Felder,543471.0,551866.0,0.0,0.0,0.0,0.0,0.0,0.0,0.0
436,1629037.0,Keenan Evans,0.0,0.0,7725.0,0.0,0.0,0.0,0.0,0.0,0.0
437,1628966.0,Keita Bates-Diop,0.0,0.0,838464.0,1416852.0,449115.0,1729217.0,1878720.0,0.0,0.0
438,0.0,Keith Benson,75.0,0.0,0.0,0.0,0.0,0.0,0.0,0.0,0.0
439,203482.0,Kelly Olynyk,3094013.0,12007169.0,13537527.0,12667885.0,12819650.0,12195122.0,12804878.0,12195122.0,0.0
440,0.0,Kelly Oubre,2006640.0,2093040.0,3208630.0,15625000.0,14375000.0,0.0,0.0,0.0,0.0
441,202689.0,Kemba Walker,12000000.0,12000000.0,12000000.0,32742000.0,34379100.0,34967442.0,36596549.0,0.0,0.0
442,1629134.0,Kendrick Nunn,0.0,0.0,4737.0,1416852.0,1663861.0,5000000.0,5250000.0,0.0,0.0
443,2570.0,Kendrick Perkins,0.0,131562.0,0.0,0.0,0.0,0.0,0.0,0.0,0.0
444,202702.0,Kenneth Faried,12078652.0,12921348.0,14242782.0,0.0,0.0,0.0,0.0,0.0,0.0
445,1629026.0,Kenrich Williams,0.0,0.0,838464.0,1416852.0,2000000.0,2000000.0,2000000.0,0.0,0.0
446,203145.0,Kent Bazemore,15730337.0,16910112.0,18089888.0,19269663.0,2320044.0,2401537.0,0.0,0.0,0.0
447,203484.0,Kentavious Caldwell-Pope,3678319.0,17745894.0,12000000.0,8139282.0,12073020.0,13038862.0,14004703.0,0.0,0.0
448,201142.0,Kevin Durant,26540100.0,25000000.0,30000000.0,37199000.0,40108950.0,42018900.0,44119845.0,47649433.0,51179020.0
449,708.0,Kevin Garnett,8000000.0,0.0,0.0,0.0,0.0,0.0,0.0,0.0,0.0
450,1628989.0,Kevin Huerter,0.0,0.0,2250960.0,2636280.0,2761920.0,4253357.0,14508929.0,15669643.0,16830357.0
451,0.0,Kevin Knox,0.0,0.0,3744840.0,4380120.0,4588680.0,0.0,0.0,0.0,0.0
452,201567.0,Kevin Love,21165675.0,22642350.0,24119025.0,28942830.0,31258256.0,31258256.0,28942830.0,0.0,0.0
453,2755.0,Kevin Martin,3336000.0,0.0,0.0,0.0,0.0,0.0,0.0,0.0,0.0
454,202338.0,Kevin Seraphin,1800000.0,0.0,0.0,0.0,0.0,0.0,0.0,0.0,0.0
455,1626172.0,Kevon Looney,1182840.0,1471382.0,1567007.0,4464286.0,4821429.0,5178572.0,0.0,0.0,0.0
456,203920.0,Khem Birch,0.0,815615.0,1378242.0,3000000.0,3011499.0,6350000.0,6667500.0,6985000.0,0.0
457,203114.0,Khris Middleton,15200000.0,14100000.0,13000000.0,30603448.0,33051724.0,35500000.0,37984276.0,40396552.0,0.0
458,1629017.0,Khyri Thomas,0.0,0.0,838464.0,0.0,0.0,0.0,0.0,0.0,0.0
459,202691.0,Klay Thompson,16663575.0,17826150.0,18988725.0,32742000.0,35361360.0,37980720.0,40600080.0,43219440.0,0.0
460,1628424.0,Kobi Simmons,0.0,77250.0,76236.0,0.0,0.0,0.0,0.0,0.0,0.0
461,201585.0,Kosta Koufos,8046500.0,8393000.0,8739500.0,0.0,0.0,0.0,0.0,0.0,0.0
462,1628961.0,Kostas Antetokounmpo,0.0,0.0,7725.0,0.0,0.0,0.0,0.0,0.0,0.0
463,1627739.0,Kris Dunn,3872520.0,4046760.0,4221000.0,0.0,0.0,0.0,0.0,0.0,0.0
464,2743.0,Kris Humphries,8630000.0,0.0,0.0,0.0,0.0,0.0,0.0,0.0,0.0
465,204001.0,Kristaps Porzingis,4317720.0,4503600.0,5697054.0,27285000.0,29467800.0,31650600.0,33833400.0,36016200.0,0.0
466,203937.0,Kyle Anderson,1192080.0,2151704.0,8641000.0,9073050.0,9505100.0,9937150.0,0.0,0.0,0.0
467,1627858.0,Kyle Collinsworth,70.0,595702.0,0.0,0.0,0.0,0.0,0.0,0.0,0.0
468,2594.0,Kyle Korver,5239437.0,7000000.0,7560000.0,0.0,0.0,0.0,0.0,0.0,0.0
469,1628398.0,Kyle Kuzma,0.0,1423560.0,1689840.0,1974600.0,3562178.0,13000000.0,13000000.0,13000000.0,0.0
470,200768.0,Kyle Lowry,12000000.0,28903704.0,32700000.0,33296296.0,30500000.0,26984128.0,28333334.0,29682540.0,0.0
471,203124.0,Kyle O'Quinn,3918750.0,4087500.0,4449000.0,0.0,0.0,0.0,0.0,0.0,0.0
472,202713.0,Kyle Singler,4837500.0,4666500.0,1665333.0,0.0,0.0,0.0,0.0,0.0,0.0
473,1627787.0,Kyle Wiltjer,543471.0,0.0,0.0,0.0,0.0,0.0,0.0,0.0,0.0
474,202681.0,Kyrie Irving,17638063.0,18868626.0,20099189.0,31742000.0,33722850.0,35053700.0,36647050.0,0.0,0.0
475,200746.0,LaMarcus Aldridge,20575005.0,21461010.0,22347015.0,26000000.0,17628340.0,2641691.0,0.0,0.0,0.0
476,203934.0,Lamar Patterson,242963.0,0.0,0.0,0.0,0.0,0.0,0.0,0.0,0.0
477,202362.0,Lance Stephenson,5371672.0,4180000.0,4449000.0,0.0,0.0,0.0,0.0,0.0,0.0
478,202498.0,Lance Thomas,6191000.0,6655325.0,7119650.0,0.0,0.0,0.0,0.0,0.0,0.0
479,0.0,Landry Nnoko,0.0,50000.0,0.0,0.0,0.0,0.0,0.0,0.0,0.0
480,1629013.0,Landry Shamet,0.0,0.0,1705920.0,1995120.0,2090040.0,3768342.0,9500000.0,10250000.0,11000000.0
481,204038.0,Langston Galloway,5200000.0,6666667.0,7000000.0,0.0,0.0,0.0,0.0,0.0,0.0
482,203580.0,Larry Drew II,0.0,222474.0,0.0,0.0,0.0,0.0,0.0,0.0,0.0
483,0.0,Larry Nance Jr,1207680.0,1471382.0,2272390.0,12727273.0,11709091.0,0.0,0.0,0.0,0.0
484,202336.0,Larry Sanders,5207722.0,5000000.0,0.0,0.0,0.0,0.0,0.0,0.0,0.0
485,1628374.0,Lauri Markkanen,0.0,3821640.0,4536120.0,5300400.0,6731508.0,15690909.0,16475454.0,17259999.0,18044544.0
486,202730.0,Lavoy Allen,3500000.0,3500000.0,0.0,0.0,0.0,0.0,0.0,0.0,0.0
487,2544.0,LeBron James,30963450.0,33285709.0,35654150.0,37436858.0,39219566.0,41180544.0,44474988.0,0.0,0.0
488,2571.0,Leandro Barbosa,4000000.0,500000.0,0.0,0.0,0.0,0.0,0.0,0.0,0.0
489,0.0,Livio Jean-Charles,1188840.0,1242240.0,0.0,0.0,0.0,0.0,0.0,0.0,0.0
490,1628506.0,London Perrantes,0.0,77250.0,0.0,0.0,0.0,0.0,0.0,0.0,0.0
491,0.0,Lonnie Walker,0.0,0.0,2360160.0,2764200.0,2895720.0,0.0,0.0,0.0,0.0
492,1628366.0,Lonzo Ball,0.0,6286560.0,7461960.0,8719320.0,11003782.0,18604651.0,19534884.0,20465117.0,21395348.0
493,203485.0,Lorenzo Brown,0.0,77250.0,800.0,0.0,0.0,0.0,0.0,0.0,0.0
494,0.0,Louis Amundson,980431.0,0.0,0.0,0.0,0.0,0.0,0.0,0.0,0.0
495,0.0,Louis Williams,7000000.0,7000000.0,8000000.0,8000000.0,8000000.0,0.0,0.0,0.0,0.0
496,201601.0,Luc Mbah a Moute,2203000.0,2116955.0,4320500.0,0.0,0.0,0.0,0.0,0.0,0.0
497,203512.0,Lucas Nogueira,1921320.0,2947304.0,0.0,0.0,0.0,0.0,0.0,0.0,0.0
498,1626242.0,Luis Montero,0.0,77250.0,0.0,0.0,0.0,0.0,0.0,0.0,0.0
499,2449.0,Luis Scola,5000000.0,0.0,0.0,0.0,0.0,0.0,0.0,0.0,0.0
500,1629029.0,Luka Doncic,0.0,0.0,6569040.0,7683360.0,8049360.0,10174391.0,35700000.0,38556000.0,41412000.0
501,202337.0,Luke Babbitt,1227286.0,1974159.0,0.0,0.0,0.0,0.0,0.0,0.0,0.0
502,1628379.0,Luke Kennard,0.0,2759280.0,3275280.0,3827160.0,5273826.0,12727273.0,13745455.0,14763636.0,14763636.0
503,1628436.0,Luke Kornet,0.0,77250.0,1619260.0,0.0,0.0,0.0,0.0,0.0,0.0
504,2736.0,Luol Deng,18000000.0,17190000.0,16747954.0,0.0,0.0,0.0,0.0,0.0,0.0
505,1627781.0,Malachi Richardson,1439880.0,1504560.0,1569360.0,0.0,0.0,0.0,0.0,0.0,0.0
506,1627763.0,Malcolm Brogdon,875.0,1312611.0,1544951.0,20000000.0,20700000.0,21700000.0,22600000.0,22500000.0,22500000.0
507,1627098.0,Malcolm Delaney,2500000.0,2500000.0,0.0,0.0,0.0,0.0,0.0,0.0,0.0
508,1626259.0,Malcolm Miller,0.0,77250.0,457418.0,0.0,0.0,0.0,0.0,0.0,0.0
509,1627736.0,Malik Beasley,1627320.0,1700640.0,1773840.0,2731713.0,13425895.0,14491964.0,15558035.0,16524106.0,0.0
510,1628370.0,Malik Monk,0.0,2904480.0,3447480.0,4028400.0,5345687.0,1789256.0,0.0,0.0,0.0
511,1628493.0,Mangok Mathiang,0.0,77250.0,0.0,0.0,0.0,0.0,0.0,0.0,0.0
512,202412.0,Manny Harris,119493.0,0.0,0.0,0.0,0.0,0.0,0.0,0.0,0.0
513,1938.0,Manu Ginobili,14000000.0,2500000.0,2500000.0,0.0,0.0,0.0,0.0,0.0,0.0
514,202705.0,MarShon Brooks,0.0,86118.0,1656092.0,0.0,0.0,0.0,0.0,0.0,0.0
515,201188.0,Marc Gasol,21165675.0,22642350.0,24119025.0,0.0,0.0,0.0,0.0,0.0,0.0
516,1626273.0,Marcelo Huertas,1500000.0,0.0,0.0,0.0,0.0,0.0,0.0,0.0,0.0
517,101162.0,Marcin Gortat,12000000.0,12782609.0,13565218.0,0.0,0.0,0.0,0.0,0.0,0.0
518,201158.0,Marco Belinelli,6333333.0,7082277.0,6153846.0,0.0,0.0,0.0,0.0,0.0,0.0
519,1629094.0,Marcus Derrickson,0.0,0.0,7725.0,0.0,0.0,0.0,0.0,0.0,0.0
520,1627875.0,Marcus Georges-Hunt,88936.0,1312611.0,0.0,0.0,0.0,0.0,0.0,0.0,0.0
521,0.0,Marcus Morris,4625000.0,5000000.0,5375000.0,15000000.0,14883721.0,0.0,0.0,0.0,0.0
522,1627779.0,Marcus Paige,125.0,77250.0,0.0,0.0,0.0,0.0,0.0,0.0,0.0
523,203935.0,Marcus Smart,3578880.0,4538019.0,11160716.0,12553571.0,12946428.0,14339285.0,17207142.0,18583713.0,19960285.0
524,201977.0,Marcus Thornton,1315448.0,0.0,0.0,0.0,0.0,0.0,0.0,0.0,0.0
525,0.0,Marcus Thornton II,0.0,46079.0,0.0,0.0,0.0,0.0,0.0,0.0,0.0
526,201596.0,Mario Chalmers,0.0,2106407.0,0.0,0.0,0.0,0.0,0.0,0.0,0.0
527,1626209.0,Mario Hezonja,3909840.0,4078320.0,6500000.0,0.0,0.0,0.0,0.0,0.0,0.0
528,203900.0,Markel Brown,0.0,77250.0,0.0,0.0,0.0,0.0,0.0,0.0,0.0
529,1628365.0,Markelle Fultz,0.0,7026240.0,8339880.0,9745200.0,12288697.0,16500000.0,16500000.0,17000000.0,0.0
530,202693.0,Markieff Morris,7400000.0,8000000.0,9173294.0,2259887.0,2331593.0,2641691.0,0.0,0.0,0.0
531,1627737.0,Marquese Chriss,2941440.0,3073800.0,3206160.0,0.0,0.0,0.0,0.0,0.0,0.0
532,203104.0,Marquis Teague,0.0,157944.0,0.0,0.0,0.0,0.0,0.0,0.0,0.0
533,201578.0,Marreese Speights,1403611.0,2116955.0,0.0,0.0,0.0,0.0,0.0,0.0,0.0
534,1627850.0,Marshall Plumlee,543471.0,77250.0,0.0,0.0,0.0,0.0,0.0,0.0,0.0
535,101110.0,Martell Webster,2500000.0,0.0,0.0,0.0,0.0,0.0,0.0,0.0,0.0
536,0.0,Marvin Bagley,0.0,0.0,7314960.0,8556120.0,8963640.0,0.0,0.0,0.0,0.0
537,101107.0,Marvin Williams,12250000.0,13168750.0,14087500.0,0.0,0.0,0.0,0.0,0.0,0.0
538,203486.0,Mason Plumlee,2328530.0,14041096.0,12917808.0,14041096.0,8000000.0,9248333.0,9080417.0,0.0,0.0
539,2440.0,Matt Barnes,6508351.0,6400625.0,0.0,0.0,0.0,0.0,0.0,0.0,0.0
540,1627856.0,Matt Costello,50.0,77250.0,0.0,0.0,0.0,0.0,0.0,0.0,0.0
541,0.0,Matt Williams,0.0,77250.0,0.0,0.0,0.0,0.0,0.0,0.0,0.0
542,203521.0,Matthew Dellavedova,9607500.0,9607500.0,9607500.0,0.0,0.0,0.0,0.0,0.0,0.0
543,1626254.0,Maurice Ndour,543471.0,0.0,0.0,0.0,0.0,0.0,0.0,0.0,0.0
544,0.0,Maurice Williams,2194500.0,0.0,0.0,0.0,0.0,0.0,0.0,0.0,0.0
545,1628467.0,Maxi Kleber,0.0,815615.0,1378242.0,8000000.0,8475000.0,8825000.0,9075000.0,0.0,0.0
546,0.0,Melvin Frazier,0.0,0.0,1050000.0,0.0,0.0,0.0,0.0,0.0,0.0
547,1897.0,Metta World Peace,1551659.0,0.0,0.0,0.0,0.0,0.0,0.0,0.0,0.0
548,203086.0,Meyers Leonard,9213484.0,9904495.0,10595506.0,0.0,0.0,0.0,0.0,0.0,0.0
549,201563.0,Michael Beasley,1403611.0,2116955.0,3500000.0,0.0,0.0,0.0,0.0,0.0,0.0
550,203487.0,Michael Carter-Williams,3183526.0,2700000.0,1468082.0,2028594.0,3300000.0,3300000.0,0.0,0.0,0.0
551,0.0,Michael Frazier,0.0,0.0,4737.0,0.0,0.0,0.0,0.0,0.0,0.0
552,1627771.0,Michael Gbinije,650.0,500000.0,0.0,0.0,0.0,0.0,0.0,0.0,0.0
553,203077.0,Michael Kidd-Gilchrist,13000000.0,13000000.0,13000000.0,0.0,0.0,0.0,0.0,0.0,0.0
554,0.0,Michael Porter,0.0,0.0,2894160.0,3389400.0,3550800.0,0.0,0.0,0.0,0.0
555,0.0,Michael Young,0.0,77250.0,0.0,0.0,0.0,0.0,0.0,0.0,0.0
556,1628969.0,Mikal Bridges,0.0,0.0,3557400.0,4161000.0,4359000.0,5557725.0,20100000.0,21700000.0,23300000.0
557,201144.0,Mike Conley,26540100.0,28530608.0,30521115.0,32511623.0,34502132.0,21000000.0,22680000.0,24360000.0,0.0
558,2399.0,Mike Dunleavy,4837500.0,1600000.0,0.0,0.0,0.0,0.0,0.0,0.0,0.0
559,1628455.0,Mike James,0.0,164802.0,0.0,0.0,0.0,0.0,0.0,0.0,0.0
560,2034.0,Mike Miller,3500000.0,0.0,0.0,0.0,0.0,0.0,0.0,0.0,0.0
561,203488.0,Mike Muscala,1015696.0,5000000.0,5000000.0,2028594.0,2283034.0,3500000.0,3500000.0,0.0,0.0
562,203118.0,Mike Scott,3333333.0,1709538.0,4320500.0,0.0,0.0,0.0,0.0,0.0,0.0
563,1627861.0,Mike Tobey,138937.0,0.0,0.0,0.0,0.0,0.0,0.0,0.0,0.0
564,1628970.0,Miles Bridges,0.0,0.0,3206640.0,3755400.0,3934320.0,5421493.0,7469530.0,0.0,0.0
565,203101.0,Miles Plumlee,12400000.0,12400000.0,12400000.0,0.0,0.0,0.0,0.0,0.0,0.0
566,1628462.0,Milos Teodosic,0.0,6000000.0,6300000.0,0.0,0.0,0.0,0.0,0.0,0.0
567,1628495.0,Milton Doyle,0.0,127250.0,0.0,0.0,0.0,0.0,0.0,0.0,0.0
568,1627851.0,Mindaugas Kuzminskas,2898000.0,3028410.0,0.0,0.0,0.0,0.0,0.0,0.0,0.0
569,203141.0,Mirza Teletovic,10500000.0,10500000.0,10500000.0,0.0,0.0,0.0,0.0,0.0,0.0
570,0.0,Mitch Creek,0.0,0.0,56845.0,0.0,0.0,0.0,0.0,0.0,0.0
571,203956.0,Mitch McGary,1526040.0,0.0,0.0,0.0,0.0,0.0,0.0,0.0,0.0
572,1628249.0,Mitchell Creek,0.0,0.0,4737.0,0.0,0.0,0.0,0.0,0.0,0.0
573,1629011.0,Mitchell Robinson,0.0,0.0,1485440.0,1559712.0,1663861.0,1802057.0,0.0,0.0,0.0
574,1628964.0,Mo Bamba,0.0,0.0,4871280.0,5697600.0,5969040.0,7568743.0,10096703.0,0.0,0.0
575,0.0,Moe Harkless,8988764.0,10662922.0,10837079.0,11011234.0,3623000.0,0.0,0.0,0.0,0.0
576,101145.0,Monta Ellis,10763500.0,2245400.0,2245400.0,0.0,0.0,0.0,0.0,0.0,0.0
577,1628420.0,Monte Morris,0.0,77250.0,1349383.0,1588231.0,1723707.0,8449074.0,9125000.0,9800926.0,0.0
578,1626149.0,Montrezl Harrell,1045000.0,1471382.0,6000000.0,6000000.0,9258000.0,9720900.0,0.0,0.0,0.0
579,1629021.0,Moritz Wagner,0.0,0.0,1764240.0,2063520.0,2383915.0,1729217.0,1878720.0,0.0,0.0
580,1627988.0,Myke Henry,0.0,77250.0,0.0,0.0,0.0,0.0,0.0,0.0,0.0
581,1626167.0,Myles Turner,2380440.0,2483040.0,3294994.0,18000000.0,18000000.0,18000000.0,18000000.0,0.0,0.0
582,203489.0,Nate Wolters,50.0,77250.0,0.0,0.0,0.0,0.0,0.0,0.0,0.0
583,0.0,Naz Long,0.0,167158.0,7725.0,0.0,0.0,0.0,0.0,0.0,0.0
584,202357.0,Nemanja Bjelica,3800000.0,3950000.0,6500000.0,6825000.0,7150000.0,2089448.0,0.0,0.0,0.0
585,0.0,NenÃª,2898000.0,3477600.0,3651480.0,0.0,0.0,0.0,0.0,0.0,0.0
586,203457.0,Nerlens Noel,4384490.0,4187599.0,1757429.0,1882867.0,5000000.0,8800000.0,9240000.0,9680000.0,0.0
587,2555.0,Nick Collison,3750000.0,2328652.0,0.0,0.0,0.0,0.0,0.0,0.0,0.0
588,203910.0,Nick Johnson,980431.0,0.0,0.0,0.0,0.0,0.0,0.0,0.0,0.0
589,201156.0,Nick Young,5443918.0,5192000.0,28402.0,0.0,0.0,0.0,0.0,0.0,0.0
590,0.0,Nick Zeisloft,25.0,0.0,0.0,0.0,0.0,0.0,0.0,0.0,0.0
591,201587.0,Nicolas Batum,20869566.0,22434783.0,24000000.0,25565217.0,11608231.0,12026998.0,12185499.0,0.0,0.0
592,1627852.0,Nicolas Brussino,543471.0,393041.0,0.0,0.0,0.0,0.0,0.0,0.0,0.0
593,1627879.0,Nicolas Laprovittola,204601.0,0.0,0.0,0.0,0.0,0.0,0.0,0.0,0.0
594,1628502.0,Nigel Hayes,0.0,193532.0,0.0,0.0,0.0,0.0,0.0,0.0,0.0
595,203917.0,Nik Stauskas,2993040.0,3807146.0,2161886.0,0.0,0.0,0.0,0.0,0.0,0.0
596,203999.0,Nikola Jokic,1358500.0,1471382.0,25467250.0,27504630.0,29542010.0,31579390.0,33616770.0,0.0,0.0
597,0.0,Nikola Jovanovic,30.0,0.0,0.0,0.0,0.0,0.0,0.0,0.0,0.0
598,202703.0,Nikola Mirotic,5782450.0,12500000.0,12500000.0,0.0,0.0,0.0,0.0,0.0,0.0
599,201593.0,Nikola Pekovic,12100000.0,11600000.0,0.0,0.0,0.0,0.0,0.0,0.0,0.0
600,202696.0,Nikola Vucevic,11750000.0,12250000.0,12750000.0,28000000.0,26000000.0,24000000.0,22000000.0,0.0,0.0
601,203943.0,Noah Vonleh,2751360.0,4031018.0,1621415.0,0.0,0.0,0.0,0.0,0.0,0.0
602,1626181.0,Norman Powell,874636.0,1471382.0,9367200.0,10116576.0,10865952.0,15517242.0,16758621.0,18000000.0,19241379.0
603,202708.0,Norris Cole,288131.0,0.0,0.0,0.0,0.0,0.0,0.0,0.0,0.0
604,1628384.0,OG Anunoby,0.0,1645200.0,1952760.0,2281800.0,3872215.0,16071429.0,17357143.0,18642857.0,19928571.0
605,1627855.0,Okaro White,310995.0,1460927.0,247827.0,0.0,0.0,0.0,0.0,0.0,0.0
606,204179.0,Omari Johnson,0.0,170495.0,0.0,0.0,0.0,0.0,0.0,0.0,0.0
607,1629016.0,Omari Spellman,0.0,0.0,1622520.0,0.0,0.0,0.0,0.0,0.0,0.0
608,201600.0,Omer Asik,9904494.0,10595505.0,11286516.0,0.0,0.0,0.0,0.0,0.0,0.0
609,201956.0,Omri Casspi,3149524.0,2106470.0,2176260.0,0.0,0.0,0.0,0.0,0.0,0.0
610,0.0,Otto Porter,5893981.0,24773250.0,26011913.0,27250576.0,28489239.0,0.0,0.0,0.0,0.0
611,0.0,PJ Dozier,0.0,77250.0,7725.0,183115.0,1762796.0,0.0,0.0,0.0,0.0
612,0.0,PJ Tucker,5300000.0,7590035.0,7959537.0,8349039.0,7969537.0,0.0,0.0,0.0,0.0
613,203143.0,Pablo Prigioni,1050961.0,0.0,0.0,0.0,0.0,0.0,0.0,0.0,0.0
614,1627783.0,Pascal Siakam,1196040.0,1312611.0,1544951.0,2351838.0,30559200.0,33003936.0,35448672.0,37893408.0,0.0
615,1626192.0,Pat Connaughton,874636.0,1471382.0,1641000.0,1723050.0,4938273.0,5333334.0,5728393.0,0.0,0.0
616,1627868.0,Patricio Garino,131968.0,0.0,0.0,0.0,0.0,0.0,0.0,0.0,0.0
617,201976.0,Patrick Beverley,6000000.0,5513514.0,5027028.0,12345680.0,13333333.0,14320987.0,0.0,0.0,0.0
618,1627775.0,Patrick McCaw,543471.0,1312611.0,964104.0,0.0,0.0,0.0,0.0,0.0,0.0
619,0.0,Patrick Mills,3200000.0,10714286.0,11571429.0,12678571.0,13535714.0,0.0,0.0,0.0,0.0
620,202335.0,Patrick Patterson,6050000.0,5192000.0,5451600.0,0.0,0.0,0.0,0.0,0.0,0.0
621,2200.0,Pau Gasol,15500000.0,16000000.0,17133285.0,0.0,0.0,0.0,0.0,0.0,0.0
622,202331.0,Paul George,18100000.0,19300000.0,30560700.0,33005556.0,35450412.0,39344970.0,42492568.0,45640165.0,48787763.0
623,200794.0,Paul Millsap,20072033.0,30769231.0,29230769.0,30350000.0,10100000.0,2641691.0,0.0,0.0,0.0
624,1718.0,Paul Pierce,3527920.0,3679840.0,0.0,0.0,0.0,0.0,0.0,0.0,0.0
625,1627835.0,Paul Zipser,750.0,1312611.0,0.0,0.0,0.0,0.0,0.0,0.0,0.0
626,203515.0,Phil Pressey,35.0,0.0,0.0,0.0,0.0,0.0,0.0,0.0,0.0
627,203510.0,Pierre Jackson,19181.0,0.0,0.0,0.0,0.0,0.0,0.0,0.0,0.0
628,0.0,Prince Ibeh,7725.0,0.0,0.0,0.0,0.0,0.0,0.0,0.0,0.0
629,203112.0,Quincy Acy,2965505.0,1709538.0,213948.0,0.0,0.0,0.0,0.0,0.0,0.0
630,0.0,Quincy Ford,75.0,0.0,0.0,0.0,0.0,0.0,0.0,0.0,0.0
631,202347.0,Quincy Pondexter,3617978.0,3853931.0,2165481.0,0.0,0.0,0.0,0.0,0.0,0.0
632,1626188.0,Quinn Cook,95904.0,189832.0,1544951.0,0.0,0.0,0.0,0.0,0.0,0.0
633,1626154.0,RJ Hunter,1625240.0,77250.0,7725.0,0.0,0.0,0.0,0.0,0.0,0.0
634,0.0,Rade Zagorac,0.0,950000.0,1378242.0,0.0,0.0,0.0,0.0,0.0,0.0
635,200765.0,Rajon Rondo,14000000.0,6300000.0,9000000.0,2564753.0,7500000.0,7500000.0,0.0,0.0,0.0
636,1626176.0,Rakeem Christmas,1052342.0,0.0,0.0,0.0,0.0,0.0,0.0,0.0,0.0
637,201196.0,Ramon Sessions,6000000.0,2986463.0,0.0,0.0,0.0,0.0,0.0,0.0,0.0
638,200751.0,Randy Foye,2500000.0,0.0,0.0,0.0,0.0,0.0,0.0,0.0,0.0
639,1626173.0,Rashad Vaughn,1811040.0,2338653.0,0.0,0.0,0.0,0.0,0.0,0.0,0.0
640,203526.0,Raul Neto,8778.0,1471382.0,2100000.0,1737145.0,1882867.0,2089448.0,0.0,0.0,0.0
641,1628959.0,Rawle Alkins,0.0,0.0,7725.0,0.0,0.0,0.0,0.0,0.0,0.0
642,203492.0,Ray McCallum,119493.0,0.0,0.0,0.0,0.0,0.0,0.0,0.0,0.0
643,101109.0,Raymond Felton,1551659.0,2328652.0,2393887.0,0.0,0.0,0.0,0.0,0.0,0.0
644,0.0,Raymond Spalding,0.0,0.0,1023210.0,0.0,0.0,0.0,0.0,0.0,0.0
645,203493.0,Reggie Bullock,2255644.0,2500000.0,2500000.0,4000000.0,4200000.0,9536000.0,10012800.0,10489600.0,0.0
646,203687.0,Reggie Hearn,0.0,77250.0,0.0,0.0,0.0,0.0,0.0,0.0,0.0
647,202704.0,Reggie Jackson,14956522.0,16000000.0,17043478.0,512721.0,2331593.0,10384500.0,11215260.0,0.0,0.0
648,202130.0,Reggie Williams,193307.0,0.0,0.0,0.0,0.0,0.0,0.0,0.0,0.0
649,2210.0,Richard Jefferson,2500000.0,4828652.0,0.0,0.0,0.0,0.0,0.0,0.0,0.0
650,204076.0,Richard Solomon,0.0,0.0,4737.0,0.0,0.0,0.0,0.0,0.0,0.0
651,1626158.0,Richaun Holmes,1024000.0,1471382.0,1600520.0,4767000.0,5005350.0,10384500.0,11215260.0,12046020.0,12876780.0
652,201937.0,Ricky Rubio,13400000.0,14100000.0,14800000.0,16200000.0,17000000.0,17800000.0,0.0,0.0,0.0
653,203133.0,Robbie Hummel,150.0,0.0,0.0,0.0,0.0,0.0,0.0,0.0,0.0
654,203496.0,Robert Covington,1015696.0,16698103.0,10464092.0,11301219.0,12138345.0,12975471.0,0.0,0.0,0.0
655,0.0,Robert Williams,0.0,0.0,1656600.0,1937520.0,2029920.0,0.0,0.0,0.0,0.0
656,201577.0,Robin Lopez,13219250.0,13788500.0,14357750.0,4767000.0,7300000.0,5000000.0,0.0,0.0,0.0
657,1629066.0,Rodions Kurucs,0.0,0.0,1690000.0,0.0,0.0,0.0,0.0,0.0,0.0
658,203918.0,Rodney Hood,1406520.0,2386864.0,3472887.0,5718000.0,10047450.0,2239544.0,0.0,0.0,0.0
659,203585.0,Rodney McGruder,543471.0,1312611.0,1544951.0,4807693.0,5192307.0,1939350.0,0.0,0.0,0.0
660,1628681.0,Rodney Purvis,0.0,165887.0,0.0,0.0,0.0,0.0,0.0,0.0,0.0
661,201155.0,Rodney Stuckey,7000000.0,0.0,0.0,0.0,0.0,0.0,0.0,0.0,0.0
662,1627758.0,Ron Baker,543471.0,4328000.0,4697823.0,0.0,0.0,0.0,0.0,0.0,0.0
663,1626178.0,Rondae Hollis-Jefferson,1395600.0,1455720.0,2470356.0,0.0,0.0,0.0,0.0,0.0,0.0
664,101179.0,Ronnie Price,3251227.0,2442455.0,0.0,0.0,0.0,0.0,0.0,0.0,0.0
665,201579.0,Roy Hibbert,5000000.0,0.0,0.0,0.0,0.0,0.0,0.0,0.0,0.0
666,1626220.0,Royce O'Neale,0.0,815615.0,1378242.0,1618520.0,8500000.0,8800000.0,9200000.0,9500000.0,0.0
667,200752.0,Rudy Gay,13333333.0,8406000.0,10087200.0,14500000.0,14500000.0,5890000.0,6184500.0,6479000.0,0.0
668,203497.0,Rudy Gobert,2121287.0,21224719.0,23491573.0,25258427.0,27525281.0,34844000.0,37631520.0,40419040.0,43206560.0
669,201566.0,Russell Westbrook,26540100.0,28299399.0,35665000.0,38506482.0,41358814.0,44211146.0,47063478.0,0.0,0.0
670,201583.0,Ryan Anderson,18735364.0,19578455.0,20421546.0,0.0,0.0,0.0,0.0,0.0,0.0
671,1627853.0,Ryan Arcidiacono,75.0,77250.0,1349383.0,0.0,0.0,0.0,0.0,0.0,0.0
672,1629151.0,Ryan Broekhoff,0.0,0.0,838464.0,0.0,0.0,0.0,0.0,0.0,0.0
673,203527.0,Ryan Kelly,713305.0,0.0,0.0,0.0,0.0,0.0,0.0,0.0,0.0
674,1626257.0,Salah Mejri,874636.0,1471382.0,2098196.0,0.0,0.0,0.0,0.0,0.0,0.0
675,1626155.0,Sam Dekker,1720560.0,1794600.0,2760094.0,0.0,0.0,0.0,0.0,0.0,0.0
676,201619.0,Sasha Kaun,1333420.0,0.0,0.0,0.0,0.0,0.0,0.0,0.0,0.0
677,2756.0,Sasha Vujacic,1410598.0,0.0,0.0,0.0,0.0,0.0,0.0,0.0,0.0
678,203159.0,Scott Machado,0.0,0.0,76236.0,0.0,0.0,0.0,0.0,0.0,0.0
679,0.0,Scott Wood,50.0,0.0,0.0,0.0,0.0,0.0,0.0,0.0,0.0
680,203816.0,Scotty Hopson,0.0,74158.0,76236.0,0.0,0.0,0.0,0.0,0.0,0.0
681,203930.0,Sean Kilpatrick,980431.0,4774445.0,0.0,0.0,0.0,0.0,0.0,0.0,0.0
682,203902.0,Semaj Christon,543471.0,0.0,0.0,0.0,0.0,0.0,0.0,0.0,0.0
683,1628400.0,Semi Ojeleye,0.0,1291892.0,1378242.0,1618520.0,1752950.0,1789256.0,0.0,0.0,0.0
684,201586.0,Serge Ibaka,12250000.0,20061729.0,21666667.0,23271604.0,9258000.0,9720900.0,0.0,0.0,0.0
685,200771.0,Sergio Rodriguez,6800000.0,0.0,0.0,0.0,0.0,0.0,0.0,0.0,0.0
686,203552.0,Seth Curry,2898000.0,3028410.0,2795000.0,7461380.0,7834449.0,8207518.0,8496653.0,0.0,0.0
687,203498.0,Shabazz Muhammad,3046299.0,1924755.0,0.0,0.0,0.0,0.0,0.0,0.0,0.0
688,203894.0,Shabazz Napier,1350120.0,2361359.0,1942422.0,0.0,0.0,0.0,0.0,0.0,0.0
689,1628983.0,Shai Gilgeous-Alexander,0.0,0.0,3375360.0,3952920.0,4141320.0,5495532.0,29750000.0,32130000.0,34510000.0
690,1629003.0,Shake Milton,0.0,0.0,7725.0,1445697.0,1701593.0,1846738.0,1997718.0,0.0,0.0
691,203499.0,Shane Larkin,0.0,1524305.0,0.0,0.0,0.0,0.0,0.0,0.0,0.0
692,1627885.0,Shaquille Harrison,0.0,230399.0,1325531.0,0.0,0.0,0.0,0.0,0.0,0.0
693,2733.0,Shaun Livingston,5782450.0,7692308.0,8307692.0,0.0,0.0,0.0,0.0,0.0,0.0
694,1627848.0,Shawn Long,154512.0,0.0,0.0,0.0,0.0,0.0,0.0,0.0,0.0
695,1627815.0,Sheldon Mac,543471.0,1312611.0,0.0,0.0,0.0,0.0,0.0,0.0,0.0
696,202714.0,Shelvin Mack,2433334.0,6000000.0,2512601.0,0.0,0.0,0.0,0.0,0.0,0.0
697,1628414.0,Sindarius Thornwell,0.0,815615.0,1378242.0,0.0,0.0,0.0,0.0,0.0,0.0
698,1627746.0,Skal Labissiere,1188840.0,1312611.0,1544951.0,0.0,0.0,0.0,0.0,0.0,0.0
699,203524.0,Solomon Hill,11709603.0,12236535.0,12763467.0,13290395.0,2174318.0,2389641.0,0.0,0.0,0.0
700,203915.0,Spencer Dinwiddie,726672.0,1524305.0,1656092.0,10605600.0,11454048.0,17142857.0,18000000.0,18857143.0,0.0
701,201150.0,Spencer Hawes,5782450.0,2007058.0,2007058.0,0.0,0.0,0.0,0.0,0.0,0.0
702,1626169.0,Stanley Johnson,2969880.0,3097800.0,3940401.0,0.0,0.0,0.0,0.0,0.0,0.0
703,0.0,Stefan Jankovic,100.0,0.0,0.0,0.0,0.0,0.0,0.0,0.0,0.0
704,0.0,Stephan Hicks,0.0,0.0,4737.0,0.0,0.0,0.0,0.0,0.0,0.0
705,201939.0,Stephen Curry,12112359.0,34682550.0,37457154.0,40231758.0,43006362.0,45780966.0,48070014.0,51915615.0,55761217.0
706,1627757.0,Stephen Zimmerman,950.0,0.0,0.0,0.0,0.0,0.0,0.0,0.0,0.0
707,1628425.0,Sterling Brown,0.0,815615.0,1378242.0,1618520.0,1678854.0,3000000.0,3000000.0,0.0,0.0
708,200779.0,Steve Novak,1551659.0,0.0,0.0,0.0,0.0,0.0,0.0,0.0,0.0
709,203500.0,Steven Adams,3140517.0,22471911.0,24157304.0,25842697.0,29592695.0,17073171.0,17926829.0,0.0,0.0
710,0.0,Sviatoslav Mykhailiuk,0.0,0.0,1487694.0,1416852.0,1663861.0,0.0,0.0,0.0,0.0
711,0.0,TJ Leaf,0.0,2028360.0,2407560.0,0.0,0.0,0.0,0.0,0.0,0.0
712,0.0,TJ McConnell,874636.0,1471382.0,1600520.0,3500000.0,3500000.0,0.0,0.0,0.0,0.0
713,0.0,TJ Warren,2128920.0,3152930.0,11750000.0,11060000.0,12000000.0,0.0,0.0,0.0,0.0
714,1628769.0,Tahjere McCall,0.0,0.0,4737.0,0.0,0.0,0.0,0.0,0.0,0.0
715,201959.0,Taj Gibson,8950000.0,14000000.0,14000000.0,9000000.0,3283684.0,4910000.0,5155500.0,0.0,0.0
716,204028.0,Tarik Black,6191000.0,3290000.0,0.0,0.0,0.0,0.0,0.0,0.0,0.0
717,0.0,Tarik Phillip,0.0,0.0,4737.0,0.0,0.0,0.0,0.0,0.0,0.0
718,1627752.0,Taurean Prince,2318280.0,2422560.0,2526840.0,3481985.0,12250000.0,13000000.0,0.0,0.0,0.0
719,1628390.0,Terrance Ferguson,0.0,1785000.0,2118840.0,0.0,0.0,0.0,0.0,0.0,0.0
720,203093.0,Terrence Jones,1207194.0,0.0,198579.0,0.0,0.0,0.0,0.0,0.0,0.0
721,203082.0,Terrence Ross,10000000.0,10500000.0,10500000.0,12500000.0,13500000.0,12500000.0,11500000.0,0.0,0.0
722,1626179.0,Terry Rozier,1906440.0,1988520.0,3050389.0,19894737.0,18900000.0,17905263.0,21486316.0,23205221.0,24924126.0
723,200757.0,Thabo Sefolosha,4000000.0,5250000.0,5250000.0,0.0,0.0,0.0,0.0,0.0,0.0
724,201152.0,Thaddeus Young,12078652.0,12921348.0,13764045.0,12900000.0,13545000.0,14190000.0,0.0,0.0,0.0
725,1629033.0,Theo Pinson,0.0,0.0,7725.0,0.0,0.0,0.0,0.0,0.0,0.0
726,1628418.0,Thomas Bryant,0.0,815615.0,1378242.0,8000000.0,8333333.0,8666667.0,0.0,0.0,0.0
727,203080.0,Thomas Robinson,1050961.0,0.0,0.0,0.0,0.0,0.0,0.0,0.0,0.0
728,0.0,Thomas Walkup,695.0,0.0,0.0,0.0,0.0,0.0,0.0,0.0,0.0
729,1629118.0,Thomas Welsh,0.0,0.0,7725.0,0.0,0.0,0.0,0.0,0.0,0.0
730,1627748.0,Thon Maker,2568600.0,3086784.0,2799720.0,0.0,0.0,0.0,0.0,0.0,0.0
731,201168.0,Tiago Splitter,8250000.0,0.0,0.0,0.0,0.0,0.0,0.0,0.0,0.0
732,202353.0,Tibor Pleiss,2800000.0,0.0,0.0,0.0,0.0,0.0,0.0,0.0,0.0
733,1495.0,Tim Duncan,5643750.0,0.0,0.0,0.0,0.0,0.0,0.0,0.0,0.0
734,204025.0,Tim Frazier,2090000.0,2000000.0,1832107.0,0.0,0.0,0.0,0.0,0.0,0.0
735,0.0,Tim Hardaway Jr,2281605.0,16500000.0,17325000.0,20025127.0,18975000.0,0.0,0.0,0.0,0.0
736,1627817.0,Tim Quarterman,543471.0,96406.0,0.0,0.0,0.0,0.0,0.0,0.0,0.0
737,202389.0,Timofey Mozgov,16000000.0,15280000.0,16000000.0,0.0,0.0,0.0,0.0,0.0,0.0
738,0.0,Timothe Luwawu,1326960.0,1594590.0,1880268.0,837583.0,1824003.0,0.0,0.0,0.0,0.0
739,202699.0,Tobias Harris,17200000.0,16000000.0,14800000.0,32742000.0,34358850.0,35995950.0,37633050.0,39270150.0,0.0
740,203107.0,Tomas Satoransky,2870813.0,3000000.0,3129187.0,10000000.0,10000000.0,10000000.0,0.0,0.0,0.0
741,201962.0,Toney Douglas,564868.0,0.0,0.0,0.0,0.0,0.0,0.0,0.0,0.0
742,2754.0,Tony Allen,5000000.0,1471382.0,0.0,0.0,0.0,0.0,0.0,0.0,0.0
743,1628396.0,Tony Bradley,0.0,1414920.0,1679520.0,1962360.0,3542060.0,1789256.0,2036318.0,0.0,0.0
744,2225.0,Tony Parker,14445313.0,15453126.0,5000000.0,0.0,0.0,0.0,0.0,0.0,0.0
745,203503.0,Tony Snell,2368327.0,9821429.0,10607143.0,11392857.0,12178571.0,2389641.0,0.0,0.0,0.0
746,203100.0,Tony Wroten,25.0,0.0,0.0,0.0,0.0,0.0,0.0,0.0,0.0
747,1628470.0,Torrey Craig,0.0,77250.0,2000000.0,2000000.0,1678854.0,4878049.0,5121951.0,0.0,0.0
748,1629027.0,Trae Young,0.0,0.0,5363280.0,6273000.0,6571800.0,8326471.0,29750000.0,32130000.0,34510000.0
749,204037.0,Travis Wear,0.0,304051.0,0.0,0.0,0.0,0.0,0.0,0.0,0.0
750,1626203.0,Treveon Graham,543471.0,1312611.0,1512601.0,0.0,0.0,0.0,0.0,0.0,0.0
751,1629129.0,Trevon Bluiett,0.0,0.0,7725.0,0.0,0.0,0.0,0.0,0.0,0.0
752,1628979.0,Trevon Duval,0.0,0.0,7725.0,0.0,0.0,0.0,0.0,0.0,0.0
753,2772.0,Trevor Ariza,7800000.0,7400000.0,15000000.0,12200000.0,12800000.0,2641691.0,0.0,0.0,0.0
754,202344.0,Trevor Booker,9250000.0,9571137.0,0.0,0.0,0.0,0.0,0.0,0.0,0.0
755,203504.0,Trey Burke,3386597.0,784160.0,1795015.0,22922.0,3000000.0,3150000.0,3300000.0,0.0,0.0
756,1626168.0,Trey Lyles,2340600.0,2441400.0,3364249.0,5500000.0,5500000.0,2500000.0,2625000.0,0.0,0.0
757,203590.0,Trey McKinney-Jones,0.0,46079.0,0.0,0.0,0.0,0.0,0.0,0.0,0.0
758,202684.0,Tristan Thompson,15330435.0,16400000.0,17469565.0,18539130.0,9258000.0,9720900.0,0.0,0.0,0.0
759,0.0,Troy Brown,0.0,0.0,2752680.0,3219480.0,3372840.0,0.0,0.0,0.0,0.0
760,1628505.0,Troy Caupain,0.0,0.0,7725.0,0.0,0.0,0.0,0.0,0.0,0.0
761,203584.0,Troy Daniels,3332940.0,3408520.0,3258539.0,0.0,0.0,0.0,0.0,0.0,0.0
762,1627786.0,Troy Williams,652165.0,1842176.0,7725.0,0.0,0.0,0.0,0.0,0.0,0.0
763,201951.0,Ty Lawson,1315448.0,119009.0,0.0,0.0,0.0,0.0,0.0,0.0,0.0
764,1628463.0,Tyler Cavanaugh,0.0,77250.0,7725.0,0.0,0.0,0.0,0.0,0.0,0.0
765,1629093.0,Tyler Davis,0.0,0.0,7725.0,0.0,0.0,0.0,0.0,0.0,0.0
766,1628416.0,Tyler Dorsey,0.0,815615.0,1378242.0,0.0,0.0,0.0,0.0,0.0,0.0
767,203898.0,Tyler Ennis,1733880.0,1524305.0,0.0,0.0,0.0,0.0,0.0,0.0,0.0
768,204020.0,Tyler Johnson,5628000.0,5821260.0,19245370.0,0.0,0.0,0.0,0.0,0.0,0.0
769,1628399.0,Tyler Lydon,0.0,1579440.0,1874640.0,0.0,0.0,0.0,0.0,0.0,0.0
770,1627755.0,Tyler Ulis,918369.0,1312611.0,7725.0,0.0,0.0,0.0,0.0,0.0,0.0
771,203092.0,Tyler Zeller,8000000.0,1709538.0,213948.0,0.0,0.0,0.0,0.0,0.0,0.0
772,201936.0,Tyreke Evans,10203755.0,3290000.0,12400000.0,0.0,0.0,0.0,0.0,0.0,0.0
773,1627820.0,Tyrone Wallace,0.0,77250.0,1349383.0,0.0,0.0,0.0,0.0,0.0,0.0
774,2199.0,Tyson Chandler,12415000.0,13000000.0,13585000.0,0.0,0.0,0.0,0.0,0.0,0.0
775,1626145.0,Tyus Jones,1339680.0,1471382.0,2444052.0,10116000.0,8817143.0,8376286.0,0.0,0.0,0.0
776,2617.0,Udonis Haslem,4000000.0,2328652.0,2393887.0,2564753.0,2564753.0,2641691.0,0.0,0.0,0.0
777,0.0,VJ Beachem,0.0,50000.0,0.0,0.0,0.0,0.0,0.0,0.0,0.0
778,203505.0,Vander Blue,0.0,77250.0,0.0,0.0,0.0,0.0,0.0,0.0,0.0
779,203506.0,Victor Oladipo,6552960.0,21000000.0,21000000.0,21000000.0,21000000.0,2389641.0,0.0,0.0,0.0
780,1713.0,Vince Carter,4264057.0,8000000.0,2393887.0,0.0,0.0,0.0,0.0,0.0,0.0
781,0.0,Vince Hunter,0.0,77250.0,0.0,0.0,0.0,0.0,0.0,0.0,0.0
782,1629053.0,Vincent Edwards,0.0,0.0,7725.0,0.0,0.0,0.0,0.0,0.0,0.0
783,0.0,Wade Baldwin,1793760.0,2254292.0,1544951.0,0.0,0.0,0.0,0.0,0.0,0.0
784,0.0,Walter Lemon Jr,0.0,92159.0,17625.0,0.0,0.0,0.0,0.0,0.0,0.0
785,0.0,Walter Tavares,1006000.0,0.0,0.0,0.0,0.0,0.0,0.0,0.0,0.0
786,201961.0,Wayne Ellington,6000000.0,6270000.0,8653076.0,8000000.0,3564753.0,2641691.0,0.0,0.0,0.0
787,1627782.0,Wayne Selden,115087.0,1312611.0,1544951.0,0.0,0.0,812363.0,0.0,0.0,0.0
788,0.0,Wendell Carter,0.0,0.0,4446840.0,5201400.0,5448840.0,0.0,0.0,0.0,0.0
789,1629117.0,Wenyen Gabriel,0.0,0.0,75.0,0.0,0.0,0.0,0.0,0.0,0.0
790,0.0,Wesley Iwundu,0.0,1050000.0,1378242.0,0.0,0.0,0.0,0.0,0.0,0.0
791,202325.0,Wesley Johnson,5628000.0,5881260.0,6134000.0,0.0,0.0,0.0,0.0,0.0,0.0
792,202083.0,Wesley Matthews,17145838.0,17884175.0,19360228.0,0.0,0.0,0.0,0.0,0.0,0.0
793,203115.0,Will Barton,3533333.0,3533333.0,11830358.0,12776786.0,13723214.0,15625000.0,14375000.0,0.0,0.0
794,1626161.0,Willie Cauley-Stein,3551160.0,3704160.0,4696874.0,2177483.0,4100000.0,4100000.0,0.0,0.0,0.0
795,203186.0,Willie Reed,0.0,1471382.0,0.0,0.0,0.0,0.0,0.0,0.0,0.0
796,1626195.0,Willy Hernangomez,1375000.0,1435750.0,1496500.0,1676735.0,1737145.0,2327220.0,2443581.0,2559942.0,0.0
797,201163.0,Wilson Chandler,11233146.0,12016854.0,12800562.0,0.0,0.0,0.0,0.0,0.0,0.0
798,204098.0,Xavier Munford,0.0,77250.0,0.0,0.0,0.0,0.0,0.0,0.0,0.0
799,202918.0,Xavier Silas,0.0,74158.0,0.0,0.0,0.0,0.0,0.0,0.0,0.0
800,1628473.0,Yakuba Ouattara,0.0,77250.0,0.0,0.0,0.0,0.0,0.0,0.0,0.0
801,1628999.0,Yante Maten,0.0,0.0,385.0,0.0,0.0,0.0,0.0,0.0,0.0
802,0.0,Yi Jianlian,250.0,0.0,0.0,0.0,0.0,0.0,0.0,0.0,0.0
803,1627812.0,Yogi Ferrell,4093.0,1312611.0,3000000.0,0.0,0.0,0.0,0.0,0.0,0.0
804,1629139.0,Yuta Watanabe,0.0,0.0,7725.0,79568.0,737996.0,1762796.0,0.0,0.0,0.0
805,0.0,Zach Auguste,60.0,0.0,0.0,0.0,0.0,0.0,0.0,0.0,0.0
806,1628380.0,Zach Collins,0.0,3057240.0,3628920.0,4240200.0,5406255.0,7000000.0,7350000.0,7700000.0,0.0
807,203897.0,Zach LaVine,2240880.0,3202217.0,19500000.0,19500000.0,19500000.0,19500000.0,0.0,0.0,0.0
808,1629155.0,Zach Lofton,0.0,0.0,7725.0,0.0,0.0,0.0,0.0,0.0,0.0
809,2216.0,Zach Randolph,10000000.0,12307692.0,11692308.0,0.0,0.0,0.0,0.0,0.0,0.0
810,2585.0,Zaza Pachulia,2898000.0,3477600.0,2393887.0,0.0,0.0,0.0,0.0,0.0,0.0
811,1629015.0,Zhaire Smith,0.0,0.0,2615160.0,0.0,0.0,0.0,0.0,0.0,0.0
812,1627753.0,Zhou Qi,0.0,815615.0,1378242.0,0.0,0.0,0.0,0.0,0.0,0.0
