,PLAYER_ID,SEASON_ID,TEAM_ID,PLAYER_AGE,GP,GS,MIN,FG_PCT,FGA,FG3_PCT,FG3A,FT_PCT,FTA,OREB,DREB,REB,AST,STL,BLK,TOV,PF,PTS,SCORE,id,player_names,position,team
0,1629620,2020-21,1610612760.0,23.0,9,0,9.8,0.333,2.3,0.286,1.6,0.6,0.6,0.1,0.7,0.8,1.0,0.3,0.0,0.2,1.1,2.3,8.810845214716819,1629620,Justin Robinson,G,OKC
1,203504,2020-21,1610612742.0,28.0,62,1,14.7,0.428,5.7,0.354,2.6,0.895,0.9,0.2,0.7,0.9,1.3,0.6,0.1,0.5,1.0,6.6,6.595839172480734,203504,Trey Burke,G,DAL
2,1627780,2020-21,1610612744.0,28.0,10,0,4.0,0.769,1.3,0.5,0.4,0.75,0.4,0.2,0.9,1.1,0.1,0.6,0.1,0.1,0.8,2.5,6.206122279615726,1627780,Gary Payton II,G,GSW
3,1629645,2020-21,1610612745.0,21.0,26,23,32.1,0.425,14.1,0.311,6.2,0.734,3.6,0.8,3.0,3.8,6.3,0.7,0.3,3.5,2.3,16.6,5.082931004427886,1629645,Kevin Porter,G,HOU
4,1628467,2020-21,1610612742.0,29.0,50,40,26.8,0.422,5.5,0.41,4.2,0.919,0.7,0.9,4.3,5.2,1.4,0.5,0.7,0.6,2.1,7.1,4.385643516188617,1628467,Maxi Kleber,F,DAL
5,1629056,2020-21,1610612761.0,24.0,34,4,14.5,0.414,6.2,0.361,3.6,0.889,0.5,0.3,1.7,1.9,1.1,0.5,0.2,0.9,1.4,6.9,4.1810496330706215,1629056,Terence Davis,G,SAC
6,1629056,2020-21,1610612758.0,24.0,27,0,21.5,0.439,9.1,0.372,5.4,0.784,1.4,0.4,2.9,3.3,1.7,1.0,0.3,1.3,1.8,11.1,4.1810496330706215,1629056,Terence Davis,G,SAC
7,1629052,2020-21,1610612754.0,23.0,21,16,24.7,0.483,7.2,0.423,3.7,0.769,3.1,1.4,4.1,5.5,0.9,0.9,1.0,0.5,1.5,10.9,4.071198564829326,1629052,Oshae Brissett,F,IND
8,1630170,2020-21,1610612759.0,20.0,62,7,17.0,0.406,4.9,0.347,2.4,0.843,0.8,0.4,2.4,2.8,0.9,0.7,0.3,0.4,1.4,5.5,4.007692909698262,1630170,Devin Vassell,G,SAS
9,1630175,2020-21,1610612753.0,21.0,47,34,27.1,0.397,11.7,0.337,3.7,0.832,2.8,0.8,3.9,4.7,4.1,0.6,0.4,2.3,2.1,12.9,3.546451762733632,1630175,Cole Anthony,G,ORL
10,1626168,2020-21,1610612759.0,25.0,23,9,15.6,0.478,3.9,0.35,1.7,0.652,1.0,0.4,3.3,3.7,0.6,0.3,0.0,0.3,0.6,5.0,3.5285781778706125,1626168,Trey Lyles,F,SAS
11,1629670,2020-21,1610612749.0,22.0,30,2,9.1,0.459,4.5,0.452,2.1,0.76,0.8,0.3,1.7,2.0,0.2,0.6,0.3,0.8,0.7,5.7,3.2688944201599206,1629670,Jordan Nwora,F,MIL
12,1627763,2020-21,1610612754.0,28.0,56,56,34.5,0.453,17.5,0.388,6.7,0.864,3.2,1.0,4.2,5.3,5.9,0.9,0.3,2.1,2.0,21.2,3.2402295103130907,1627763,Malcolm Brogdon,G,IND
13,1629001,2020-21,1610612763.0,23.0,52,1,20.1,0.438,7.6,0.412,4.1,0.804,1.0,0.6,2.5,3.1,2.5,1.2,0.6,1.3,1.6,9.1,3.1793971275129276,1629001,De'Anthony Melton,G,MEM
14,1630241,2020-21,1610612749.0,25.0,30,2,7.8,0.444,2.4,0.447,1.6,1.0,0.1,0.2,0.8,1.0,0.7,0.3,0.0,0.3,0.6,3.0,3.139677032871438,1630241,Sam Merrill,G,MIL
15,1629669,2020-21,1610612750.0,21.0,42,0,18.1,0.424,8.0,0.333,3.6,0.818,1.3,0.5,1.8,2.3,1.5,0.5,0.3,0.7,1.7,9.0,3.0591206439957834,1629669,Jaylen Nowell,G,MIN
16,201988,2020-21,1610612759.0,32.0,68,1,24.8,0.412,9.0,0.375,6.3,0.91,1.1,0.3,1.4,1.7,2.4,0.6,0.0,1.0,1.2,10.8,2.9055934045214182,201988,Patrick Mills,G,SAS
17,1629076,2020-21,1610612751.0,23.0,4,0,4.2,0.333,0.8,0.0,0.0,0.0,0.0,0.3,0.3,0.5,0.5,0.0,0.0,0.3,0.5,0.5,2.7920628206113625,1629076,Tyler Cook,F,DET
18,1629076,2020-21,1610612765.0,23.0,28,1,15.0,0.68,3.6,0.5,0.1,0.486,1.3,1.0,2.4,3.3,0.5,0.3,0.1,0.7,1.2,5.5,2.7920628206113625,1629076,Tyler Cook,F,DET
19,203476,2020-21,1610612763.0,31.0,22,1,16.9,0.519,4.9,0.479,2.2,0.884,2.0,1.3,3.2,4.5,1.3,0.8,0.6,1.0,1.7,7.9,2.7488595675797787,203476,Gorgui Dieng,C,SAS
20,203476,2020-21,1610612759.0,31.0,16,0,11.3,0.527,3.4,0.318,1.4,0.833,1.5,0.8,1.9,2.6,1.2,0.6,0.1,0.6,1.1,5.3,2.7488595675797787,203476,Gorgui Dieng,C,SAS
21,1626145,2020-21,1610612763.0,25.0,70,9,17.5,0.431,5.9,0.321,2.0,0.911,0.6,0.3,1.7,2.0,3.7,0.9,0.1,0.7,0.4,6.3,2.6466811918040416,1626145,Tyus Jones,G,MEM
22,1627751,2020-21,1610612759.0,25.0,69,51,26.7,0.616,6.2,0.0,0.0,0.508,1.8,3.2,4.8,7.9,1.9,0.7,1.8,1.2,2.5,8.6,2.5926741639711297,1627751,Jakob Poeltl,C,SAS
23,1629234,2020-21,1610612759.0,24.0,54,3,14.0,0.566,3.8,1.0,0.0,0.726,2.0,1.4,3.1,4.5,0.8,0.3,0.9,0.8,1.6,5.8,2.5923395559873175,1629234,Drew Eubanks,F,SAS
24,201142,2020-21,1610612751.0,32.0,35,32,33.1,0.537,17.2,0.45,5.4,0.882,6.8,0.4,6.7,7.1,5.6,0.7,1.3,3.4,2.0,26.9,2.5814295904934754,201142,Kevin Durant,F,BKN
25,200746,2020-21,1610612759.0,35.0,21,18,25.9,0.464,11.8,0.36,3.6,0.838,1.8,0.8,3.7,4.5,1.7,0.4,0.9,1.0,1.7,13.7,2.5666765972399195,200746,LaMarcus Aldridge,C,BKN
26,200746,2020-21,1610612751.0,35.0,5,5,26.0,0.521,9.6,0.8,1.0,1.0,2.0,0.4,4.4,4.8,2.6,0.6,2.2,1.4,2.2,12.8,2.5666765972399195,200746,LaMarcus Aldridge,C,BKN
27,200752,2020-21,1610612759.0,34.0,63,1,21.6,0.42,10.0,0.381,4.4,0.804,1.6,0.7,4.1,4.8,1.4,0.7,0.6,1.0,1.8,11.4,2.5551941173447417,200752,Rudy Gay,F,SAS
28,1628425,2020-21,1610612745.0,26.0,51,14,24.1,0.448,6.6,0.423,4.2,0.806,0.6,0.7,3.6,4.4,1.4,0.7,0.2,0.8,1.9,8.2,2.4613824281684713,1628425,Sterling Brown,G,HOU
29,1629022,2020-21,1610612759.0,22.0,60,38,25.4,0.42,10.2,0.355,4.7,0.814,1.2,0.2,2.4,2.6,1.7,0.5,0.3,1.1,1.7,11.2,2.4431779422494855,1629022,Lonnie Walker,G,SAS
30,1626161,2020-21,1610612742.0,27.0,53,16,17.1,0.632,3.4,0.091,0.2,0.628,1.5,1.2,3.2,4.5,0.7,0.4,0.8,0.5,2.4,5.3,2.430558708841914,1626161,Willie Cauley-Stein,C,DAL
31,1628991,2020-21,1610612763.0,21.0,11,4,23.5,0.424,11.4,0.283,5.5,0.833,3.8,1.5,4.1,5.6,1.1,1.1,1.6,1.4,3.8,14.4,2.364931580550627,1628991,Jaren Jackson Jr,F,MEM
32,1630182,2020-21,1610612742.0,20.0,39,5,11.4,0.452,2.4,0.16,0.6,0.565,0.6,0.7,1.3,2.0,0.7,0.4,0.1,0.4,0.9,2.6,2.3607336324993553,1630182,Josh Green,G,DAL
33,202066,2020-21,1610612741.0,35.0,56,25,27.3,0.415,6.8,0.335,3.6,0.8,0.9,0.5,2.3,2.9,2.2,0.8,0.5,1.0,2.3,7.6,2.351964568685807,202066,Garrett Temple,G,CHI
34,203914,2020-21,1610612743.0,26.0,19,19,30.6,0.442,8.2,0.32,3.9,0.733,1.6,0.7,1.8,2.5,1.7,0.9,0.2,0.7,1.9,9.7,2.351639819875204,203914,Gary Harris,G,ORL
35,203914,2020-21,1610612753.0,26.0,20,19,24.9,0.365,9.5,0.364,3.3,0.875,2.4,0.4,1.2,1.6,2.3,0.6,0.4,1.2,1.7,10.2,2.351639819875204,203914,Gary Harris,G,ORL
36,1626167,2020-21,1610612754.0,25.0,47,47,31.0,0.477,9.2,0.335,4.4,0.782,3.0,1.3,5.2,6.5,1.0,0.9,3.4,1.4,3.5,12.6,2.327457113304366,1626167,Myles Turner,C,IND
37,1628392,2020-21,1610612743.0,23.0,30,0,9.1,0.513,2.7,0.0,0.0,0.611,1.2,1.3,1.5,2.8,0.5,0.4,0.7,0.7,2.0,3.5,2.1253480215878087,1628392,Isaiah Hartenstein,C,CLE
38,1628392,2020-21,1610612739.0,23.0,16,2,17.9,0.582,5.7,0.333,0.4,0.686,2.2,1.6,4.4,6.0,2.5,0.5,1.2,1.4,2.8,8.3,2.1253480215878087,1628392,Isaiah Hartenstein,C,CLE
39,1627747,2020-21,1610612751.0,26.0,12,4,27.8,0.435,16.7,0.349,5.3,0.765,2.8,0.8,3.5,4.3,6.0,1.1,0.5,2.2,1.7,18.5,2.1159755014292863,1627747,Caris LeVert,G,IND
40,1627747,2020-21,1610612754.0,26.0,35,35,32.9,0.443,17.5,0.318,5.6,0.822,4.2,0.7,4.0,4.6,4.9,1.5,0.7,2.2,2.4,20.7,2.1159755014292863,1627747,Caris LeVert,G,IND
41,1626196,2020-21,1610612742.0,27.0,59,56,30.3,0.427,10.5,0.33,4.5,0.917,1.8,0.9,2.4,3.3,2.6,1.0,0.4,1.3,2.2,12.1,2.102161038569098,1626196,Josh Richardson,G,DAL
42,1628962,2020-21,1610612762.0,21.0,15,0,3.8,0.444,0.6,0.0,0.0,0.8,0.7,0.3,0.6,0.9,0.0,0.1,0.3,0.2,0.6,1.1,2.098137590869929,1628962,Udoka Azubuike,C,UTA
43,1627789,2020-21,1610612751.0,26.0,58,7,18.1,0.365,6.1,0.314,4.1,0.814,0.7,0.5,1.7,2.2,1.2,0.6,0.1,0.7,1.7,6.4,2.074732900390466,1627789,Timothe Luwawu,G,BKN
44,1629640,2020-21,1610612759.0,21.0,69,67,28.5,0.479,10.2,0.331,2.6,0.74,2.8,1.3,4.6,6.0,1.8,0.6,0.3,1.1,2.1,12.8,2.0010493832596,1629640,Keldon Johnson,F,SAS
45,202322,2020-21,1610612745.0,30.0,40,40,32.2,0.404,18.2,0.317,6.2,0.749,5.3,0.4,2.8,3.2,6.9,1.1,0.8,3.5,1.2,20.6,2.0009737933893654,202322,John Wall,G,HOU
46,1629029,2020-21,1610612742.0,22.0,66,66,34.3,0.479,20.5,0.35,8.3,0.73,7.1,0.8,7.2,8.0,8.6,1.0,0.5,4.3,2.3,27.7,1.988562912615349,1629029,Luka Doncic,F,DAL
47,1630172,2020-21,1610612741.0,19.0,71,71,27.9,0.483,7.4,0.391,1.9,0.728,1.8,0.9,3.7,4.6,1.4,0.9,0.6,1.4,1.8,9.2,1.96130419079055,1630172,Patrick Williams,F,CHI
48,1629634,2020-21,1610612763.0,24.0,59,16,24.0,0.517,8.4,0.26,1.3,0.69,1.9,1.6,3.9,5.6,1.6,1.0,0.9,0.6,1.4,10.3,1.9299735879824398,1629634,Brandon Clarke,F,MEM
49,1626246,2020-21,1610612742.0,32.0,33,3,8.2,0.508,3.7,0.125,0.2,0.816,1.2,1.4,2.5,3.9,0.3,0.1,0.2,0.4,0.9,4.7,1.8844382475867127,1626246,Boban Marjanovic,C,DAL
50,1630181,2020-21,1610612743.0,20.0,25,0,9.3,0.417,2.4,0.278,0.7,0.75,0.5,0.4,1.6,2.0,0.6,0.2,0.1,0.4,0.9,2.6,1.794274257319505,1630181,RJ Hampton,G,ORL
51,1630181,2020-21,1610612753.0,20.0,26,1,25.2,0.439,9.7,0.319,2.7,0.657,2.7,0.7,4.2,5.0,2.8,0.6,0.3,1.6,1.5,11.2,1.794274257319505,1630181,RJ Hampton,G,ORL
52,201572,2020-21,1610612749.0,33.0,70,70,27.2,0.503,9.1,0.338,4.0,0.845,2.0,1.5,3.5,5.0,0.7,0.6,1.5,0.9,2.1,12.3,1.793363073648604,201572,Brook Lopez,C,MIL
53,1628021,2020-21,1610612745.0,28.0,30,9,22.6,0.486,7.3,0.27,2.1,0.691,2.3,1.3,2.6,3.9,1.0,1.0,0.7,0.6,2.0,9.2,1.791076008927202,1628021,David Nwaba,G,HOU
54,1627826,2020-21,1610612746.0,24.0,72,33,22.3,0.652,5.5,0.25,0.1,0.789,2.4,2.6,4.6,7.2,1.3,0.3,0.9,1.1,2.6,9.0,1.766666181662065,1627826,Ivica Zubac,C,LAC
55,1628988,2020-21,1610612754.0,24.0,66,8,17.8,0.39,6.6,0.368,2.8,0.819,1.3,0.2,1.1,1.3,1.9,0.7,0.2,1.0,1.4,7.2,1.7507848926454115,1628988,Aaron Holiday,G,IND
56,1630256,2020-21,1610612745.0,25.0,70,58,29.2,0.506,8.9,0.308,2.8,0.694,2.1,1.9,3.5,5.3,2.5,1.2,0.5,1.4,3.2,11.3,1.728415855876713,1630256,Jae'Sean Tate,F,HOU
57,203967,2020-21,1610612756.0,27.0,50,4,17.4,0.447,6.8,0.348,2.7,0.848,2.0,0.9,2.9,3.8,1.3,0.6,0.1,1.1,1.9,8.7,1.7282189266091572,203967,Dario Saric,F,PHX
58,201152,2020-21,1610612741.0,33.0,68,23,24.3,0.559,9.7,0.267,0.7,0.628,1.7,2.5,3.8,6.2,4.3,1.1,0.6,2.0,2.2,12.1,1.7201135931161884,201152,Thaddeus Young,F,CHI
59,1628993,2020-21,1610612751.0,25.0,18,0,10.5,0.588,3.8,0.167,0.3,1.0,0.7,1.5,3.5,5.0,0.8,0.3,0.3,0.5,0.9,5.2,1.693482057499685,1628993,Alize Johnson,F,BKN
60,1629667,2020-21,1610612766.0,23.0,47,18,19.2,0.468,6.0,0.333,2.2,0.703,1.4,1.0,2.6,3.6,1.1,0.6,0.4,1.0,2.0,7.4,1.6534683231841514,1629667,Jalen McDaniels,F,CHA
61,1630217,2020-21,1610612763.0,23.0,68,17,22.3,0.469,7.3,0.432,4.0,0.816,0.7,0.5,2.6,3.1,1.7,0.6,0.2,0.9,1.8,9.2,1.651762257837918,1630217,Desmond Bane,G,MEM
62,203897,2020-21,1610612741.0,26.0,58,58,35.1,0.507,19.4,0.419,8.2,0.849,5.1,0.6,4.4,5.0,4.9,0.8,0.5,3.5,2.4,27.4,1.639849044642268,203897,Zach LaVine,G,CHI
63,1630165,2020-21,1610612765.0,19.0,26,18,25.8,0.353,7.7,0.278,2.8,0.824,0.7,0.2,2.4,2.7,5.3,1.0,0.4,3.2,2.2,6.8,1.6214128675109578,1630165,Killian Hayes,G,DET
64,2772,2020-21,1610612748.0,36.0,30,27,28.0,0.411,8.0,0.35,4.8,0.773,1.5,0.9,3.9,4.8,1.8,1.0,0.6,0.7,1.8,9.4,1.6117302640496032,2772,Trevor Ariza,F,MIA
65,1628449,2020-21,1610612761.0,28.0,60,14,24.2,0.514,9.3,0.383,3.9,0.788,3.2,2.0,4.8,6.7,1.1,0.6,1.9,0.8,2.8,13.6,1.5864524907739157,1628449,Chris Boucher,F,TOR
66,1630218,2020-21,1610612758.0,21.0,13,0,3.5,0.4,1.5,0.167,0.5,0.375,0.6,0.3,0.9,1.2,0.2,0.0,0.2,0.1,0.3,1.5,1.5578498735903188,1630218,Robert Woodard,F,SAC
67,203468,2020-21,1610612757.0,29.0,47,47,34.0,0.458,18.8,0.402,8.9,0.812,2.8,0.6,3.3,3.9,4.7,0.9,0.4,1.4,1.9,23.1,1.5416826350193809,203468,CJ McCollum,G,POR
68,1630205,2020-21,1610612739.0,23.0,40,0,12.5,0.456,3.4,0.16,0.6,0.725,1.3,0.6,1.8,2.4,0.6,0.4,0.3,0.6,1.3,4.1,1.540028557917716,1630205,Lamar Stevens,F,CLE
69,1629731,2020-21,1610612739.0,24.0,63,19,19.2,0.431,4.9,0.366,3.4,0.769,0.6,0.6,2.8,3.4,1.2,0.6,0.3,0.5,1.2,6.0,1.5203157890985268,1629731,Dean Wade,F,CLE
70,201942,2020-21,1610612759.0,31.0,61,61,33.7,0.495,15.1,0.257,1.2,0.88,7.2,0.7,3.6,4.2,6.9,0.9,0.2,2.0,2.1,21.6,1.5176512690667887,201942,DeMar DeRozan,G,SAS
71,1628995,2020-21,1610612752.0,21.0,42,0,11.1,0.392,3.4,0.393,2.1,0.8,0.5,0.2,1.2,1.5,0.5,0.3,0.1,0.4,0.9,3.9,1.4619686164329915,1628995,Kevin Knox,F,NYK
72,203648,2020-21,1610612749.0,28.0,57,3,9.7,0.489,2.4,0.241,0.5,0.51,0.9,0.9,1.2,2.2,0.8,0.4,0.2,0.8,1.3,2.9,1.4561489705669521,203648,Thanasis Antetokounmpo,F,MIL
73,203926,2020-21,1610612754.0,29.0,66,29,24.5,0.532,10.1,0.388,4.3,0.816,1.5,0.9,2.4,3.3,1.3,0.3,0.1,0.8,1.8,13.6,1.4324683361964108,203926,Doug McDermott,F,IND
74,201976,2020-21,1610612746.0,32.0,37,34,22.5,0.423,5.9,0.397,3.8,0.8,1.2,0.8,2.4,3.2,2.1,0.8,0.8,0.9,2.9,7.5,1.4265693991502084,201976,Patrick Beverley,G,LAC
75,202340,2020-21,1610612748.0,30.0,10,1,21.1,0.47,6.6,0.421,3.8,0.778,0.9,0.2,1.6,1.8,1.4,0.7,0.1,0.9,2.6,8.5,1.4234629710665698,202340,Avery Bradley,G,HOU
76,202340,2020-21,1610612745.0,30.0,17,5,23.0,0.314,6.2,0.27,3.7,0.833,0.4,0.4,1.9,2.3,1.9,0.8,0.1,1.1,1.7,5.2,1.4234629710665698,202340,Avery Bradley,G,HOU
77,1629685,2020-21,1610612739.0,24.0,31,0,16.5,0.438,4.2,0.338,2.5,0.778,0.9,0.6,2.8,3.5,1.1,0.6,0.4,1.0,1.2,5.2,1.3949723533308844,1629685,Dylan Windler,G,CLE
78,1627761,2020-21,1610612761.0,26.0,51,12,19.1,0.513,4.5,0.264,1.0,0.682,1.3,0.6,2.2,2.9,2.1,1.0,0.4,1.4,1.7,5.7,1.3778729396869465,1627761,DeAndre Bembry,G,TOR
79,203107,2020-21,1610612741.0,29.0,58,18,22.5,0.514,5.7,0.356,2.0,0.848,1.4,0.5,1.9,2.4,4.7,0.7,0.2,1.7,1.5,7.7,1.357110539962944,203107,Tomas Satoransky,G,CHI
80,203082,2020-21,1610612753.0,30.0,46,2,29.3,0.412,13.4,0.337,5.7,0.87,3.0,0.3,3.1,3.4,2.3,1.0,0.5,1.6,1.9,15.6,1.3276329351484182,203082,Terrence Ross,G,ORL
81,1628976,2020-21,1610612741.0,22.0,32,25,24.7,0.512,7.9,0.364,0.7,0.739,3.5,2.2,5.6,7.8,2.2,0.6,0.8,1.5,3.0,10.9,1.318230404717217,1628976,Wendell Carter,C,ORL
82,1628976,2020-21,1610612753.0,22.0,22,19,26.5,0.493,9.3,0.241,1.3,0.721,3.1,2.8,6.0,8.8,1.6,0.8,0.8,1.3,2.3,11.7,1.318230404717217,1628976,Wendell Carter,C,ORL
83,1628379,2020-21,1610612746.0,25.0,63,17,19.6,0.476,6.6,0.446,3.6,0.839,0.5,0.2,2.3,2.6,1.7,0.4,0.1,0.8,1.4,8.3,1.2865985950978929,1628379,Luke Kennard,G,LAC
84,1629162,2020-21,1610612750.0,25.0,51,2,18.4,0.413,4.7,0.359,1.8,0.767,0.6,0.4,1.7,2.1,3.8,1.0,0.1,1.0,0.9,5.0,1.283495918009898,1629162,Jordan McLaughlin,G,MIN
85,1628778,2020-21,1610612761.0,26.0,27,2,11.0,0.463,3.0,0.469,2.4,0.625,0.3,0.1,1.5,1.7,0.6,0.2,0.1,0.3,1.3,4.1,1.2760660721293735,1628778,Paul Watson,G,TOR
86,202954,2020-21,1610612744.0,31.0,39,0,16.0,0.353,4.4,0.213,1.6,0.893,1.4,0.2,1.5,1.7,2.5,0.7,0.2,0.9,1.4,4.7,1.2655992541616292,202954,Brad Wanamaker,G,CHA
87,202954,2020-21,1610612766.0,31.0,22,0,19.5,0.429,5.7,0.125,1.1,0.889,2.0,0.5,1.3,1.8,3.4,0.8,0.2,1.5,1.8,6.9,1.2655992541616292,202954,Brad Wanamaker,G,CHA
88,203496,2020-21,1610612757.0,30.0,70,70,32.0,0.401,7.3,0.379,5.1,0.806,0.9,0.9,5.8,6.7,1.7,1.4,1.2,0.9,2.8,8.5,1.2620967284997884,203496,Robert Covington,F,POR
89,202331,2020-21,1610612746.0,31.0,54,54,33.7,0.467,17.6,0.411,7.7,0.868,4.2,0.8,5.8,6.6,5.2,1.1,0.4,3.3,2.4,23.3,1.2570203557281352,202331,Paul George,F,LAC
90,1630466,2020-21,1610612760.0,26.0,10,0,21.2,0.478,6.7,0.133,1.5,0.818,2.2,1.6,2.4,4.0,2.4,0.8,0.0,0.6,0.9,8.4,1.246379488839809,1630466,Gabriel Deck,F,OKC
91,1628401,2020-21,1610612759.0,26.0,36,32,29.5,0.411,12.6,0.346,6.8,0.851,3.2,0.4,2.6,3.0,3.5,0.7,1.0,1.3,2.5,15.4,1.2201784244712706,1628401,Derrick White,G,SAS
92,201586,2020-21,1610612746.0,31.0,41,39,23.3,0.51,8.9,0.339,2.8,0.811,1.3,1.8,4.9,6.7,1.8,0.2,1.1,1.1,1.9,11.1,1.2087403869379927,201586,Serge Ibaka,F,LAC
93,1630230,2020-21,1610612740.0,23.0,32,10,21.9,0.392,6.5,0.349,2.6,0.707,2.3,0.5,4.2,4.6,2.8,0.8,0.3,1.2,1.8,7.7,1.2017969492831995,1630230,Naji Marshall,F,NOP
94,1630190,2020-21,1610612762.0,23.0,18,0,3.5,0.333,1.7,0.348,1.3,0.75,0.2,0.1,0.4,0.5,0.3,0.1,0.1,0.3,0.1,1.7,1.1963857121228774,1630190,Elijah Hughes,G,UTA
95,1629647,2020-21,1610612760.0,21.0,55,55,31.2,0.396,12.5,0.29,5.2,0.702,3.2,0.9,6.3,7.2,1.8,0.5,0.5,2.2,1.1,13.7,1.178579922152985,1629647,Darius Bazley,F,OKC
96,1629630,2020-21,1610612763.0,21.0,63,63,32.6,0.449,15.2,0.303,3.8,0.728,5.9,0.9,3.1,4.0,7.4,0.9,0.2,3.2,1.4,19.1,1.1772506722596445,1629630,Ja Morant,G,MEM
97,1629629,2020-21,1610612737.0,21.0,26,21,28.9,0.365,10.1,0.262,4.8,0.817,3.2,0.8,3.2,4.0,1.3,1.3,0.3,1.3,2.6,11.2,1.171672632150163,1629629,Cam Reddish,F,ATL
98,1630271,2020-21,1610612745.0,24.0,4,0,6.0,0.286,1.8,0.167,1.5,0.714,1.8,0.3,0.8,1.0,1.0,0.3,0.3,1.0,1.3,2.5,1.1271141648960192,1630271,Brodric Thomas,G,CLE
99,1630271,2020-21,1610612739.0,24.0,28,1,13.4,0.366,3.6,0.283,1.9,0.667,1.4,0.3,1.5,1.8,0.9,0.5,0.3,0.6,1.3,4.1,1.1271141648960192,1630271,Brodric Thomas,G,CLE
100,1626195,2020-21,1610612740.0,27.0,47,12,18.0,0.563,5.7,0.1,0.2,0.667,2.0,2.5,4.6,7.1,1.1,0.5,0.5,0.7,1.4,7.8,1.1050613775336688,1626195,Willy Hernangomez,C,NOP
101,203200,2020-21,1610612754.0,32.0,72,52,30.3,0.413,8.7,0.382,6.3,0.788,1.2,0.4,3.1,3.6,1.7,1.0,0.6,0.8,1.9,10.5,1.0879116547026253,203200,Justin Holiday,F,IND
102,1628973,2020-21,1610612742.0,24.0,68,12,25.0,0.523,9.2,0.405,2.9,0.795,2.2,0.4,3.0,3.4,3.5,0.5,0.0,1.2,1.6,12.6,1.0777378189459965,1628973,Jalen Brunson,G,DAL
103,1628964,2020-21,1610612753.0,23.0,46,5,15.8,0.472,6.5,0.322,2.6,0.682,1.4,1.7,4.1,5.8,0.8,0.3,1.3,0.8,1.9,8.0,1.0663918354108346,1628964,Mo Bamba,C,ORL
104,1626171,2020-21,1610612749.0,26.0,66,7,20.8,0.523,9.1,0.471,2.4,0.74,1.1,1.9,5.2,7.1,1.1,0.8,0.4,0.8,1.7,11.4,1.0570335793366124,1626171,Bobby Portis,F,MIL
105,1629660,2020-21,1610612760.0,23.0,33,1,23.9,0.446,8.7,0.423,5.1,0.765,1.0,0.3,2.5,2.8,3.6,0.6,0.2,1.4,1.8,10.7,1.0240821436754293,1629660,Ty Jerome,G,OKC
106,200782,2020-21,1610612745.0,36.0,32,32,30.0,0.366,4.1,0.314,2.7,0.783,0.7,1.0,3.6,4.6,1.4,0.9,0.6,1.0,2.8,4.4,0.9702370106924615,200782,PJ Tucker,F,MIL
107,200782,2020-21,1610612749.0,36.0,20,1,19.8,0.391,2.3,0.394,1.7,0.6,0.3,0.9,1.9,2.8,0.8,0.5,0.1,0.4,1.7,2.6,0.9702370106924615,200782,PJ Tucker,F,MIL
108,1629604,2020-21,1610612757.0,21.0,30,0,6.4,0.379,2.2,0.206,1.1,0.733,0.5,0.4,0.7,1.1,0.3,0.2,0.1,0.2,0.9,2.3,0.9534224754537897,1629604,CJ Elleby,F,POR
109,203937,2020-21,1610612763.0,27.0,69,69,27.4,0.468,9.5,0.36,3.8,0.783,2.7,0.8,5.0,5.7,3.6,1.2,0.8,1.2,1.7,12.4,0.9477116458113108,203937,Kyle Anderson,F,MEM
110,1629681,2020-21,1610612763.0,23.0,18,1,10.1,0.333,3.2,0.303,1.8,0.818,0.6,0.3,1.0,1.3,0.4,0.3,0.4,0.1,1.1,3.2,0.9407282446576676,1629681,Killian Tillie,F,MEM
111,1629048,2020-21,1610612754.0,21.0,45,3,12.5,0.428,4.3,0.253,1.8,0.738,1.4,1.3,2.0,3.3,0.8,0.2,1.3,0.4,2.1,5.1,0.9128788598892587,1629048,Goga Bitadze,C,IND
112,1628415,2020-21,1610612763.0,25.0,67,67,29.8,0.419,15.4,0.344,5.6,0.815,2.9,0.8,2.1,2.9,2.3,1.2,0.4,1.8,3.5,17.2,0.890757076677685,1628415,Dillon Brooks,G,MEM
113,1628977,2020-21,1610612760.0,22.0,32,5,23.8,0.481,9.3,0.293,1.3,0.629,4.1,1.2,4.0,5.2,2.4,1.0,0.4,1.5,2.6,11.9,0.8457852148837292,1628977,Hamidou Diallo,G,DET
114,1628977,2020-21,1610612765.0,22.0,20,4,23.3,0.468,8.7,0.39,2.1,0.662,3.4,1.1,4.3,5.4,1.2,0.5,0.6,1.4,2.6,11.2,0.8457852148837292,1628977,Hamidou Diallo,G,DET
115,1627749,2020-21,1610612759.0,24.0,67,67,31.9,0.453,14.5,0.317,3.0,0.791,2.0,0.9,6.2,7.1,5.4,1.5,0.1,1.7,2.0,15.7,0.8215648479501244,1627749,Dejounte Murray,G,SAS
116,201949,2020-21,1610612742.0,34.0,29,1,17.4,0.462,5.0,0.25,2.1,0.586,1.0,0.5,2.5,3.0,1.7,0.8,0.8,0.9,2.0,5.7,0.7928522598831425,201949,James Johnson,F,NOP
117,201949,2020-21,1610612740.0,34.0,22,11,24.5,0.434,8.3,0.267,2.7,0.596,2.1,0.8,3.3,4.1,2.2,0.8,0.9,1.3,2.8,9.2,0.7928522598831425,201949,James Johnson,F,NOP
118,1627854,2020-21,1610612749.0,27.0,70,10,19.3,0.473,7.6,0.452,4.9,0.77,0.9,0.2,1.4,1.6,0.6,0.3,0.0,0.6,1.1,10.0,0.7436455082607139,1627854,Bryn Forbes,G,MIL
119,203487,2020-21,1610612753.0,29.0,31,25,25.8,0.389,8.7,0.246,2.0,0.613,2.6,1.3,3.2,4.5,4.2,0.8,0.5,2.2,2.6,8.8,0.7185969367173218,203487,Michael Carter-Williams,G,ORL
120,203939,2020-21,1610612742.0,29.0,58,19,16.6,0.619,3.3,0.238,0.4,0.782,2.1,1.4,2.7,4.0,1.1,0.6,0.5,0.7,2.3,5.9,0.6834566231695085,203939,Dwight Powell,F,DAL
121,203939,2020-21,1610612742.0,29.0,7,0,7.5,0.875,1.1,0.0,0.0,0.833,0.9,0.7,1.1,1.9,0.9,0.3,0.0,0.1,1.1,2.7,0.6834566231695085,203939,Dwight Powell,F,DAL
122,203915,2020-21,1610612751.0,28.0,3,3,21.4,0.375,5.3,0.286,2.3,1.0,2.0,0.0,4.3,4.3,3.0,0.7,0.3,1.7,1.3,6.7,0.6555964608192633,203915,Spencer Dinwiddie,G,BKN
123,1629652,2020-21,1610612760.0,22.0,52,52,29.7,0.387,12.3,0.343,6.3,0.744,3.2,0.7,2.9,3.6,1.7,0.9,0.4,1.5,2.6,14.0,0.6510162464857778,1629652,Luguentz Dort,G,OKC
124,201144,2020-21,1610612762.0,33.0,51,51,29.4,0.444,12.5,0.412,6.6,0.852,2.8,0.7,2.8,3.5,6.0,1.4,0.2,1.9,1.9,16.2,0.6394763973188569,201144,Mike Conley,G,UTA
125,1629014,2020-21,1610612757.0,22.0,64,0,17.3,0.419,6.3,0.426,4.4,0.807,0.9,0.2,2.0,2.2,1.4,0.3,0.1,0.7,1.5,7.8,0.6386937633002839,1629014,Anfernee Simons,G,POR
126,203503,2020-21,1610612737.0,29.0,47,23,21.1,0.515,3.6,0.569,2.3,1.0,0.2,0.4,2.0,2.4,1.3,0.3,0.2,0.4,1.6,5.3,0.6352294843775027,203503,Tony Snell,G,ATL
127,1628372,2020-21,1610612752.0,23.0,3,0,9.2,0.2,3.3,0.0,1.3,0.833,2.0,0.0,0.7,0.7,1.0,1.0,0.0,0.3,1.3,3.0,0.6336175155969078,1628372,Dennis Smith,G,DET
128,1628372,2020-21,1610612765.0,23.0,20,9,19.6,0.415,6.8,0.352,2.7,0.7,1.0,0.6,2.1,2.7,3.7,1.0,0.7,1.3,1.7,7.3,0.6336175155969078,1628372,Dennis Smith,G,DET
129,203458,2020-21,1610612761.0,28.0,7,2,10.8,0.5,1.4,0.5,0.9,0.5,0.9,0.0,1.6,1.6,0.4,0.1,0.9,1.1,1.4,2.3,0.624113257278124,203458,Alex Len,C,WAS
130,203458,2020-21,1610612764.0,28.0,57,40,15.8,0.619,4.7,0.263,0.3,0.636,1.9,1.4,3.0,4.4,0.8,0.3,1.0,0.8,2.1,7.1,0.624113257278124,203458,Alex Len,C,WAS
131,1630201,2020-21,1610612761.0,23.0,47,14,19.7,0.374,7.2,0.321,3.6,0.804,1.2,0.2,2.3,2.5,2.9,0.8,0.1,0.9,1.4,7.5,0.6223356925177101,1630201,Malachi Flynn,G,TOR
132,1629632,2020-21,1610612741.0,21.0,69,54,31.2,0.416,13.1,0.359,6.6,0.901,2.1,0.4,3.7,4.1,4.8,0.6,0.2,2.3,2.6,15.1,0.6162738377538813,1629632,Coby White,G,CHI
133,1629650,2020-21,1610612760.0,21.0,43,32,21.4,0.545,6.2,0.0,0.0,0.619,2.9,3.6,5.3,8.9,0.2,0.7,1.1,1.0,2.2,8.6,0.6038266191544513,1629650,Moses Brown,C,OKC
134,202685,2020-21,1610612763.0,29.0,62,61,28.3,0.592,12.0,0.368,0.9,0.773,3.3,4.1,8.4,12.5,1.8,0.6,0.9,1.6,2.9,17.1,0.5969831364973872,202685,Jonas Valanciunas,C,MEM
135,1630200,2020-21,1610612759.0,21.0,37,1,7.3,0.474,2.1,0.6,0.1,0.895,0.5,0.2,0.4,0.6,1.1,0.2,0.0,0.4,0.4,2.5,0.5905149288418751,1630200,Tre Jones,G,SAS
136,1627884,2020-21,1610612757.0,24.0,58,43,22.7,0.484,5.2,0.316,2.3,0.648,1.6,1.3,2.2,3.5,0.8,0.6,0.9,0.6,2.2,6.8,0.5758281453963424,1627884,Derrick Jones,F,POR
137,203469,2020-21,1610612766.0,28.0,48,21,20.9,0.559,6.8,0.143,0.6,0.714,2.5,2.5,4.4,6.8,1.8,0.6,0.4,1.1,2.5,9.4,0.5748273392486842,203469,Cody Zeller,F,CHA
138,1629719,2020-21,1610612747.0,24.0,20,1,4.9,0.586,1.5,0.0,0.0,0.455,0.6,0.6,1.0,1.6,0.1,0.3,0.2,0.3,0.4,2.0,0.5392116161562209,1629719,Devontae Cacok,F,LAL
139,201933,2020-21,1610612765.0,32.0,20,20,31.3,0.365,11.1,0.315,6.2,0.71,3.1,0.4,4.9,5.2,3.9,0.7,0.1,1.6,2.1,12.3,0.5359064799521518,201933,Blake Griffin,F,BKN
140,201933,2020-21,1610612751.0,32.0,26,10,21.5,0.492,7.3,0.383,3.1,0.782,2.1,1.1,3.6,4.7,2.4,0.7,0.5,1.2,2.7,10.0,0.5359064799521518,201933,Blake Griffin,F,BKN
141,203925,2020-21,1610612751.0,29.0,69,65,31.0,0.505,10.2,0.475,6.4,0.778,0.9,0.6,3.0,3.6,1.9,0.7,0.2,0.9,2.0,14.1,0.49526200611858395,203925,Joe Harris,G,BKN
142,1626158,2020-21,1610612758.0,27.0,61,61,29.2,0.637,9.4,0.182,0.2,0.794,2.8,2.4,5.9,8.3,1.7,0.6,1.6,1.2,3.5,14.2,0.4787806761439169,1626158,Richaun Holmes,F,SAC
143,1629633,2020-21,1610612750.0,22.0,34,7,14.7,0.411,4.9,0.245,1.6,0.604,1.4,1.0,2.1,3.1,0.7,0.5,0.3,0.8,1.7,5.3,0.4153147527135541,1629633,Jarrett Culver,G,MIN
144,1629018,2020-21,1610612757.0,22.0,41,23,30.8,0.414,12.8,0.397,7.4,0.773,1.8,0.5,1.7,2.2,1.4,0.9,0.1,0.8,1.5,15.0,0.4078435754222639,1629018,Gary Trent Jr,G,TOR
145,1629018,2020-21,1610612761.0,22.0,17,15,31.8,0.395,15.4,0.355,7.3,0.806,1.8,0.4,3.2,3.6,1.3,1.1,0.2,0.7,1.7,16.2,0.4078435754222639,1629018,Gary Trent Jr,G,TOR
146,203090,2020-21,1610612748.0,28.0,11,3,11.2,0.385,1.2,0.455,1.0,0.0,0.2,0.2,1.0,1.2,0.6,0.2,0.4,0.3,1.3,1.4,0.3875096430725455,203090,Moe Harkless,F,SAC
147,203090,2020-21,1610612758.0,28.0,26,20,24.9,0.421,5.8,0.247,2.8,0.805,1.6,0.4,2.5,2.9,1.4,1.1,0.6,0.7,2.8,6.9,0.3875096430725455,203090,Moe Harkless,F,SAC
148,1629744,2020-21,1610612761.0,26.0,26,0,7.4,0.387,2.4,0.415,1.6,0.857,0.3,0.1,0.7,0.8,0.3,0.1,0.0,0.2,0.4,2.7,0.37667283878439833,1629744,Matt Thomas,G,UTA
149,1629744,2020-21,1610612762.0,26.0,19,0,7.1,0.4,3.4,0.256,2.1,0.857,0.4,0.2,1.0,1.2,0.5,0.1,0.0,0.4,0.4,3.6,0.37667283878439833,1629744,Matt Thomas,G,UTA
150,2546,2020-21,1610612757.0,37.0,69,3,24.5,0.421,11.3,0.409,4.7,0.89,2.2,0.5,2.6,3.1,1.5,0.7,0.6,0.9,2.1,13.4,0.3662446519940791,2546,Carmelo Anthony,F,POR
151,1628365,2020-21,1610612753.0,23.0,8,8,26.9,0.394,13.0,0.25,2.0,0.895,2.4,0.6,2.5,3.1,5.4,1.0,0.3,2.3,2.3,12.9,0.347552131543728,1628365,Markelle Fultz,G,ORL
152,1630194,2020-21,1610612755.0,22.0,26,0,6.8,0.538,3.0,0.0,0.2,0.5,0.3,1.2,1.2,2.3,0.5,0.4,0.5,0.5,1.1,3.4,0.318308498520379,1630194,Paul Reed,F,PHI
153,1627777,2020-21,1610612762.0,28.0,72,10,16.0,0.437,5.6,0.425,4.1,0.957,0.3,0.4,2.1,2.4,0.8,0.3,0.1,0.7,1.6,6.9,0.3164015357650213,1627777,Georges Niang,F,UTA
154,1630197,2020-21,1610612760.0,19.0,45,28,24.2,0.341,9.1,0.28,4.6,0.738,0.9,0.7,4.0,4.7,2.2,0.4,0.9,2.2,1.3,8.2,0.3085280930176781,1630197,Aleksej Pokusevski,F,OKC
155,1630162,2020-21,1610612750.0,19.0,72,55,32.1,0.417,16.8,0.329,7.2,0.776,3.8,0.8,3.8,4.7,2.9,1.1,0.5,2.2,1.8,19.3,0.30717617189582835,1630162,Anthony Edwards,G,MIN
156,203076,2020-21,1610612747.0,28.0,36,36,32.3,0.491,17.0,0.26,2.8,0.738,5.9,1.7,6.2,7.9,3.1,1.3,1.6,2.1,1.7,21.8,0.3051877243839206,203076,Anthony Davis,F,LAL
157,1626157,2020-21,1610612750.0,25.0,50,50,33.8,0.486,17.5,0.387,6.3,0.859,6.2,2.7,7.9,10.6,4.5,0.8,1.1,3.2,3.7,24.8,0.28317516490793304,1626157,Karl-Anthony Towns,C,MIN
158,201567,2020-21,1610612739.0,32.0,25,25,24.9,0.409,10.1,0.365,6.2,0.824,2.0,0.7,6.8,7.4,2.5,0.6,0.1,1.5,1.0,12.2,0.28315138802783024,201567,Kevin Love,F,CLE
159,203114,2020-21,1610612749.0,29.0,68,68,33.4,0.476,15.8,0.414,5.4,0.898,3.5,0.8,5.2,6.0,5.4,1.1,0.1,2.6,2.4,20.4,0.27524879091295007,203114,Khris Middleton,F,MIL
160,203506,2020-21,1610612754.0,29.0,9,9,33.3,0.421,16.9,0.362,7.7,0.73,4.1,0.1,5.6,5.7,4.2,1.7,0.2,2.0,2.6,20.0,0.2685900848955242,203506,Victor Oladipo,G,MIA
161,203506,2020-21,1610612745.0,29.0,20,20,33.5,0.407,19.1,0.32,7.7,0.783,4.2,0.4,4.4,4.8,5.0,1.2,0.5,2.6,2.3,21.2,0.2685900848955242,203506,Victor Oladipo,G,MIA
162,203506,2020-21,1610612748.0,29.0,4,4,27.8,0.372,10.8,0.235,4.3,0.667,4.5,0.8,2.8,3.5,3.5,1.8,0.5,3.5,3.3,12.0,0.2685900848955242,203506,Victor Oladipo,G,MIA
163,1629011,2020-21,1610612752.0,23.0,31,29,27.5,0.653,5.7,0.0,0.0,0.491,1.7,3.6,4.5,8.1,0.5,1.1,1.5,0.8,2.8,8.3,0.23882463642276364,1629011,Mitchell Robinson,C,NYK
164,1630167,2020-21,1610612752.0,23.0,62,0,11.0,0.498,3.4,0.306,1.4,0.731,0.4,0.4,1.8,2.2,0.5,0.3,0.2,0.4,0.9,4.1,0.21794478384031166,1630167,Obi Toppin,F,NYK
165,203994,2020-21,1610612757.0,26.0,37,37,23.8,0.514,9.0,0.4,0.8,0.619,3.1,2.3,6.6,9.0,3.4,1.0,1.1,2.0,2.8,11.5,0.21447109215719737,203994,Jusuf Nurkic,C,POR
166,1627783,2020-21,1610612761.0,27.0,56,56,35.8,0.455,17.2,0.297,4.4,0.827,5.4,1.7,5.5,7.2,4.5,1.1,0.7,2.3,3.1,21.4,0.20775500989237622,1627783,Pascal Siakam,F,TOR
167,203463,2020-21,1610612745.0,28.0,32,4,16.8,0.357,7.0,0.331,5.2,0.719,1.0,0.3,1.7,2.1,0.9,0.6,0.1,0.9,1.6,7.4,0.20494526408503264,203463,Ben McLemore,G,LAL
168,203463,2020-21,1610612747.0,28.0,21,1,17.5,0.39,6.7,0.368,5.4,0.762,1.0,0.2,1.4,1.6,0.5,0.1,0.3,0.7,1.8,8.0,0.20494526408503264,203463,Ben McLemore,G,LAL
169,203507,2020-21,1610612749.0,26.0,61,61,33.0,0.569,18.0,0.303,3.6,0.685,9.5,1.6,9.4,11.0,5.9,1.2,1.2,3.4,2.8,28.1,0.20155385744504076,203507,Giannis Antetokounmpo,F,MIL
170,203473,2020-21,1610612748.0,31.0,16,0,13.2,0.708,4.1,0.2,0.3,0.741,1.7,1.8,3.6,5.4,0.8,0.6,0.4,0.8,2.3,7.1,0.1786213797743216,203473,Dewayne Dedmon,C,MIA
171,1629308,2020-21,1610612744.0,28.0,53,16,20.9,0.579,3.9,0.402,1.7,0.71,0.6,0.5,3.9,4.4,2.8,0.8,0.5,1.2,2.1,5.7,0.17402969029337495,1629308,Juan Toscano-Anderson,F,GSW
172,1626174,2020-21,1610612745.0,25.0,41,41,32.3,0.514,15.6,0.374,5.0,0.631,4.8,1.9,7.8,9.6,1.7,0.8,1.2,2.0,2.1,21.0,0.16775560773333958,1626174,Christian Wood,F,HOU
173,203933,2020-21,1610612754.0,27.0,4,4,29.3,0.529,12.8,0.0,1.8,0.8,2.5,0.5,3.0,3.5,1.3,0.5,0.0,1.0,4.0,15.5,0.16371334094003065,203933,TJ Warren,F,IND
174,1629599,2020-21,1610612746.0,24.0,44,1,9.0,0.437,2.3,0.411,1.3,0.711,0.9,0.2,0.8,1.0,0.5,0.2,0.0,0.3,0.7,3.2,0.15184866575623682,1629599,Amir Coffey,G,LAC
175,202722,2020-21,1610612764.0,28.0,57,7,25.7,0.404,8.4,0.395,7.5,0.87,2.0,0.3,2.6,2.9,0.9,0.6,0.2,0.6,2.4,11.5,0.15012938524911598,202722,Davis Bertans,F,WAS
176,1627734,2020-21,1610612754.0,25.0,62,62,36.0,0.535,14.6,0.321,2.6,0.732,5.3,2.4,9.5,12.0,6.7,1.2,0.5,3.4,3.3,20.3,0.13659256990240037,1627734,Domantas Sabonis,F,IND
177,1629637,2020-21,1610612740.0,21.0,60,3,16.1,0.625,4.7,0.429,0.2,0.775,2.0,1.5,2.8,4.3,0.6,0.4,0.6,0.7,1.7,7.5,0.13323020307370928,1629637,Jaxson Hayes,C,NOP
178,202704,2020-21,1610612746.0,31.0,67,43,23.0,0.45,8.7,0.433,4.2,0.817,1.2,0.4,2.5,2.9,3.1,0.6,0.1,1.1,1.9,10.7,0.12395752202855927,202704,Reggie Jackson,G,LAC
179,202704,2020-21,1610612746.0,31.0,19,17,32.7,0.484,13.3,0.408,7.5,0.878,2.2,0.4,2.8,3.2,3.4,0.9,0.2,1.5,2.6,17.8,0.12395752202855927,202704,Reggie Jackson,G,LAC
180,1629006,2020-21,1610612750.0,22.0,59,37,20.3,0.402,4.3,0.269,1.8,0.769,1.8,1.1,1.6,2.6,1.1,0.9,0.5,0.7,2.1,5.4,0.0976512173136353,1629006,Josh Okogie,G,MIN
181,203084,2020-21,1610612758.0,29.0,58,58,36.2,0.497,11.1,0.391,4.4,0.83,4.1,1.1,5.5,6.6,3.5,0.7,0.2,1.6,1.3,16.1,0.09641063835679538,203084,Harrison Barnes,F,SAC
182,1629723,2020-21,1610612763.0,25.0,43,0,13.4,0.5,3.2,0.375,1.3,0.833,0.7,0.8,2.2,3.0,1.1,0.7,0.2,0.4,0.9,4.3,0.09624026951879357,1629723,John Konchar,G,MEM
183,200768,2020-21,1610612761.0,35.0,46,46,34.8,0.436,13.0,0.396,7.2,0.875,3.5,0.8,4.6,5.4,7.3,1.0,0.3,2.7,3.1,17.2,0.08381048333438383,200768,Kyle Lowry,G,TOR
184,1627823,2020-21,1610612750.0,25.0,52,6,17.3,0.435,5.8,0.327,3.2,0.619,1.9,0.9,3.1,3.9,0.7,0.4,0.1,0.5,1.0,7.2,0.05398852542242031,1627823,Juan Hernangomez,F,MIN
185,202397,2020-21,1610612764.0,32.0,44,1,21.0,0.434,6.8,0.367,1.1,0.576,0.8,0.5,2.9,3.4,3.9,0.7,0.3,0.9,1.4,6.7,0.031247998082758573,202397,Ishmael Smith,G,WAS
186,1630231,2020-21,1610612745.0,20.0,45,8,23.7,0.509,7.1,0.365,2.1,0.714,1.9,1.6,3.8,5.4,1.1,0.7,0.9,0.8,2.0,9.3,0.021588385332193778,1630231,KJ Martin,F,HOU
187,1627774,2020-21,1610612750.0,27.0,45,11,13.9,0.495,4.1,0.295,1.7,0.703,0.8,0.3,1.2,1.5,0.6,0.6,0.4,0.6,1.0,5.1,0.011104529878479083,1627774,Jake Layman,F,MIN
188,1626192,2020-21,1610612749.0,28.0,69,4,22.8,0.434,5.6,0.371,3.9,0.775,0.6,0.9,3.9,4.8,1.2,0.7,0.3,0.5,1.4,6.8,-0.004914815850035871,1626192,Pat Connaughton,G,MIL
189,1629611,2020-21,1610612746.0,24.0,67,10,18.9,0.509,5.2,0.418,1.4,0.83,1.4,0.8,2.8,3.6,1.6,0.4,0.2,0.6,1.9,7.0,-0.016867352614143096,1629611,Terance Mann,G,LAC
190,203490,2020-21,1610612741.0,28.0,25,6,21.6,0.441,8.1,0.4,3.8,0.838,1.5,1.1,4.4,5.5,2.0,0.5,0.2,1.0,1.5,9.9,-0.01893605449249368,203490,Otto Porter,F,ORL
191,203490,2020-21,1610612753.0,28.0,3,0,22.2,0.36,8.3,0.111,3.0,1.0,1.7,0.0,4.7,4.7,1.7,1.3,0.0,0.0,1.3,8.0,-0.01893605449249368,203490,Otto Porter,F,ORL
192,1628378,2020-21,1610612762.0,24.0,53,53,33.4,0.438,20.6,0.386,8.7,0.845,6.0,0.9,3.5,4.4,5.2,1.0,0.3,2.8,2.2,26.4,-0.025806685995148602,1628378,Donovan Mitchell,G,UTA
193,1627741,2020-21,1610612758.0,28.0,71,71,34.3,0.406,14.0,0.391,10.2,0.846,1.5,0.4,4.3,4.7,3.6,0.9,0.4,1.8,2.5,16.6,-0.05222395377784602,1627741,Buddy Hield,G,SAC
194,201937,2020-21,1610612750.0,30.0,68,51,26.1,0.388,7.3,0.308,3.1,0.867,2.2,0.4,2.9,3.3,6.4,1.4,0.1,1.6,2.0,8.6,-0.054917945172350026,201937,Ricky Rubio,G,MIN
195,1629833,2020-21,1610612757.0,25.0,17,0,4.4,0.25,1.2,0.25,0.5,0.0,0.0,0.2,0.4,0.6,0.2,0.1,0.0,0.3,0.5,0.7,-0.07124900762928767,1629833,Keljin Blevins,G,POR
196,1628998,2020-21,1610612766.0,25.0,52,10,16.3,0.441,3.6,0.276,1.1,0.581,0.8,1.0,2.1,3.1,1.7,0.7,0.2,0.8,1.0,4.0,-0.07833700203446567,1628998,Cody Martin,F,CHA
197,1629139,2020-21,1610612761.0,26.0,50,4,14.5,0.439,3.6,0.4,1.8,0.828,0.6,0.7,2.5,3.2,0.8,0.5,0.4,0.4,1.1,4.4,-0.08029482574476696,1629139,Yuta Watanabe,G,TOR
198,1630166,2020-21,1610612764.0,20.0,54,32,23.3,0.417,5.8,0.315,3.1,0.644,0.8,0.4,4.4,4.9,1.2,0.6,0.3,0.6,2.6,6.3,-0.08373488201786229,1630166,Deni Avdija,F,WAS
199,201143,2020-21,1610612760.0,35.0,28,28,27.9,0.45,12.9,0.368,5.4,0.818,0.8,1.0,5.7,6.7,3.4,0.9,0.9,1.0,1.7,14.2,-0.08506098785028508,201143,Al Horford,C,OKC
200,203471,2020-21,1610612747.0,27.0,61,61,32.1,0.437,12.5,0.335,3.5,0.848,4.0,0.5,3.0,3.5,5.8,1.1,0.2,2.7,2.6,15.4,-0.08828961877805315,203471,Dennis Schroeder,G,LAL
201,203457,2020-21,1610612752.0,27.0,64,41,24.2,0.614,3.5,0.0,0.0,0.714,1.1,2.2,4.1,6.4,0.7,1.1,2.2,1.0,2.8,5.1,-0.09085849503690832,203457,Nerlens Noel,C,NYK
202,1628370,2020-21,1610612766.0,23.0,42,0,20.9,0.434,9.5,0.401,5.0,0.819,1.7,0.3,2.1,2.4,2.1,0.5,0.1,1.3,1.1,11.7,-0.09166625116688436,1628370,Malik Monk,G,CHA
203,1629643,2020-21,1610612753.0,22.0,45,19,25.2,0.417,7.2,0.348,3.1,0.75,0.9,0.9,3.1,4.0,2.2,1.1,0.5,0.8,1.1,7.8,-0.0981851859574917,1629643,Chuma Okeke,F,ORL
204,203585,2020-21,1610612765.0,29.0,16,2,12.1,0.529,4.4,0.458,1.5,0.75,0.5,0.5,0.9,1.4,1.0,0.5,0.1,0.4,0.8,5.7,-0.11321990692892557,203585,Rodney McGruder,G,DET
205,1630183,2020-21,1610612750.0,20.0,63,27,24.0,0.447,5.8,0.364,3.1,0.6,0.7,0.8,2.9,3.7,1.1,0.6,1.0,0.7,2.7,6.8,-0.13441895495063685,1630183,Jaden McDaniels,F,MIN
206,1629628,2020-21,1610612752.0,21.0,72,72,34.9,0.441,14.7,0.401,4.3,0.746,3.8,0.9,4.8,5.8,3.0,0.7,0.3,1.9,2.6,17.6,-0.1396302714276002,1629628,RJ Barrett,F,NYK
207,202683,2020-21,1610612757.0,29.0,72,35,24.4,0.604,7.8,0.25,0.1,0.774,2.3,3.9,7.1,11.0,1.2,0.5,0.7,1.1,2.3,11.2,-0.14116511527620965,202683,Enes Kanter,C,POR
208,202683,2020-21,1610612757.0,29.0,5,0,11.2,0.5,1.6,0.0,0.0,1.0,0.4,1.2,1.4,2.6,0.0,0.0,0.4,0.6,1.8,2.0,-0.14116511527620965,202683,Enes Kanter,C,POR
209,1626159,2020-21,1610612763.0,25.0,26,1,19.5,0.352,8.1,0.185,2.1,0.571,1.3,0.7,3.8,4.5,1.9,0.6,0.5,1.4,1.8,6.8,-0.16861479814118352,1626159,Justise Winslow,F,MEM
210,1629684,2020-21,1610612738.0,22.0,63,9,18.1,0.437,3.9,0.372,2.0,0.588,0.8,0.8,2.1,2.8,1.0,0.5,0.4,0.9,2.6,4.7,-0.17473424389161565,1629684,Grant Williams,F,BOS
211,1628960,2020-21,1610612763.0,25.0,50,38,25.2,0.418,8.3,0.391,5.5,0.868,1.8,0.4,2.8,3.2,2.2,0.9,0.2,1.0,1.4,10.6,-0.18090032965583913,1628960,Grayson Allen,G,MEM
212,1629663,2020-21,1610612758.0,22.0,6,1,14.2,0.5,5.7,0.364,1.8,1.0,1.0,0.8,2.2,3.0,1.5,1.2,0.5,0.7,1.5,7.3,-0.18422835260552303,1629663,Louis King,F,SAC
213,1630186,2020-21,1610612758.0,20.0,13,0,7.3,0.395,2.9,0.263,1.5,1.0,0.4,0.2,0.6,0.8,0.5,0.3,0.1,0.2,0.6,3.1,-0.18859615669417593,1630186,Jahmi'us Ramsey,G,SAC
214,202330,2020-21,1610612766.0,31.0,44,44,34.0,0.473,15.0,0.415,4.7,0.843,4.2,0.8,5.0,5.9,4.1,1.2,0.3,2.1,1.7,19.6,-0.20228344565158723,202330,Gordon Hayward,F,CHA
215,1627736,2020-21,1610612750.0,24.0,37,36,32.8,0.44,16.2,0.399,8.7,0.85,2.2,0.8,3.6,4.4,2.4,0.8,0.2,1.6,1.7,19.6,-0.2069171879353659,1627736,Malik Beasley,G,MIN
216,204456,2020-21,1610612754.0,29.0,69,3,26.0,0.559,7.1,0.313,0.7,0.688,0.7,0.8,2.9,3.7,6.6,1.9,0.3,2.0,1.6,8.6,-0.23488945811590298,204456,TJ McConnell,G,IND
217,2544,2020-21,1610612747.0,36.0,45,45,33.4,0.513,18.3,0.365,6.3,0.698,5.7,0.6,7.0,7.7,7.8,1.1,0.6,3.7,1.6,25.0,-0.23789239213874386,2544,LeBron James,F,LAL
218,203901,2020-21,1610612752.0,27.0,63,63,23.6,0.432,9.9,0.286,1.6,0.682,1.7,1.0,2.4,3.4,3.2,0.7,0.1,1.6,1.8,10.1,-0.24451654917186508,203901,Elfrid Payton,G,NYK
219,101150,2020-21,1610612746.0,34.0,42,3,21.9,0.421,10.2,0.378,2.8,0.866,2.8,0.4,1.7,2.1,3.4,0.9,0.1,1.6,1.0,12.1,-0.25204583482171655,101150,Louis Williams,G,ATL
220,101150,2020-21,1610612737.0,34.0,24,1,21.0,0.389,9.0,0.444,2.3,0.87,2.3,0.3,1.8,2.1,3.4,0.3,0.1,1.8,0.8,10.0,-0.25204583482171655,101150,Louis Williams,G,ATL
221,1628408,2020-21,1610612743.0,24.0,50,6,21.8,0.417,7.1,0.315,3.0,0.636,1.3,0.7,2.9,3.6,1.8,0.6,0.4,0.9,1.7,7.7,-0.26801720202352153,1628408,PJ Dozier,G,DEN
222,1628978,2020-21,1610612749.0,24.0,66,66,27.5,0.42,9.1,0.379,5.2,0.718,1.1,1.2,4.5,5.8,3.1,1.1,0.2,1.4,1.7,10.4,-0.2741162269155575,1628978,Donte DiVincenzo,G,MIL
223,1628418,2020-21,1610612764.0,23.0,10,10,27.1,0.648,9.1,0.429,2.1,0.667,2.4,1.8,4.3,6.1,1.5,0.4,0.8,1.1,3.1,14.3,-0.2802022879491005,1628418,Thomas Bryant,C,WAS
224,1626220,2020-21,1610612762.0,28.0,71,71,31.6,0.444,5.5,0.385,3.9,0.848,0.6,1.2,5.6,6.8,2.5,0.8,0.5,1.2,2.6,7.0,-0.2819217718612049,1626220,Royce O'Neale,F,UTA
225,1628389,2020-21,1610612748.0,23.0,64,64,33.5,0.57,12.5,0.25,0.1,0.799,5.5,2.2,6.7,9.0,5.4,1.2,1.0,2.6,2.3,18.7,-0.290731078368664,1628389,Bam Adebayo,C,MIA
226,1628997,2020-21,1610612766.0,25.0,53,3,15.4,0.375,4.8,0.248,2.4,0.641,1.2,0.6,2.1,2.7,1.3,0.7,0.2,0.6,1.2,5.0,-0.29206628405372514,1628997,Caleb Martin,F,CHA
227,201571,2020-21,1610612749.0,33.0,37,6,19.3,0.37,5.2,0.38,3.5,0.9,1.1,0.3,1.1,1.4,3.0,0.5,0.0,0.9,0.9,6.1,-0.30119736894400506,201571,DJ Augustin,G,HOU
228,201571,2020-21,1610612745.0,33.0,20,6,20.8,0.424,7.6,0.386,4.4,0.907,2.7,0.5,1.8,2.2,3.9,0.4,0.0,1.6,1.2,10.6,-0.30119736894400506,201571,DJ Augustin,G,HOU
229,1628966,2020-21,1610612759.0,25.0,30,0,8.2,0.448,2.2,0.294,0.6,0.667,0.7,0.3,1.3,1.6,0.4,0.4,0.2,0.2,0.4,2.6,-0.3214394436746552,1628966,Keita Bates-Diop,F,SAS
230,202681,2020-21,1610612751.0,29.0,54,54,34.9,0.506,20.1,0.402,7.0,0.922,4.0,1.0,3.8,4.8,6.0,1.4,0.7,2.4,2.6,26.9,-0.3368491822734709,202681,Kyrie Irving,G,BKN
231,1627745,2020-21,1610612756.0,26.0,14,0,6.7,0.5,1.1,0.0,0.1,0.545,0.8,0.5,0.8,1.3,0.3,0.1,0.4,0.4,1.4,1.6,-0.34876758292998855,1627745,Damian Jones,C,SAC
232,1627745,2020-21,1610612747.0,26.0,8,6,14.0,0.941,2.1,0.0,0.0,0.917,1.5,1.0,2.3,3.3,0.1,0.1,0.9,0.6,2.8,5.4,-0.34876758292998855,1627745,Damian Jones,C,SAC
233,1627745,2020-21,1610612758.0,26.0,17,4,20.0,0.657,4.1,0.25,0.2,0.714,2.1,1.2,3.3,4.5,1.4,0.5,1.0,0.9,2.1,6.9,-0.34876758292998855,1627745,Damian Jones,C,SAC
234,1627814,2020-21,1610612744.0,28.0,57,1,18.9,0.467,4.8,0.397,3.4,0.909,0.8,0.4,2.8,3.2,1.3,0.7,0.1,0.5,1.6,6.5,-0.34960023975600824,1627814,Damion Lee,G,GSW
235,201950,2020-21,1610612749.0,31.0,59,56,32.3,0.503,13.9,0.392,4.8,0.787,2.3,1.2,3.3,4.5,6.1,1.6,0.6,2.2,1.7,17.7,-0.37328775363999794,201950,Jrue Holiday,G,MIL
236,1628990,2020-21,1610612741.0,25.0,7,0,9.1,0.278,2.6,0.333,0.4,1.0,0.3,0.1,2.7,2.9,0.6,0.1,0.0,0.7,1.3,1.9,-0.3806742645689708,1628990,Chandler Hutchison,F,WAS
237,1628990,2020-21,1610612764.0,25.0,18,1,15.7,0.4,4.7,0.368,1.1,0.826,1.3,0.3,2.9,3.2,0.7,0.6,0.3,0.8,1.3,5.2,-0.3806742645689708,1628990,Chandler Hutchison,F,WAS
238,204001,2020-21,1610612742.0,25.0,43,43,30.9,0.476,15.9,0.376,6.0,0.855,3.2,1.9,7.0,8.9,1.6,0.5,1.3,1.2,2.7,20.1,-0.39758412065313453,204001,Kristaps Porzingis,F,DAL
239,201609,2020-21,1610612748.0,35.0,50,11,26.7,0.432,11.1,0.373,4.9,0.828,2.4,0.5,2.9,3.4,4.4,0.7,0.2,2.4,2.3,13.4,-0.3991210058686504,201609,Goran Dragic,G,MIA
240,201609,2020-21,1610612748.0,35.0,4,2,29.2,0.426,13.5,0.346,6.5,0.75,3.0,0.3,1.5,1.8,2.8,1.0,0.5,1.5,2.8,16.0,-0.3991210058686504,201609,Goran Dragic,G,MIA
241,203992,2020-21,1610612737.0,28.0,44,27,29.7,0.473,12.8,0.438,7.6,0.909,1.0,0.5,3.2,3.6,3.3,1.1,0.3,1.2,2.3,16.4,-0.4140084948522297,203992,Bogdan Bogdanovic,G,ATL
242,1629676,2020-21,1610612760.0,23.0,61,34,23.4,0.483,7.0,0.294,1.8,0.744,1.9,1.5,4.1,5.6,1.8,0.9,0.6,1.9,2.7,8.7,-0.42496339870396144,1629676,Isaiah Roby,F,OKC
243,203482,2020-21,1610612748.0,30.0,43,38,26.9,0.431,8.7,0.317,5.7,0.775,0.9,1.0,5.0,6.1,2.1,0.9,0.6,1.3,2.9,10.0,-0.44653242285657435,203482,Kelly Olynyk,F,HOU
244,203482,2020-21,1610612745.0,30.0,27,24,31.1,0.545,11.9,0.392,4.6,0.844,5.0,1.6,6.9,8.4,4.1,1.4,0.6,2.6,3.1,19.0,-0.44653242285657435,203482,Kelly Olynyk,F,HOU
245,202357,2020-21,1610612758.0,33.0,26,1,16.9,0.46,5.8,0.293,2.2,0.762,1.6,0.9,2.9,3.8,1.9,0.3,0.1,1.1,1.8,7.2,-0.44887822783391645,202357,Nemanja Bjelica,F,MIA
246,202357,2020-21,1610612748.0,33.0,11,2,14.2,0.435,4.2,0.37,2.5,0.556,0.8,0.5,2.0,2.5,1.8,0.6,0.3,0.5,1.8,5.0,-0.44887822783391645,202357,Nemanja Bjelica,F,MIA
247,1630198,2020-21,1610612755.0,21.0,41,1,9.3,0.361,3.2,0.368,2.6,0.75,0.6,0.1,0.7,0.9,0.5,0.3,0.1,0.3,0.8,3.7,-0.4552473478793041,1630198,Isaiah Joe,G,PHI
248,1629712,2020-21,1610612740.0,21.0,3,0,18.8,0.231,4.3,0.25,2.7,0.0,0.0,0.3,0.7,1.0,1.0,0.7,0.0,1.0,1.7,2.7,-0.4628921317105313,1629712,Didi Louzada,G,NOP
249,1627827,2020-21,1610612742.0,28.0,60,60,32.0,0.472,7.8,0.394,5.0,0.756,0.7,1.6,3.8,5.4,1.7,0.9,0.4,0.8,2.3,9.8,-0.48647884587307855,1627827,Dorian Finney-Smith,F,DAL
250,1626179,2020-21,1610612766.0,27.0,69,69,34.5,0.45,16.4,0.389,8.3,0.817,2.9,0.7,3.7,4.4,4.2,1.3,0.4,1.9,1.7,20.4,-0.4916941735950178,1626179,Terry Rozier,G,CHA
251,1629636,2020-21,1610612739.0,21.0,54,50,33.1,0.451,14.9,0.395,4.9,0.848,2.4,0.4,2.0,2.4,6.1,1.2,0.1,3.0,2.0,17.4,-0.5093180496036378,1629636,Darius Garland,G,CLE
252,1629653,2020-21,1610612741.0,21.0,11,0,4.6,0.524,1.9,0.143,0.6,0.0,0.0,0.2,0.3,0.5,0.6,0.4,0.0,0.0,0.3,2.1,-0.5145789236777224,1629653,Devon Dotson,G,CHI
253,1628420,2020-21,1610612743.0,26.0,47,13,25.5,0.481,8.2,0.381,2.9,0.795,1.6,0.2,1.8,2.0,3.2,0.7,0.3,0.7,1.0,10.2,-0.5400902160590506,1628420,Monte Morris,G,DEN
254,1629671,2020-21,1610612762.0,23.0,54,0,9.6,0.354,1.8,0.341,1.6,0.833,0.1,0.4,1.1,1.6,0.5,0.2,0.1,0.3,1.1,1.9,-0.5460978197276344,1629671,Miye Oni,G,UTA
255,1629020,2020-21,1610612750.0,22.0,64,30,17.8,0.606,3.7,0.2,0.1,0.559,1.6,1.8,3.9,5.8,1.2,1.0,0.7,0.8,1.9,5.4,-0.5557382773364627,1629020,Jarred Vanderbilt,F,MIN
256,203918,2020-21,1610612757.0,28.0,38,5,19.1,0.363,5.3,0.298,2.2,0.75,0.3,0.5,1.4,1.9,1.2,0.5,0.1,0.8,1.6,4.7,-0.5789425460361788,203918,Rodney Hood,G,TOR
257,203918,2020-21,1610612761.0,28.0,17,0,12.7,0.356,3.5,0.31,1.7,0.938,0.9,0.3,1.5,1.8,0.4,0.2,0.2,0.3,0.9,3.9,-0.5789425460361788,203918,Rodney Hood,G,TOR
258,1629026,2020-21,1610612760.0,26.0,66,13,21.6,0.533,6.2,0.444,1.8,0.571,1.0,1.3,2.9,4.1,2.3,0.8,0.3,1.2,2.2,8.0,-0.5892416649555836,1629026,Kenrich Williams,G,OKC
259,1629655,2020-21,1610612741.0,22.0,31,11,12.4,0.69,2.8,0.0,0.0,0.659,1.3,1.4,1.9,3.3,0.5,0.4,1.1,0.7,1.7,4.7,-0.5993571471218176,1629655,Daniel Gafford,F,WAS
260,1629655,2020-21,1610612764.0,22.0,23,0,17.8,0.681,6.0,0.0,0.0,0.672,2.9,2.2,3.4,5.6,0.5,0.7,1.8,0.8,1.9,10.1,-0.5993571471218176,1629655,Daniel Gafford,F,WAS
261,202334,2020-21,1610612750.0,32.0,23,7,13.0,0.432,1.9,0.0,0.0,0.833,0.5,2.0,3.0,5.0,0.9,0.6,0.6,0.3,2.4,2.1,-0.6082371094943588,202334,Ed Davis,C,MIN
262,1629004,2020-21,1610612765.0,24.0,36,5,17.6,0.377,6.2,0.333,4.8,0.8,0.8,0.3,1.8,2.1,1.6,0.8,0.2,1.1,0.9,6.9,-0.6098214990002789,1629004,Sviatoslav Mykhailiuk,G,OKC
263,1629004,2020-21,1610612760.0,24.0,30,9,23.0,0.438,9.4,0.336,4.8,0.7,0.7,0.4,2.5,3.0,1.8,0.8,0.2,1.6,1.0,10.3,-0.6098214990002789,1629004,Sviatoslav Mykhailiuk,G,OKC
264,1630214,2020-21,1610612763.0,22.0,59,12,18.4,0.559,5.1,0.338,1.1,0.642,0.9,1.3,3.1,4.3,1.3,0.7,0.6,0.8,2.0,6.6,-0.628298198431272,1630214,Xavier Tillman,F,MEM
265,202734,2020-21,1610612756.0,32.0,27,1,14.4,0.455,4.5,0.314,1.3,0.857,0.5,0.5,1.1,1.7,1.5,0.6,0.2,0.9,1.2,4.9,-0.6617676661139401,202734,E'Twaun Moore,G,PHX
266,1628374,2020-21,1610612741.0,24.0,51,26,25.8,0.48,10.2,0.402,5.8,0.826,1.8,0.7,4.6,5.3,0.9,0.5,0.3,1.0,1.5,13.6,-0.6630296430465098,1628374,Lauri Markkanen,F,CHI
267,1627863,2020-21,1610612745.0,28.0,36,23,25.9,0.404,7.6,0.346,4.3,0.651,1.8,0.5,3.2,3.7,1.9,0.6,0.4,1.0,1.9,8.8,-0.6634944748418685,1627863,Danuel House,F,HOU
268,1629130,2020-21,1610612748.0,27.0,72,72,31.4,0.439,10.0,0.408,8.5,0.827,1.0,0.1,3.4,3.5,1.8,0.6,0.3,1.1,2.5,13.1,-0.6662607141552047,1629130,Duncan Robinson,F,MIA
269,1626224,2020-21,1610612739.0,26.0,59,26,25.6,0.374,9.9,0.306,5.5,0.8,1.6,0.6,2.8,3.4,2.9,0.9,0.2,1.4,2.0,10.4,-0.6715916103132995,1626224,Cedi Osman,F,CLE
270,201587,2020-21,1610612746.0,32.0,67,38,27.4,0.464,6.1,0.404,4.1,0.828,0.9,0.7,4.0,4.7,2.2,1.0,0.6,0.8,1.5,8.1,-0.6739373824070538,201587,Nicolas Batum,G,LAC
271,202324,2020-21,1610612762.0,29.0,68,0,15.3,0.638,3.6,0.0,0.0,0.738,1.2,2.0,3.5,5.5,0.6,0.5,1.0,0.5,2.1,5.4,-0.6747331158793421,202324,Derrick Favors,F,UTA
272,1630176,2020-21,1610612766.0,20.0,19,4,6.0,0.5,1.9,0.143,0.4,0.818,0.6,0.3,1.1,1.4,0.1,0.1,0.3,0.3,0.7,2.4,-0.676764283215335,1630176,Vernon Carey,F,CHA
273,1627788,2020-21,1610612755.0,23.0,55,11,19.3,0.401,7.7,0.375,4.9,0.732,1.5,0.3,1.7,2.1,1.5,0.9,0.2,0.8,1.2,9.1,-0.6850974413833448,1627788,Furkan Korkmaz,G,PHI
274,203110,2020-21,1610612744.0,31.0,63,63,31.5,0.447,6.0,0.27,2.0,0.795,1.4,0.9,6.2,7.1,8.9,1.7,0.8,3.0,3.1,7.0,-0.6989199074139878,203110,Draymond Green,F,GSW
275,203081,2020-21,1610612757.0,30.0,67,67,35.8,0.451,19.9,0.391,10.5,0.928,7.2,0.5,3.7,4.2,7.5,0.9,0.3,3.0,1.5,28.8,-0.7086347219365826,203081,Damian Lillard,G,POR
276,1629134,2020-21,1610612748.0,25.0,56,44,29.5,0.485,11.8,0.381,5.7,0.933,1.1,0.4,2.8,3.2,2.6,0.9,0.3,1.4,1.9,14.6,-0.7162438550643268,1629134,Kendrick Nunn,G,MIA
277,203920,2020-21,1610612753.0,28.0,48,5,19.8,0.45,4.4,0.19,0.4,0.741,1.8,2.4,2.6,5.1,1.1,0.7,0.6,0.5,1.4,5.3,-0.7183510800298331,203920,Khem Birch,C,TOR
278,203920,2020-21,1610612761.0,28.0,19,17,30.4,0.556,9.0,0.29,1.6,0.636,2.3,3.0,4.6,7.6,1.9,0.8,1.2,1.1,2.4,11.9,-0.7183510800298331,203920,Khem Birch,C,TOR
279,1630177,2020-21,1610612760.0,20.0,65,49,27.3,0.368,9.4,0.335,4.8,0.748,2.1,0.4,2.9,3.2,3.5,0.9,0.2,2.2,1.9,10.1,-0.7213027794305049,1630177,Theo Maledon,G,OKC
280,1630240,2020-21,1610612765.0,22.0,48,7,16.3,0.471,4.4,0.348,0.5,0.685,1.9,0.4,1.6,2.0,3.6,0.7,0.3,1.1,1.6,5.6,-0.7260718550789461,1630240,Saben Lee,G,DET
281,1627750,2020-21,1610612743.0,24.0,48,48,35.5,0.477,16.5,0.408,6.6,0.869,3.2,0.8,3.3,4.0,4.8,1.3,0.3,2.3,2.0,21.2,-0.7436701534310298,1627750,Jamal Murray,G,DEN
282,1626181,2020-21,1610612761.0,28.0,42,31,30.4,0.498,13.5,0.439,6.4,0.865,3.9,0.5,2.5,3.0,1.8,1.1,0.2,1.8,2.3,19.6,-0.7620434193772316,1626181,Norman Powell,G,POR
283,1626181,2020-21,1610612757.0,28.0,27,27,34.4,0.443,13.0,0.361,5.4,0.88,4.0,0.9,2.4,3.3,1.9,1.3,0.4,1.6,2.3,17.0,-0.7620434193772316,1626181,Norman Powell,G,POR
284,1630264,2020-21,1610612764.0,28.0,26,4,8.4,0.5,2.3,0.292,0.9,0.813,0.6,0.6,1.3,2.0,0.4,0.4,0.2,0.3,1.0,3.1,-0.7755879466998746,1630264,Anthony Gill,F,WAS
285,203087,2020-21,1610612754.0,29.0,36,8,21.3,0.435,7.7,0.406,3.6,0.947,2.1,0.7,2.9,3.6,1.5,0.9,0.6,0.6,2.0,10.1,-0.7785716045721638,203087,Jeremy Lamb,G,IND
286,1626156,2020-21,1610612750.0,25.0,42,26,28.5,0.431,15.5,0.387,7.4,0.765,3.5,0.4,2.3,2.6,5.8,1.1,0.4,2.7,1.6,19.0,-0.7863076063626082,1626156,D'Angelo Russell,G,MIN
287,1629675,2020-21,1610612750.0,21.0,70,15,19.2,0.523,8.3,0.351,2.5,0.693,2.4,1.2,3.4,4.6,1.0,0.5,1.1,1.0,2.6,11.2,-0.7897869638436116,1629675,Naz Reid,C,MIN
288,201599,2020-21,1610612751.0,32.0,57,43,21.9,0.763,4.4,0.0,0.0,0.5,1.6,2.1,5.4,7.5,1.6,0.3,1.1,1.5,2.0,7.5,-0.7965991370647421,201599,DeAndre Jordan,C,BKN
289,1626204,2020-21,1610612739.0,28.0,35,27,31.2,0.471,7.8,0.36,3.3,0.612,1.4,1.5,5.2,6.7,3.1,1.7,0.5,1.6,2.1,9.3,-0.8033259992619153,1626204,Larry Nance Jr,F,CLE
290,202684,2020-21,1610612738.0,30.0,54,43,23.8,0.518,6.0,0.0,0.1,0.592,2.2,3.1,5.0,8.1,1.2,0.4,0.6,1.1,2.2,7.6,-0.8094582993513344,202684,Tristan Thompson,C,BOS
291,1629641,2020-21,1610612738.0,21.0,18,4,15.7,0.356,3.3,0.278,1.0,0.75,0.7,0.7,1.3,1.9,0.7,0.3,0.3,0.6,1.3,3.1,-0.8195904552518735,1629641,Romeo Langford,G,BOS
292,1628402,2020-21,1610612765.0,23.0,40,6,18.5,0.457,7.3,0.407,3.8,0.813,1.9,0.4,1.8,2.2,0.9,0.4,0.0,0.9,1.3,9.8,-0.844476098288656,1628402,Frank Jackson,G,DET
293,201577,2020-21,1610612764.0,33.0,71,9,19.1,0.633,6.0,0.278,0.3,0.723,1.9,2.0,1.8,3.8,0.8,0.2,0.6,1.1,1.5,9.0,-0.8485143475497552,201577,Robin Lopez,C,WAS
294,1630233,2020-21,1610612737.0,23.0,33,0,8.4,0.37,3.0,0.182,1.0,0.8,1.7,0.8,1.4,2.2,0.2,0.3,0.3,0.5,0.7,3.8,-0.8612351519586463,1630233,Nathan Knight,F,ATL
295,1629627,2020-21,1610612740.0,20.0,61,61,33.2,0.611,17.0,0.294,0.6,0.698,8.7,2.7,4.5,7.2,3.7,0.9,0.6,2.7,2.2,27.0,-0.8676770630448045,1629627,Zion Williamson,F,NOP
296,1629028,2020-21,1610612756.0,22.0,69,69,30.6,0.626,10.0,0.2,0.3,0.769,2.5,3.3,7.2,10.5,1.4,0.6,1.2,1.5,2.8,14.4,-0.8829124458335312,1629028,Deandre Ayton,C,PHX
297,1627832,2020-21,1610612761.0,27.0,52,52,36.5,0.389,16.7,0.366,9.2,0.885,3.7,0.6,3.6,4.2,6.3,1.7,0.7,1.8,2.3,19.6,-0.8848174634147526,1627832,Fred VanVleet,G,TOR
298,202710,2020-21,1610612748.0,31.0,52,52,33.6,0.497,14.2,0.245,2.0,0.863,8.0,1.8,5.1,6.9,7.1,2.1,0.3,2.1,1.4,21.5,-0.8917367113071157,202710,Jimmy Butler,F,MIA
299,1627756,2020-21,1610612741.0,27.0,62,3,16.7,0.373,6.7,0.331,3.9,0.941,0.3,0.4,2.8,3.2,1.7,0.5,0.1,0.7,1.1,6.5,-0.8926166130272231,1627756,Denzel Valentine,G,CHI
300,203497,2020-21,1610612762.0,29.0,71,71,30.8,0.675,8.2,0.0,0.1,0.623,5.3,3.4,10.1,13.5,1.3,0.6,2.7,1.7,2.3,14.3,-0.9012856311009977,203497,Rudy Gobert,C,UTA
301,1629677,2020-21,1610612759.0,21.0,33,4,9.3,0.448,3.2,0.279,1.3,0.552,0.9,0.5,1.6,2.1,0.5,0.2,0.2,0.6,1.3,3.7,-0.926655119710427,1629677,Luka Samanic,F,SAS
302,201939,2020-21,1610612744.0,33.0,63,63,34.2,0.482,21.7,0.421,12.7,0.916,6.3,0.5,5.0,5.5,5.8,1.2,0.1,3.4,1.9,32.0,-0.9410006714821331,201939,Stephen Curry,G,GSW
303,1629103,2020-21,1610612754.0,25.0,35,0,9.2,0.449,3.9,0.4,1.7,0.9,0.3,0.5,1.7,2.2,0.5,0.3,0.3,0.5,1.0,4.5,-0.9614751194340622,1629103,Kelan Martin,F,IND
304,203210,2020-21,1610612743.0,31.0,58,5,19.3,0.463,6.4,0.399,3.4,0.807,1.0,1.5,3.3,4.8,0.9,0.4,0.4,0.9,2.5,8.1,-0.9641926500481304,203210,JaMychal Green,F,DEN
305,203109,2020-21,1610612756.0,30.0,60,42,27.5,0.404,8.2,0.389,6.3,0.76,1.3,0.5,4.2,4.7,2.1,0.8,0.5,0.9,2.1,10.1,-0.9739286450646641,203109,Jae Crowder,F,PHX
306,1628963,2020-21,1610612758.0,22.0,43,42,25.9,0.504,11.4,0.343,2.5,0.575,3.1,2.5,4.9,7.4,1.0,0.5,0.5,1.4,2.3,14.1,-0.9836685393701723,1628963,Marvin Bagley,F,SAC
307,1629661,2020-21,1610612756.0,25.0,60,11,24.0,0.42,8.1,0.349,5.6,0.847,1.0,0.6,2.8,3.3,1.4,0.6,0.3,0.7,1.4,9.6,-1.0106753536778472,1629661,Cameron Johnson,F,PHX
308,1630219,2020-21,1610612737.0,23.0,33,0,8.2,0.449,3.0,0.35,1.2,0.88,0.8,0.3,0.8,1.1,0.9,0.4,0.1,0.3,0.5,3.8,-1.0215431593156374,1630219,Skylar Mays,G,ATL
309,1628984,2020-21,1610612766.0,26.0,55,44,30.2,0.377,12.2,0.375,8.7,0.842,2.9,0.4,2.3,2.7,5.4,0.9,0.1,1.5,1.4,14.8,-1.0270126437856937,1628984,Devonte Graham,G,CHA
310,200794,2020-21,1610612743.0,36.0,56,36,20.8,0.476,7.2,0.343,2.6,0.724,1.8,1.4,3.3,4.7,1.8,0.9,0.6,0.9,2.0,9.0,-1.0293956763792844,200794,Paul Millsap,F,DEN
311,203991,2020-21,1610612737.0,27.0,63,63,30.1,0.594,11.0,0.0,0.0,0.573,3.6,4.7,9.6,14.3,0.8,0.7,2.0,1.2,2.3,15.2,-1.045965807947103,203991,Clint Capela,C,ATL
312,202339,2020-21,1610612740.0,31.0,71,70,29.7,0.421,10.3,0.341,5.0,0.687,2.7,0.4,3.0,3.4,3.8,0.8,0.3,1.6,1.6,12.2,-1.0463358913449663,202339,Eric Bledsoe,G,NOP
313,1629651,2020-21,1610612751.0,22.0,32,1,18.6,0.621,4.5,0.2,0.2,0.484,2.0,1.3,3.8,5.2,0.9,0.7,1.3,0.6,2.1,6.6,-1.0501673360567898,1629651,Nicolas Claxton,F,BKN
314,1629185,2020-21,1610612751.0,25.0,22,1,10.6,0.352,4.0,0.31,1.9,0.765,0.8,0.1,1.0,1.1,3.0,0.3,0.3,0.7,0.9,4.0,-1.0620589979272066,1629185,Chris Chiozza,G,BKN
315,203552,2020-21,1610612755.0,30.0,57,57,28.7,0.467,9.7,0.45,4.9,0.896,1.4,0.2,2.2,2.4,2.7,0.8,0.1,1.1,1.7,12.5,-1.0632035375684068,203552,Seth Curry,G,PHI
316,203552,2020-21,1610612755.0,30.0,12,12,31.8,0.578,12.3,0.506,6.8,0.789,1.6,0.3,2.0,2.3,2.3,0.8,0.3,0.8,2.8,18.8,-1.0632035375684068,203552,Seth Curry,G,PHI
317,1629027,2020-21,1610612737.0,22.0,63,63,33.7,0.438,17.7,0.343,6.3,0.886,8.7,0.6,3.3,3.9,9.4,0.8,0.2,4.1,1.8,25.3,-1.0843531996547022,1629027,Trae Young,G,ATL
318,1629626,2020-21,1610612743.0,21.0,32,2,5.0,0.431,1.8,0.375,0.8,0.667,0.5,0.0,0.8,0.8,0.2,0.1,0.3,0.4,0.4,2.2,-1.1003735517728859,1629626,Bol Bol,C,DEN
319,201959,2020-21,1610612752.0,36.0,45,3,20.8,0.627,3.5,0.2,0.3,0.727,1.2,2.2,3.4,5.6,0.8,0.7,1.1,0.5,2.2,5.4,-1.1191583059794126,201959,Taj Gibson,F,NYK
320,1628989,2020-21,1610612737.0,22.0,69,49,30.8,0.432,10.6,0.363,5.6,0.781,0.9,0.6,2.8,3.3,3.5,1.2,0.3,1.1,2.4,11.9,-1.1193814614680027,1628989,Kevin Huerter,G,ATL
321,201566,2020-21,1610612764.0,32.0,65,65,36.4,0.439,19.0,0.315,4.2,0.656,6.4,1.7,9.9,11.5,11.7,1.4,0.4,4.8,2.9,22.2,-1.129158973836759,201566,Russell Westbrook,G,WAS
322,1627752,2020-21,1610612751.0,27.0,12,4,18.1,0.405,6.2,0.351,3.1,0.889,2.3,0.2,2.7,2.8,0.6,0.7,0.7,0.9,1.8,8.1,-1.1342290582726935,1627752,Taurean Prince,F,CLE
323,1627752,2020-21,1610612739.0,27.0,29,6,23.7,0.399,8.7,0.415,4.1,0.837,1.7,0.6,3.1,3.7,2.4,0.7,0.5,1.2,1.9,10.1,-1.1342290582726935,1627752,Taurean Prince,F,CLE
324,202696,2020-21,1610612753.0,30.0,44,44,34.1,0.48,20.6,0.406,6.5,0.827,2.5,2.0,9.8,11.8,3.8,1.0,0.6,1.9,1.8,24.5,-1.1752178835906972,202696,Nikola Vucevic,C,CHI
325,202696,2020-21,1610612741.0,30.0,26,26,32.6,0.471,18.8,0.388,5.8,0.87,1.8,2.3,9.3,11.5,3.9,0.9,0.8,1.7,2.2,21.5,-1.1752178835906972,202696,Nikola Vucevic,C,CHI
326,203493,2020-21,1610612752.0,30.0,65,64,30.0,0.442,8.6,0.41,6.1,0.909,0.8,0.2,3.2,3.4,1.5,0.8,0.2,0.7,2.2,10.9,-1.1755813298297841,203493,Reggie Bullock,G,NYK
327,203115,2020-21,1610612743.0,30.0,56,52,31.0,0.426,10.9,0.381,4.6,0.785,2.2,0.7,3.3,4.0,3.2,0.9,0.4,1.7,1.7,12.7,-1.1920190382834626,203115,Will Barton,G,DEN
328,1629023,2020-21,1610612766.0,22.0,64,61,30.5,0.44,10.7,0.386,4.5,0.745,2.3,1.5,5.1,6.5,2.5,1.1,1.2,2.0,2.7,12.9,-1.2010334008080181,1629023,PJ Washington,F,CHA
329,1630169,2020-21,1610612758.0,21.0,58,20,30.1,0.472,10.7,0.409,5.1,0.857,1.0,0.7,2.3,3.0,5.3,1.3,0.5,1.6,1.4,13.0,-1.2049080073788325,1630169,Tyrese Haliburton,G,SAC
330,201145,2020-21,1610612751.0,34.0,68,38,27.0,0.492,7.8,0.412,3.7,0.776,2.4,0.5,3.4,3.9,1.6,0.5,0.4,0.8,1.8,11.0,-1.2138766824027463,201145,Jeff Green,F,BKN
331,1628971,2020-21,1610612751.0,24.0,65,37,22.3,0.556,6.5,0.288,0.9,0.735,1.8,1.7,3.7,5.4,1.6,0.9,0.4,0.8,2.2,8.8,-1.2624661223150078,1628971,Bruce Brown,G,BKN
332,1628396,2020-21,1610612755.0,23.0,20,8,14.4,0.68,3.8,0.0,0.1,0.636,0.6,2.0,3.3,5.2,0.9,0.3,0.7,0.3,1.4,5.5,-1.2826822330733716,1628396,Tony Bradley,C,OKC
333,1628396,2020-21,1610612760.0,23.0,22,0,18.0,0.656,5.5,0.0,0.1,0.705,2.0,2.1,4.0,6.1,0.9,0.4,0.8,1.2,1.5,8.7,-1.2826822330733716,1628396,Tony Bradley,C,OKC
334,1630171,2020-21,1610612739.0,20.0,67,67,32.4,0.42,8.3,0.29,3.2,0.726,2.3,1.0,2.1,3.1,1.9,0.9,0.4,1.3,2.8,9.6,-1.2943294403611192,1630171,Isaac Okoro,F,CLE
335,202695,2020-21,1610612746.0,30.0,52,52,34.1,0.512,17.5,0.398,4.9,0.885,5.7,1.1,5.4,6.5,5.2,1.6,0.4,2.0,1.6,24.8,-1.3005339790175499,202695,Kawhi Leonard,F,LAC
336,1628981,2020-21,1610612737.0,22.0,33,0,6.8,0.409,1.3,0.0,0.1,0.682,0.7,0.5,1.9,2.4,0.3,0.1,0.1,0.6,0.7,1.5,-1.3089742169353842,1628981,Bruno Fernando,F,ATL
337,1628368,2020-21,1610612758.0,23.0,58,58,35.1,0.477,19.1,0.322,5.5,0.719,7.2,0.6,2.9,3.5,7.2,1.5,0.5,3.0,2.9,25.2,-1.3172782274483226,1628368,De'Aaron Fox,G,SAC
338,1629216,2020-21,1610612748.0,25.0,50,7,13.1,0.378,4.7,0.309,3.0,0.87,0.5,0.2,0.9,1.1,1.3,0.4,0.0,0.7,1.6,4.8,-1.329808573718171,1629216,Gabe Vincent,G,MIA
339,203952,2020-21,1610612744.0,26.0,71,71,33.3,0.477,14.9,0.38,5.2,0.714,3.4,1.2,3.7,4.9,2.4,0.9,1.0,1.8,2.2,18.6,-1.3335522288576274,203952,Andrew Wiggins,F,GSW
340,1626166,2020-21,1610612756.0,26.0,60,1,18.0,0.484,6.6,0.44,2.8,0.893,0.9,0.3,2.1,2.4,3.6,0.6,0.3,1.0,1.6,8.4,-1.3417567935220631,1626166,Cameron Payne,G,PHX
341,1626149,2020-21,1610612747.0,27.0,69,1,22.9,0.622,8.7,0.0,0.1,0.707,3.7,2.3,3.9,6.2,1.1,0.7,0.7,1.1,1.9,13.5,-1.3645364394939379,1626149,Montrezl Harrell,F,LAL
342,1629750,2020-21,1610612738.0,27.0,25,2,13.8,0.549,2.8,0.318,0.9,0.667,1.2,0.8,1.3,2.1,0.4,0.7,0.1,0.5,1.3,4.2,-1.3683712903788336,1629750,Javonte Green,G,CHI
343,1629750,2020-21,1610612741.0,27.0,16,0,8.0,0.452,1.9,0.375,0.5,1.0,0.6,0.4,0.8,1.2,0.4,0.6,0.3,0.4,0.8,2.6,-1.3683712903788336,1629750,Javonte Green,G,CHI
344,1629644,2020-21,1610612748.0,22.0,37,9,12.1,0.375,2.6,0.24,1.4,0.533,0.4,0.6,1.3,1.8,0.5,0.3,0.3,0.4,1.6,2.5,-1.3688967160560965,1629644,KZ Okpala,F,MIA
345,1628386,2020-21,1610612751.0,23.0,12,5,26.6,0.677,5.4,0.0,0.0,0.754,5.1,3.2,7.3,10.4,1.7,0.6,1.6,1.8,1.8,11.2,-1.3806929152281888,1628386,Jarrett Allen,C,CLE
346,1628386,2020-21,1610612739.0,23.0,51,40,30.3,0.609,8.2,0.316,0.4,0.69,4.5,3.1,6.8,9.9,1.7,0.5,1.4,1.5,1.5,13.2,-1.3806929152281888,1628386,Jarrett Allen,C,CLE
347,1629631,2020-21,1610612737.0,23.0,23,19,29.5,0.484,10.8,0.326,4.1,0.859,3.7,0.7,4.0,4.8,1.9,0.8,0.5,1.3,2.6,15.0,-1.402649521339764,1629631,De'Andre Hunter,F,ATL
348,1628470,2020-21,1610612749.0,30.0,18,0,11.2,0.391,2.6,0.364,1.2,0.5,0.1,0.7,1.7,2.4,0.9,0.5,0.4,0.3,1.3,2.5,-1.4034872869763058,1628470,Torrey Craig,F,PHX
349,1628470,2020-21,1610612756.0,30.0,32,8,18.8,0.503,5.7,0.369,2.6,0.8,0.6,1.4,3.4,4.8,1.0,0.6,0.6,0.6,1.8,7.2,-1.4034872869763058,1628470,Torrey Craig,F,PHX
350,1628381,2020-21,1610612737.0,23.0,63,63,29.3,0.556,12.2,0.399,3.3,0.833,3.2,1.9,5.5,7.4,1.2,0.5,1.0,1.3,3.1,17.6,-1.4251246183598618,1628381,John Collins,F,ATL
351,1629012,2020-21,1610612739.0,22.0,60,60,35.3,0.475,18.4,0.371,4.4,0.815,6.4,1.0,2.2,3.1,4.4,1.0,0.2,2.8,2.6,24.3,-1.4400058234706976,1629012,Collin Sexton,G,CLE
352,1628969,2020-21,1610612756.0,24.0,72,72,32.6,0.543,9.3,0.425,4.4,0.84,1.8,1.1,3.2,4.3,2.1,1.1,0.9,0.8,1.6,13.5,-1.4837690146845117,1628969,Mikal Bridges,F,PHX
353,1630238,2020-21,1610612746.0,23.0,3,0,3.6,0.333,1.0,0.5,0.7,0.0,0.0,0.0,1.0,1.0,0.0,0.0,0.0,0.0,1.0,1.0,-1.4997255353570984,1630238,Malik Fitts,F,LAC
354,1628366,2020-21,1610612740.0,23.0,55,55,31.8,0.414,12.7,0.378,8.3,0.781,1.2,0.6,4.2,4.8,5.7,1.5,0.6,2.2,1.9,14.6,-1.5005163638587513,1628366,Lonzo Ball,G,NOP
355,203944,2020-21,1610612752.0,26.0,71,71,37.6,0.456,18.6,0.411,5.5,0.811,6.0,1.2,9.0,10.2,6.0,0.9,0.3,3.4,3.2,24.1,-1.5106215100757736,203944,Julius Randle,F,NYK
356,1628975,2020-21,1610612756.0,25.0,60,1,11.9,0.422,3.7,0.371,2.5,0.571,0.1,0.3,1.3,1.5,1.2,0.5,0.2,0.3,0.9,4.1,-1.5189410720120204,1628975,Jevon Carter,G,PHX
357,1628398,2020-21,1610612747.0,25.0,68,32,28.7,0.443,11.1,0.361,5.6,0.691,1.4,1.6,4.5,6.1,1.9,0.5,0.6,1.7,1.8,12.9,-1.5311905855255752,1628398,Kyle Kuzma,F,LAL
358,201569,2020-21,1610612745.0,32.0,27,13,29.2,0.433,13.6,0.329,7.8,0.825,4.2,0.3,1.9,2.1,2.6,0.5,0.5,1.9,1.6,17.8,-1.5352768845123774,201569,Eric Gordon,G,HOU
359,203500,2020-21,1610612740.0,27.0,58,58,27.7,0.614,5.3,0.0,0.1,0.444,2.3,3.7,5.2,8.9,1.9,0.9,0.7,1.3,1.9,7.6,-1.5448263083731388,203500,Steven Adams,C,NOP
360,1629659,2020-21,1610612747.0,20.0,65,4,20.1,0.458,7.5,0.282,2.0,0.775,2.0,0.4,2.2,2.6,2.8,1.0,0.3,1.6,2.0,9.0,-1.5659276885170024,1629659,Talen Horton-Tucker,G,LAL
361,1629622,2020-21,1610612748.0,25.0,39,0,13.0,0.455,4.8,0.338,3.8,0.667,0.6,0.1,0.9,1.1,0.6,0.3,0.1,0.2,1.1,6.1,-1.5868023696812976,1629622,Max Strus,G,MIA
362,1630203,2020-21,1610612766.0,24.0,7,0,3.9,0.667,1.7,0.5,0.6,0.0,0.0,0.0,0.1,0.1,0.4,0.1,0.0,0.1,0.0,2.6,-1.5884086889623608,1630203,Grant Riller,G,CHA
363,203501,2020-21,1610612742.0,29.0,70,31,28.4,0.447,13.0,0.391,7.6,0.816,2.5,0.3,3.0,3.3,1.8,0.4,0.2,0.9,1.6,16.6,-1.5884221251931812,203501,Tim Hardaway Jr,G,DAL
364,202711,2020-21,1610612762.0,32.0,72,72,30.8,0.439,12.8,0.39,6.4,0.879,3.7,0.6,3.3,3.9,1.9,0.6,0.1,1.8,1.6,17.0,-1.5989652457001682,202711,Bojan Bogdanovic,F,UTA
365,202711,2020-21,1610612762.0,32.0,11,11,35.5,0.467,12.5,0.461,6.9,0.878,3.7,0.5,3.7,4.3,1.5,0.9,0.0,2.1,2.5,18.1,-1.5989652457001682,202711,Bojan Bogdanovic,F,UTA
366,1629060,2020-21,1610612764.0,23.0,57,57,31.5,0.478,11.4,0.328,2.4,0.77,2.8,0.9,4.6,5.5,1.4,0.8,0.1,1.2,2.1,13.8,-1.6021929320222137,1629060,Rui Hachimura,F,WAS
367,1626153,2020-21,1610612765.0,29.0,36,31,29.2,0.464,8.1,0.348,2.5,0.789,2.5,1.0,3.5,4.6,5.0,1.6,0.5,1.3,1.3,10.4,-1.6510795554212057,1626153,Delon Wright,G,SAC
368,1626153,2020-21,1610612758.0,29.0,27,8,25.8,0.462,8.3,0.398,3.1,0.833,1.3,1.0,2.9,3.9,3.6,1.6,0.4,1.3,1.1,10.0,-1.6510795554212057,1626153,Delon Wright,G,SAC
369,1630208,2020-21,1610612766.0,23.0,18,0,3.5,0.444,0.5,0.0,0.1,0.636,0.6,0.2,0.4,0.6,0.1,0.0,0.0,0.2,0.4,0.8,-1.6675393062850854,1630208,Nick Richards,C,CHA
370,1627846,2020-21,1610612756.0,27.0,24,0,14.8,0.491,4.8,0.419,1.8,0.757,1.5,0.3,2.3,2.6,0.8,0.4,0.4,0.8,1.4,6.7,-1.668053342345293,1627846,Abdel Nader,F,PHX
371,1630193,2020-21,1610612752.0,22.0,64,3,19.4,0.395,9.1,0.389,4.7,0.891,2.7,0.4,1.8,2.1,2.0,0.5,0.2,0.9,1.8,11.4,-1.6726826568780064,1630193,Immanuel Quickley,G,NYK
372,203488,2020-21,1610612760.0,29.0,35,0,18.4,0.446,7.6,0.37,5.3,0.917,1.0,0.5,3.2,3.8,0.8,0.2,0.3,0.6,1.5,9.7,-1.6870055662213586,203488,Mike Muscala,F,OKC
373,1628983,2020-21,1610612760.0,22.0,35,35,33.7,0.508,16.1,0.418,4.9,0.808,6.5,0.5,4.2,4.7,5.9,0.8,0.7,3.0,2.0,23.7,-1.6981139318114669,1628983,Shai Gilgeous-Alexander,G,OKC
374,203903,2020-21,1610612762.0,29.0,68,1,26.7,0.425,15.8,0.347,8.8,0.896,2.1,0.7,3.3,4.0,2.5,0.9,0.1,1.7,1.6,18.4,-1.730214212790536,203903,Jordan Clarkson,G,UTA
375,1630163,2020-21,1610612766.0,19.0,51,31,28.8,0.436,13.2,0.352,5.1,0.758,3.2,1.2,4.7,5.9,6.1,1.6,0.4,2.8,2.7,15.7,-1.7413276946679155,1630163,LaMelo Ball,G,CHA
376,203999,2020-21,1610612743.0,26.0,72,72,34.6,0.566,18.0,0.388,3.3,0.868,5.5,2.8,8.0,10.8,8.3,1.3,0.7,3.1,2.7,26.4,-1.7471046725925226,203999,Nikola Jokic,C,DEN
377,203526,2020-21,1610612764.0,29.0,64,22,21.9,0.468,7.0,0.39,2.6,0.882,1.3,0.4,2.0,2.4,2.3,1.1,0.1,0.8,1.7,8.7,-1.7500292709043257,203526,Raul Neto,G,WAS
378,203935,2020-21,1610612738.0,27.0,48,45,32.9,0.398,10.6,0.33,5.9,0.79,3.4,0.8,2.7,3.5,5.7,1.5,0.5,2.0,2.6,13.1,-1.7585846716150817,203935,Marcus Smart,G,BOS
379,1630216,2020-21,1610612764.0,23.0,22,0,4.5,0.424,1.5,0.471,0.8,0.833,0.3,0.0,0.4,0.4,0.5,0.1,0.0,0.2,0.4,1.9,-1.814726277439685,1630216,Cassius Winston,G,WAS
380,1628384,2020-21,1610612761.0,23.0,43,43,33.3,0.48,12.1,0.398,6.1,0.784,2.4,1.3,4.3,5.5,2.2,1.5,0.7,1.7,2.7,15.9,-1.8240963678924957,1628384,OG Anunoby,F,TOR
381,201565,2020-21,1610612765.0,32.0,15,0,22.8,0.429,12.3,0.333,2.6,0.84,3.3,0.4,1.5,1.9,4.2,1.2,0.3,1.9,1.1,14.2,-1.82752065019488,201565,Derrick Rose,G,NYK
382,201565,2020-21,1610612752.0,32.0,35,3,26.8,0.487,12.2,0.411,2.6,0.883,2.2,0.4,2.5,2.9,4.2,0.9,0.4,1.4,1.1,14.9,-1.82752065019488,201565,Derrick Rose,G,NYK
383,203145,2020-21,1610612744.0,31.0,67,18,19.9,0.449,5.9,0.408,2.7,0.692,1.2,0.4,3.0,3.4,1.6,1.0,0.5,1.2,2.4,7.2,-1.8285659722468521,203145,Kent Bazemore,G,GSW
384,1630184,2020-21,1610612740.0,20.0,54,0,16.7,0.386,6.2,0.333,2.2,0.843,0.9,0.2,1.1,1.3,2.3,0.7,0.2,0.6,1.6,6.4,-1.844029375260549,1630184,Kira Lewis,G,NOP
385,1626172,2020-21,1610612744.0,25.0,61,34,19.0,0.548,3.2,0.235,0.3,0.646,0.8,1.9,3.4,5.3,2.0,0.3,0.4,0.6,2.2,4.1,-1.857501411246976,1626172,Kevon Looney,F,GSW
386,1626162,2020-21,1610612744.0,25.0,55,50,30.7,0.439,13.2,0.316,5.2,0.695,3.2,1.5,4.5,6.0,1.3,1.0,0.8,1.3,2.2,15.4,-1.888944939447873,1626162,Kelly Oubre,F,GSW
387,1627936,2020-21,1610612747.0,27.0,58,6,21.0,0.436,5.3,0.401,2.4,0.645,1.3,0.5,2.4,2.9,2.8,1.1,0.3,1.3,1.9,6.4,-1.9022034713544231,1627936,Alex Caruso,G,LAL
388,203932,2020-21,1610612753.0,25.0,25,25,29.4,0.437,11.7,0.375,4.5,0.629,4.2,1.6,5.1,6.6,4.2,0.6,0.8,2.7,2.0,14.6,-1.9105854225702263,203932,Aaron Gordon,F,DEN
389,203932,2020-21,1610612743.0,25.0,25,25,25.9,0.5,8.2,0.266,2.6,0.705,1.8,1.5,3.2,4.7,2.2,0.7,0.6,1.2,1.6,10.2,-1.9105854225702263,203932,Aaron Gordon,F,DEN
390,203954,2020-21,1610612755.0,27.0,51,51,31.1,0.513,17.6,0.377,3.0,0.859,10.7,2.2,8.4,10.6,2.8,1.0,1.4,3.1,2.4,28.5,-1.9190865590321746,203954,Joel Embiid,C,PHI
391,1629013,2020-21,1610612751.0,24.0,61,12,23.0,0.408,7.5,0.387,5.5,0.846,1.3,0.2,1.7,1.8,1.6,0.5,0.2,0.8,1.5,9.3,-1.9279277633791216,1629013,Landry Shamet,G,BKN
392,1629013,2020-21,1610612751.0,24.0,12,0,17.2,0.439,3.4,0.385,2.2,0.8,0.4,0.3,1.5,1.8,0.6,0.4,0.1,0.5,1.6,4.2,-1.9279277633791216,1629013,Landry Shamet,G,BKN
393,1627742,2020-21,1610612740.0,23.0,61,61,34.3,0.466,18.0,0.381,6.1,0.878,5.2,0.6,4.3,4.9,4.9,0.7,0.6,2.5,2.0,23.8,-1.9280496980273445,1627742,Brandon Ingram,F,NOP
394,2730,2020-21,1610612755.0,35.0,69,6,17.3,0.587,4.4,0.25,0.3,0.576,3.0,2.8,5.7,8.4,0.9,0.4,0.9,1.6,2.9,7.0,-1.9440357149663297,2730,Dwight Howard,C,PHI
395,1630180,2020-21,1610612765.0,22.0,70,53,27.3,0.404,9.9,0.38,6.6,0.844,2.1,0.6,3.9,4.5,1.4,0.7,0.2,0.9,1.6,12.2,-1.9628590076445982,1630180,Saddiq Bey,F,DET
396,203083,2020-21,1610612739.0,27.0,25,25,28.9,0.474,15.2,0.0,0.3,0.597,5.2,4.0,9.4,13.5,2.6,1.6,1.2,3.2,2.8,17.5,-1.9642182017456162,203083,Andre Drummond,C,LAL
397,203083,2020-21,1610612747.0,27.0,21,21,24.8,0.531,9.1,0.0,0.0,0.605,3.6,3.1,7.1,10.2,1.4,1.1,1.0,2.0,3.8,11.9,-1.9642182017456162,203083,Andre Drummond,C,LAL
398,203095,2020-21,1610612753.0,28.0,26,26,30.3,0.461,14.2,0.388,7.2,0.797,4.7,0.2,2.7,2.9,3.7,1.0,0.3,2.1,2.1,19.7,-1.9650862473121111,203095,Evan Fournier,G,BOS
399,203095,2020-21,1610612738.0,28.0,16,10,29.5,0.448,10.8,0.463,5.9,0.714,0.9,0.3,3.0,3.3,3.1,1.3,0.6,1.2,2.6,13.0,-1.9650862473121111,203095,Evan Fournier,G,BOS
400,203484,2020-21,1610612747.0,28.0,67,67,28.4,0.431,7.6,0.41,4.4,0.866,1.7,0.4,2.3,2.7,1.9,0.9,0.4,1.0,1.7,9.7,-2.0060094307240304,203484,Kentavious Caldwell-Pope,G,LAL
401,1630191,2020-21,1610612765.0,20.0,68,14,21.4,0.553,6.0,0.333,0.9,0.696,1.4,2.3,4.3,6.7,0.9,0.6,1.3,1.0,2.7,7.9,-2.022063579177041,1630191,Isaiah Stewart,F,DET
402,1630173,2020-21,1610612748.0,21.0,61,4,12.1,0.544,3.7,0.0,0.0,0.509,1.8,1.2,2.2,3.4,0.5,0.3,0.5,0.7,1.5,5.0,-2.0252457436285747,1630173,Precious Achiuwa,F,MIA
403,1629639,2020-21,1610612748.0,21.0,54,15,30.3,0.439,12.9,0.36,5.5,0.803,2.2,0.5,4.5,5.0,3.4,0.6,0.3,1.9,1.3,15.1,-2.05937476325785,1629639,Tyler Herro,G,MIA
404,1629003,2020-21,1610612755.0,24.0,63,4,23.2,0.45,10.6,0.35,3.2,0.83,2.8,0.5,1.8,2.3,3.1,0.6,0.3,1.6,2.1,13.0,-2.0713919492541972,1629003,Shake Milton,G,PHI
405,1629717,2020-21,1610612745.0,23.0,20,5,26.0,0.406,9.6,0.382,7.9,0.583,0.6,0.5,2.9,3.4,1.5,0.6,0.3,1.1,1.7,11.2,-2.0769579598505366,1629717,Armoni Brooks,G,HOU
406,204060,2020-21,1610612762.0,33.0,67,30,27.9,0.489,8.4,0.451,6.1,0.844,1.3,0.4,3.2,3.6,4.7,0.7,0.2,1.7,1.8,12.1,-2.1054312425984847,204060,Joe Ingles,F,UTA
407,1628970,2020-21,1610612766.0,23.0,66,19,29.3,0.503,9.4,0.4,4.4,0.867,1.7,1.2,4.8,6.0,2.2,0.7,0.8,1.6,2.2,12.7,-2.10586162177878,1628970,Miles Bridges,F,CHA
408,200765,2020-21,1610612737.0,35.0,27,2,14.9,0.4,4.1,0.378,1.7,0.5,0.1,0.1,1.9,2.0,3.5,0.7,0.1,1.4,0.9,3.9,-2.135154744714507,200765,Rajon Rondo,G,LAC
409,200765,2020-21,1610612746.0,35.0,18,1,20.4,0.486,5.8,0.432,2.4,1.0,0.8,0.8,2.3,3.1,5.8,1.0,0.1,2.2,1.6,7.6,-2.135154744714507,200765,Rajon Rondo,G,LAC
410,1628404,2020-21,1610612740.0,26.0,47,4,28.7,0.439,7.3,0.326,4.1,0.775,1.9,1.1,6.9,8.0,2.3,0.8,0.3,1.0,2.4,9.2,-2.1481472298389894,1628404,Josh Hart,G,NOP
411,203078,2020-21,1610612764.0,28.0,60,60,35.8,0.485,23.0,0.349,6.2,0.889,7.7,1.2,3.5,4.7,4.4,1.2,0.4,3.1,2.3,31.3,-2.1739929301760177,203078,Bradley Beal,G,WAS
412,1630235,2020-21,1610612762.0,23.0,30,0,10.1,0.451,2.4,0.192,0.9,1.0,0.6,0.4,1.1,1.5,1.5,0.3,0.1,0.7,0.7,2.9,-2.1787978864374544,1630235,Trent Forrest,G,UTA
413,1628972,2020-21,1610612764.0,21.0,21,0,13.7,0.371,4.2,0.304,2.2,0.667,0.7,0.5,2.4,2.9,0.9,0.1,0.2,0.8,1.4,4.3,-2.1911940192194104,1628972,Troy Brown,G,CHI
414,1628972,2020-21,1610612741.0,21.0,13,0,18.2,0.527,4.2,0.333,1.8,0.833,0.5,0.7,2.7,3.4,0.8,0.5,0.2,0.4,1.5,5.5,-2.1911940192194104,1628972,Troy Brown,G,CHI
415,1629726,2020-21,1610612764.0,24.0,64,24,16.2,0.409,3.7,0.384,3.1,0.884,1.5,0.3,1.1,1.4,0.4,0.5,0.1,0.2,1.7,5.5,-2.20539888831302,1629726,Garrison Mathews,G,WAS
416,1628367,2020-21,1610612765.0,24.0,62,25,25.2,0.419,11.4,0.3,4.1,0.729,3.5,0.9,3.2,4.1,2.3,0.9,0.8,2.3,2.9,13.4,-2.2179349207115773,1628367,Josh Jackson,G,DET
417,1630168,2020-21,1610612737.0,20.0,50,4,12.0,0.644,3.0,0.0,0.1,0.632,1.1,1.2,2.0,3.3,0.4,0.5,0.7,0.6,2.0,4.6,-2.2370431689269252,1630168,Onyeka Okongwu,F,ATL
418,1629067,2020-21,1610612764.0,21.0,40,8,10.8,0.37,2.0,0.277,1.2,0.625,0.2,0.5,1.2,1.7,0.6,0.3,0.2,0.6,1.6,2.0,-2.2736348739841907,1629067,Isaac Bonga,G,WAS
419,1629605,2020-21,1610612738.0,25.0,19,0,7.1,0.724,1.5,0.0,0.0,0.333,0.8,0.8,1.9,2.7,0.2,0.1,1.1,0.3,1.2,2.5,-2.2755316047693492,1629605,Tacko Fall,C,BOS
420,1629638,2020-21,1610612740.0,22.0,46,13,21.9,0.419,10.0,0.347,4.8,0.727,1.4,0.3,2.8,3.1,2.2,1.0,0.5,1.5,1.9,11.0,-2.3245119178279916,1629638,Nickeil Alexander-Walker,G,NOP
421,203486,2020-21,1610612765.0,31.0,56,56,26.8,0.614,6.8,0.0,0.1,0.669,3.0,2.6,6.7,9.3,3.6,0.8,0.9,1.9,3.3,10.4,-2.357289350802007,203486,Mason Plumlee,F,DET
422,202694,2020-21,1610612746.0,31.0,57,29,26.3,0.473,10.2,0.473,5.2,0.82,1.6,0.6,3.5,4.1,1.0,0.6,0.3,1.0,2.1,13.4,-2.3589465922586212,202694,Marcus Morris,F,LAC
423,203524,2020-21,1610612737.0,30.0,71,16,21.3,0.359,4.2,0.321,3.0,0.761,0.6,0.6,2.4,3.0,1.1,0.7,0.2,0.6,1.6,4.5,-2.37155243694199,203524,Solomon Hill,F,ATL
424,1629002,2020-21,1610612758.0,24.0,36,6,13.6,0.508,5.0,0.351,1.0,0.721,1.2,0.9,2.3,3.1,0.8,0.4,0.5,0.8,1.6,6.3,-2.3751422941189118,1629002,Chimezie Metu,F,SAC
425,202692,2020-21,1610612752.0,29.0,49,5,25.6,0.42,10.2,0.415,5.0,0.856,2.4,0.4,4.2,4.6,2.2,0.6,0.3,1.0,2.1,12.7,-2.3880566072342466,202692,Alec Burks,G,NYK
426,201980,2020-21,1610612755.0,34.0,69,69,28.0,0.412,7.9,0.405,6.3,0.775,0.6,0.8,3.0,3.8,1.7,1.3,0.8,1.0,1.8,9.5,-2.4546157153341914,201980,Danny Green,G,PHI
427,1628427,2020-21,1610612743.0,24.0,41,1,6.9,0.458,1.8,0.273,0.8,0.769,0.3,0.3,1.0,1.2,0.3,0.3,0.0,0.3,0.4,2.1,-2.458329465815295,1628427,Vlatko Cancar,F,DEN
428,203085,2020-21,1610612752.0,28.0,21,2,21.1,0.43,6.4,0.364,3.7,0.714,0.7,0.2,2.0,2.2,2.0,0.6,0.0,1.0,1.5,7.3,-2.45977544149229,203085,Austin Rivers,G,DEN
429,203085,2020-21,1610612743.0,28.0,15,5,26.9,0.418,7.3,0.375,4.8,0.706,1.1,0.2,2.1,2.3,2.6,1.2,0.1,0.9,2.1,8.7,-2.45977544149229,203085,Austin Rivers,G,DEN
430,1630192,2020-21,1610612743.0,20.0,42,1,9.5,0.481,2.5,0.407,1.4,0.8,0.4,0.3,1.2,1.5,0.2,0.2,0.1,0.2,0.7,3.2,-2.4781805062287106,1630192,Zeke Nnaji,F,DEN
431,201588,2020-21,1610612760.0,35.0,14,14,26.3,0.508,8.6,0.386,4.1,0.84,1.8,0.6,1.5,2.1,3.1,0.9,0.1,0.9,0.9,11.8,-2.4812023621344443,201588,George Hill,G,PHI
432,201588,2020-21,1610612755.0,35.0,16,3,18.9,0.442,4.8,0.391,1.4,0.76,1.6,0.5,1.5,2.0,1.9,0.7,0.2,1.2,1.2,6.0,-2.4812023621344443,201588,George Hill,G,PHI
433,201588,2020-21,1610612755.0,35.0,12,0,17.1,0.442,3.6,0.421,1.6,0.769,1.1,0.4,0.9,1.3,1.5,0.7,0.3,0.8,1.5,4.7,-2.4812023621344443,201588,George Hill,G,PHI
434,1626163,2020-21,1610612756.0,28.0,47,13,15.2,0.471,5.5,0.365,1.8,0.617,1.3,0.8,3.2,4.0,1.7,0.3,0.4,0.5,1.5,6.6,-2.4824420405673364,1626163,Frank Kaminsky,F,PHX
435,202709,2020-21,1610612758.0,29.0,44,2,21.5,0.444,5.7,0.33,2.1,0.766,1.1,0.6,1.7,2.3,2.5,0.9,0.2,1.0,2.2,6.6,-2.5072341826874767,202709,Cory Joseph,G,DET
436,202709,2020-21,1610612765.0,29.0,19,11,26.4,0.506,9.3,0.368,2.0,0.878,2.2,0.5,2.6,3.2,5.5,1.2,0.5,1.8,2.2,12.0,-2.5072341826874767,202709,Cory Joseph,G,DET
437,1629680,2020-21,1610612755.0,24.0,65,8,20.0,0.42,3.7,0.301,2.2,0.444,0.3,0.5,1.4,1.9,1.0,1.6,1.1,0.5,2.0,3.9,-2.5203866373705637,1629680,Matisse Thybulle,G,PHI
438,101108,2020-21,1610612756.0,36.0,70,70,31.4,0.499,12.6,0.395,3.7,0.934,2.6,0.4,4.1,4.5,8.9,1.4,0.3,2.2,2.4,16.4,-2.600306265204883,101108,Chris Paul,G,PHX
439,202355,2020-21,1610612758.0,32.0,36,4,15.2,0.563,6.2,0.0,0.0,0.519,2.2,1.7,4.3,6.0,0.6,0.3,1.3,1.1,2.0,8.1,-2.6141520486111127,202355,Hassan Whiteside,C,SAC
440,1629642,2020-21,1610612757.0,21.0,48,2,13.3,0.467,3.5,0.35,1.7,0.8,0.9,0.7,2.0,2.7,0.5,0.1,0.3,0.4,1.1,4.6,-2.6315469911545906,1629642,Nassir Little,F,POR
441,1628373,2020-21,1610612752.0,22.0,33,4,9.8,0.367,2.4,0.479,1.5,0.444,0.5,0.2,0.8,0.9,0.6,0.5,0.1,0.3,1.4,2.7,-2.680876791499417,1628373,Frank Ntilikina,G,NYK
442,202693,2020-21,1610612747.0,31.0,61,27,19.7,0.405,6.2,0.311,3.4,0.72,0.8,0.8,3.6,4.4,1.2,0.4,0.3,0.9,1.7,6.7,-2.706047923114342,202693,Markieff Morris,F,LAL
443,1627759,2020-21,1610612738.0,24.0,58,58,34.5,0.484,19.2,0.397,7.1,0.764,4.3,1.2,4.8,6.0,3.4,1.2,0.6,2.7,2.9,24.7,-2.7178925921471793,1627759,Jaylen Brown,G,BOS
444,1628369,2020-21,1610612738.0,23.0,64,64,35.8,0.459,20.6,0.386,7.6,0.868,5.3,0.8,6.6,7.4,4.3,1.2,0.5,2.7,1.9,26.4,-2.7321699881644874,1628369,Jayson Tatum,F,BOS
445,1630188,2020-21,1610612756.0,21.0,27,1,5.8,0.44,1.9,0.235,0.6,0.714,0.3,0.3,1.1,1.4,0.1,0.0,0.1,0.3,0.6,2.0,-2.8664556379584636,1630188,Jalen Smith,F,PHX
446,1628400,2020-21,1610612738.0,26.0,56,15,17.0,0.403,3.9,0.367,2.8,0.75,0.6,0.6,2.1,2.6,0.7,0.3,0.0,0.4,1.0,4.6,-2.877309180088395,1628400,Semi Ojeleye,F,BOS
447,201568,2020-21,1610612737.0,32.0,51,4,24.0,0.434,9.3,0.406,5.0,0.925,3.4,0.3,3.8,4.1,1.5,0.6,0.2,0.8,2.1,13.3,-2.8878761728031748,201568,Danilo Gallinari,F,ATL
448,201568,2020-21,1610612737.0,32.0,18,0,24.6,0.425,9.7,0.405,4.7,0.942,2.9,0.4,3.4,3.9,0.8,0.3,0.2,0.8,2.6,12.8,-2.8878761728031748,201568,Danilo Gallinari,F,ATL
449,1626164,2020-21,1610612756.0,24.0,67,67,33.9,0.484,19.2,0.34,5.5,0.867,5.9,0.5,3.7,4.2,4.3,0.8,0.2,3.1,2.7,25.6,-2.898819693518492,1626164,Devin Booker,G,PHX
450,202689,2020-21,1610612738.0,31.0,43,43,31.8,0.42,15.7,0.36,8.2,0.899,3.5,0.4,3.6,4.0,4.9,1.1,0.3,2.0,1.4,19.3,-2.909892019390139,202689,Kemba Walker,G,BOS
451,1628464,2020-21,1610612738.0,29.0,42,37,24.4,0.552,6.9,0.347,2.3,0.687,1.6,1.3,4.0,5.2,1.6,0.6,1.0,1.0,2.9,9.5,-2.966205592780214,1628464,Daniel Theis,F,CHI
452,1628464,2020-21,1610612741.0,29.0,23,14,24.9,0.522,7.7,0.281,2.5,0.651,1.9,1.7,4.2,5.9,1.8,0.7,0.6,1.1,2.0,10.0,-2.966205592780214,1628464,Daniel Theis,F,CHI
453,203924,2020-21,1610612765.0,27.0,54,54,33.9,0.429,17.3,0.35,6.1,0.845,6.4,0.6,4.0,4.6,2.8,0.6,1.1,2.0,2.3,22.3,-2.9691367778184796,203924,Jerami Grant,F,DET
454,202699,2020-21,1610612755.0,28.0,62,62,32.5,0.512,14.9,0.394,3.4,0.892,3.3,1.0,5.8,6.8,3.5,0.9,0.8,1.7,1.9,19.5,-2.9801927214764796,202699,Tobias Harris,F,PHI
455,202699,2020-21,1610612755.0,28.0,12,12,36.5,0.488,17.9,0.372,3.6,0.875,3.3,0.8,7.7,8.5,3.5,1.0,0.4,1.5,2.4,21.8,-2.9801927214764796,202699,Tobias Harris,F,PHI
456,2738,2020-21,1610612748.0,37.0,63,5,21.3,0.383,3.9,0.33,2.9,0.658,0.6,0.6,2.9,3.5,2.3,0.9,0.6,1.1,1.4,4.4,-2.98177220235221,2738,Andre Iguodala,G,MIA
457,1630210,2020-21,1610612743.0,22.0,37,1,5.5,0.377,2.9,0.277,1.8,0.778,0.2,0.0,0.5,0.6,0.5,0.1,0.0,0.5,0.6,2.8,-2.9839926874007037,1630210,Markus Howard,G,DEN
458,1627732,2020-21,1610612755.0,24.0,58,58,32.4,0.557,10.1,0.3,0.2,0.613,4.9,1.6,5.6,7.2,6.9,1.6,0.6,3.0,2.9,14.3,-3.0779550637570603,1627732,Ben Simmons,G,PHI
459,1630202,2020-21,1610612738.0,23.0,66,4,19.2,0.44,6.3,0.411,3.8,0.889,0.7,0.5,1.9,2.4,1.8,0.6,0.1,0.8,1.6,7.7,-3.1504444416954986,1630202,Payton Pritchard,G,BOS
460,1629021,2020-21,1610612764.0,24.0,25,13,15.0,0.508,4.9,0.31,1.7,0.788,2.1,0.5,2.4,2.9,1.3,0.9,0.3,0.8,2.5,7.1,-3.425486220143227,1629021,Moritz Wagner,F,ORL
461,1629021,2020-21,1610612738.0,24.0,9,1,6.8,0.286,1.6,0.333,0.7,0.5,0.2,0.3,1.8,2.1,0.7,0.0,0.1,1.0,1.1,1.2,-3.425486220143227,1629021,Moritz Wagner,F,ORL
462,1629021,2020-21,1610612753.0,24.0,11,10,26.0,0.409,8.5,0.372,3.9,0.879,3.0,1.0,3.9,4.9,1.1,0.4,0.8,1.2,3.3,11.0,-3.425486220143227,1629021,Moritz Wagner,F,ORL
463,1629673,2020-21,1610612744.0,22.0,51,7,19.4,0.432,9.3,0.351,5.4,0.882,2.3,0.3,1.5,1.8,1.9,0.5,0.2,1.0,1.7,12.0,-3.517052755108132,1629673,Jordan Poole,G,GSW
464,201935,2020-21,1610612745.0,31.0,8,8,36.3,0.444,16.9,0.347,9.0,0.883,7.5,0.6,4.5,5.1,10.4,0.9,0.8,4.3,1.8,24.8,-3.5575095643848007,201935,James Harden,G,BKN
465,201935,2020-21,1610612751.0,31.0,36,35,36.6,0.471,16.6,0.366,7.3,0.856,7.3,0.8,7.7,8.5,10.9,1.3,0.8,4.0,2.4,24.6,-3.5575095643848007,201935,James Harden,G,BKN
466,1630267,2020-21,1610612743.0,30.0,65,19,21.9,0.381,4.8,0.352,3.3,0.879,1.4,0.3,1.7,2.1,3.6,1.2,0.2,1.1,2.0,6.1,-3.6984893245658097,1630267,Facundo Campazzo,G,DEN
467,1630178,2020-21,1610612755.0,20.0,61,8,15.3,0.462,7.0,0.301,1.7,0.871,1.1,0.2,1.5,1.7,2.0,0.4,0.2,0.7,1.3,8.0,-3.7738182855182707,1630178,Tyrese Maxey,G,PHI
468,1629649,2020-21,1610612752.0,22.0,4,0,1.8,0.0,0.3,0.0,0.0,1.0,0.5,0.3,0.3,0.5,0.3,0.0,0.0,0.3,0.0,0.5,-3.7852475055544246,1629649,Ignas Brazdeikis,F,ORL
469,1629649,2020-21,1610612755.0,22.0,1,0,7.9,0.0,3.0,0.0,1.0,0.0,0.0,0.0,2.0,2.0,0.0,0.0,0.0,0.0,0.0,0.0,-3.7852475055544246,1629649,Ignas Brazdeikis,F,ORL
470,1629649,2020-21,1610612753.0,22.0,8,0,29.2,0.443,9.9,0.407,3.4,0.667,1.5,1.3,3.9,5.1,2.0,0.5,0.4,1.4,2.8,11.1,-3.7852475055544246,1629649,Ignas Brazdeikis,F,ORL
471,1629008,2020-21,1610612743.0,23.0,61,54,31.3,0.542,13.4,0.445,6.3,0.791,2.2,1.5,5.8,7.3,1.1,0.7,0.9,1.3,2.1,19.0,-4.140668437156871,1629008,Michael Porter,F,DEN
472,1629057,2020-21,1610612738.0,23.0,52,13,18.9,0.721,5.0,0.0,0.0,0.616,1.4,2.6,4.3,6.9,1.8,0.8,1.8,1.0,2.0,8.0,-4.252653147361394,1629057,Robert Williams,C,BOS
473,1630164,2020-21,1610612744.0,20.0,39,27,21.4,0.519,9.4,0.316,1.0,0.628,2.2,1.4,4.4,5.8,0.7,0.3,0.9,1.5,3.1,11.5,-4.30200848696233,1630164,James Wiseman,C,GSW
474,1630174,2020-21,1610612738.0,21.0,46,1,14.5,0.438,3.9,0.37,2.3,0.786,0.6,0.6,2.2,2.8,0.5,0.3,0.2,0.5,1.9,4.7,-4.3137810615234,1630174,Aaron Nesmith,G,BOS
475,1628539,2020-21,1610612744.0,27.0,60,6,12.8,0.449,4.4,0.397,3.6,0.636,0.4,0.1,0.9,1.0,0.4,0.2,0.2,0.3,0.9,5.6,-4.360080062488868,1628539,Mychal Mulder,G,GSW
476,201580,2020-21,1610612739.0,33.0,33,1,15.2,0.521,6.5,0.25,0.6,0.655,1.7,1.6,3.5,5.2,1.0,0.5,1.2,1.4,2.4,8.0,-4.729927403653601,201580,JaVale McGee,C,DEN
477,201580,2020-21,1610612743.0,33.0,13,1,13.5,0.478,5.2,0.0,0.3,0.667,0.9,1.8,3.5,5.3,0.5,0.2,1.1,1.2,3.2,5.5,-4.729927403653601,201580,JaVale McGee,C,DEN
478,203953,2020-21,1610612758.0,26.0,3,0,9.1,0.571,2.3,0.0,0.3,0.0,0.0,0.3,1.7,2.0,0.3,0.0,0.3,1.0,1.3,2.7,-4.916955022749965,203953,Jabari Parker,F,BOS
479,203953,2020-21,1610612738.0,26.0,10,0,13.8,0.542,4.8,0.2,1.0,0.769,1.3,0.9,2.7,3.6,1.0,0.1,0.4,0.7,0.9,6.4,-4.916955022749965,203953,Jabari Parker,F,BOS
480,201961,2020-21,1610612765.0,33.0,46,31,22.0,0.441,7.3,0.422,6.0,0.8,0.8,0.3,1.6,1.8,1.5,0.4,0.2,0.7,1.3,9.6,-5.089548257794464,201961,Wayne Ellington,G,DET
481,1629672,2020-21,1610612744.0,24.0,40,2,17.4,0.497,7.5,0.333,1.4,0.713,2.4,0.7,2.5,3.2,1.3,0.3,0.2,1.1,1.7,9.5,-6.879719689960477,1629672,Eric Paschall,F,GSW
