,stint,GAME_ID,HOME_PTS,AWAY_PTS,HOME_PLUS_MINUS,AWAY_PLUS_MINUS,HOME_PM_DIFF,AWAY_PM_DIFF
0,0,0021900002,0.0,0.0,0.0,0.0,0.0,0.0
1,1,0021900002,9.0,2.0,7.0,-7.0,0.0,0.0
2,2,0021900002,13.0,6.0,7.0,-7.0,0.0,0.0
3,3,0021900002,15.0,8.0,7.0,-7.0,0.0,0.0
4,4,0021900002,15.0,8.0,7.0,-7.0,0.0,0.0
5,5,0021900002,15.0,8.0,7.0,-7.0,0.0,0.0
6,6,0021900002,15.0,8.0,7.0,-7.0,0.0,0.0
7,7,0021900002,15.0,8.0,7.0,-7.0,0.0,0.0
8,8,0021900002,15.0,8.0,7.0,-7.0,0.0,0.0
9,9,0021900002,25.0,17.0,8.0,-8.0,1.0,-1.0
10,10,0021900002,25.0,17.0,8.0,-8.0,0.0,0.0
11,11,0021900002,31.0,27.0,4.0,-4.0,-4.0,4.0
12,12,0021900002,38.0,36.0,2.0,-2.0,-2.0,2.0
13,13,0021900002,39.0,40.0,-1.0,1.0,-3.0,3.0
14,14,0021900002,39.0,40.0,-1.0,1.0,0.0,0.0
15,15,0021900002,39.0,40.0,-1.0,1.0,0.0,0.0
16,16,0021900002,39.0,40.0,-1.0,1.0,0.0,0.0
17,17,0021900002,39.0,40.0,-1.0,1.0,0.0,0.0
18,18,0021900002,39.0,45.0,-6.0,6.0,-5.0,5.0
19,19,0021900002,44.0,49.0,-5.0,5.0,1.0,-1.0
20,20,0021900002,44.0,49.0,-5.0,5.0,0.0,0.0
21,21,0021900002,44.0,49.0,-5.0,5.0,0.0,0.0
22,22,0021900002,50.0,52.0,-2.0,2.0,3.0,-3.0
23,23,0021900002,51.0,54.0,-3.0,3.0,-1.0,1.0
24,24,0021900002,51.0,57.0,-6.0,6.0,-3.0,3.0
25,25,0021900002,53.0,60.0,-7.0,7.0,-1.0,1.0
26,26,0021900002,53.0,60.0,-7.0,7.0,0.0,0.0
27,27,0021900002,63.0,72.0,-9.0,9.0,-2.0,2.0
28,28,0021900002,66.0,74.0,-8.0,8.0,1.0,-1.0
29,29,0021900002,66.0,74.0,-8.0,8.0,0.0,0.0
30,30,0021900002,66.0,76.0,-10.0,10.0,-2.0,2.0
31,31,0021900002,66.0,76.0,-10.0,10.0,0.0,0.0
32,32,0021900002,70.0,82.0,-12.0,12.0,-2.0,2.0
33,33,0021900002,78.0,82.0,-4.0,4.0,8.0,-8.0
34,34,0021900002,78.0,82.0,-4.0,4.0,0.0,0.0
35,35,0021900002,85.0,87.0,-2.0,2.0,2.0,-2.0
36,36,0021900002,90.0,92.0,-2.0,2.0,0.0,0.0
37,37,0021900002,90.0,92.0,-2.0,2.0,0.0,0.0
38,38,0021900002,90.0,97.0,-7.0,7.0,-5.0,5.0
39,39,0021900002,90.0,97.0,-7.0,7.0,0.0,0.0
40,40,0021900002,90.0,97.0,-7.0,7.0,0.0,0.0
41,41,0021900002,90.0,99.0,-9.0,9.0,-2.0,2.0
42,42,0021900002,92.0,103.0,-11.0,11.0,-2.0,2.0
43,43,0021900002,92.0,103.0,-11.0,11.0,0.0,0.0
44,44,0021900002,92.0,103.0,-11.0,11.0,0.0,0.0
45,45,0021900002,96.0,104.0,-8.0,8.0,3.0,-3.0
46,46,0021900002,96.0,104.0,-8.0,8.0,0.0,0.0
47,47,0021900002,99.0,110.0,-11.0,11.0,-3.0,3.0
48,48,0021900002,99.0,110.0,-11.0,11.0,0.0,0.0
49,49,0021900002,99.0,110.0,-11.0,11.0,0.0,0.0
50,50,0021900002,99.0,110.0,-11.0,11.0,0.0,0.0
51,51,0021900002,99.0,110.0,-11.0,11.0,0.0,0.0
0,0,0021900001,0.0,0.0,0.0,0.0,0.0,0.0
1,1,0021900001,19.0,16.0,3.0,-3.0,5.0,-5.0
2,2,0021900001,19.0,18.0,1.0,-1.0,-2.0,2.0
3,3,0021900001,19.0,18.0,1.0,-1.0,0.0,0.0
4,4,0021900001,19.0,18.0,1.0,-1.0,0.0,0.0
5,5,0021900001,19.0,18.0,1.0,-1.0,0.0,0.0
6,6,0021900001,19.0,18.0,1.0,-1.0,0.0,0.0
7,7,0021900001,19.0,18.0,1.0,-1.0,0.0,0.0
8,8,0021900001,22.0,25.0,-3.0,3.0,-4.0,4.0
9,9,0021900001,26.0,25.0,1.0,-1.0,4.0,-4.0
10,10,0021900001,30.0,29.0,1.0,-1.0,0.0,0.0
11,11,0021900001,30.0,29.0,1.0,-1.0,0.0,0.0
12,12,0021900001,30.0,29.0,1.0,-1.0,0.0,0.0
13,13,0021900001,36.0,31.0,5.0,-5.0,4.0,-4.0
14,14,0021900001,36.0,31.0,5.0,-5.0,0.0,0.0
15,15,0021900001,36.0,31.0,5.0,-5.0,0.0,0.0
16,16,0021900001,41.0,32.0,9.0,-9.0,4.0,-4.0
17,17,0021900001,44.0,33.0,11.0,-11.0,2.0,-2.0
18,18,0021900001,44.0,33.0,11.0,-11.0,0.0,0.0
19,19,0021900001,44.0,36.0,8.0,-8.0,-3.0,3.0
20,20,0021900001,44.0,36.0,8.0,-8.0,0.0,0.0
21,21,0021900001,58.0,54.0,4.0,-4.0,-4.0,4.0
22,22,0021900001,61.0,56.0,5.0,-5.0,1.0,-1.0
23,23,0021900001,61.0,56.0,5.0,-5.0,0.0,0.0
24,24,0021900001,61.0,56.0,5.0,-5.0,0.0,0.0
25,25,0021900001,75.0,75.0,0.0,0.0,-5.0,5.0
26,26,0021900001,75.0,75.0,0.0,0.0,0.0,0.0
27,27,0021900001,76.0,77.0,-1.0,1.0,-1.0,1.0
28,28,0021900001,76.0,77.0,-1.0,1.0,0.0,0.0
29,29,0021900001,76.0,79.0,-3.0,3.0,-2.0,2.0
30,30,0021900001,78.0,81.0,-3.0,3.0,0.0,0.0
31,31,0021900001,78.0,81.0,-3.0,3.0,0.0,0.0
32,32,0021900001,78.0,81.0,-3.0,3.0,0.0,0.0
33,33,0021900001,84.0,88.0,-4.0,4.0,-1.0,1.0
34,34,0021900001,96.0,94.0,2.0,-2.0,6.0,-6.0
35,35,0021900001,99.0,97.0,2.0,-2.0,0.0,0.0
36,36,0021900001,99.0,100.0,-1.0,1.0,-3.0,3.0
37,37,0021900001,99.0,100.0,-1.0,1.0,0.0,0.0
38,38,0021900001,99.0,103.0,-4.0,4.0,-3.0,3.0
39,39,0021900001,109.0,110.0,-1.0,1.0,3.0,-3.0
40,40,0021900001,109.0,110.0,-1.0,1.0,0.0,0.0
41,41,0021900001,109.0,110.0,-1.0,1.0,0.0,0.0
42,42,0021900001,115.0,112.0,3.0,-3.0,4.0,-4.0
43,43,0021900001,117.0,115.0,2.0,-2.0,-1.0,1.0
44,44,0021900001,117.0,115.0,2.0,-2.0,0.0,0.0
45,45,0021900001,117.0,115.0,2.0,-2.0,0.0,0.0
46,46,0021900001,117.0,115.0,2.0,-2.0,0.0,0.0
0,0,0021900008,0.0,0.0,0.0,0.0,0.0,0.0
1,1,0021900008,9.0,7.0,2.0,-2.0,0.0,0.0
2,2,0021900008,9.0,7.0,2.0,-2.0,0.0,0.0
3,3,0021900008,9.0,7.0,2.0,-2.0,0.0,0.0
4,4,0021900008,11.0,9.0,2.0,-2.0,0.0,0.0
5,5,0021900008,11.0,9.0,2.0,-2.0,0.0,0.0
6,6,0021900008,11.0,9.0,2.0,-2.0,0.0,0.0
7,7,0021900008,17.0,14.0,3.0,-3.0,1.0,-1.0
8,8,0021900008,17.0,14.0,3.0,-3.0,0.0,0.0
9,9,0021900008,17.0,14.0,3.0,-3.0,0.0,0.0
10,10,0021900008,17.0,14.0,3.0,-3.0,0.0,0.0
11,11,0021900008,27.0,22.0,5.0,-5.0,2.0,-2.0
12,12,0021900008,27.0,22.0,5.0,-5.0,0.0,0.0
13,13,0021900008,27.0,22.0,5.0,-5.0,0.0,0.0
14,14,0021900008,32.0,27.0,5.0,-5.0,0.0,0.0
15,15,0021900008,32.0,27.0,5.0,-5.0,0.0,0.0
16,16,0021900008,32.0,27.0,5.0,-5.0,0.0,0.0
17,17,0021900008,32.0,27.0,5.0,-5.0,0.0,0.0
18,18,0021900008,37.0,32.0,5.0,-5.0,0.0,0.0
19,19,0021900008,40.0,35.0,5.0,-5.0,0.0,0.0
20,20,0021900008,41.0,38.0,3.0,-3.0,-2.0,2.0
21,21,0021900008,41.0,38.0,3.0,-3.0,0.0,0.0
22,22,0021900008,41.0,38.0,3.0,-3.0,0.0,0.0
23,23,0021900008,41.0,38.0,3.0,-3.0,0.0,0.0
24,24,0021900008,41.0,38.0,3.0,-3.0,0.0,0.0
25,25,0021900008,41.0,40.0,1.0,-1.0,-2.0,2.0
26,26,0021900008,48.0,47.0,1.0,-1.0,0.0,0.0
27,27,0021900008,48.0,52.0,-4.0,4.0,-5.0,5.0
28,28,0021900008,48.0,56.0,-8.0,8.0,-4.0,4.0
29,29,0021900008,50.0,62.0,-12.0,12.0,-4.0,4.0
30,30,0021900008,50.0,62.0,-12.0,12.0,0.0,0.0
31,31,0021900008,50.0,62.0,-12.0,12.0,0.0,0.0
32,32,0021900008,50.0,62.0,-12.0,12.0,0.0,0.0
33,33,0021900008,58.0,64.0,-6.0,6.0,6.0,-6.0
34,34,0021900008,62.0,66.0,-4.0,4.0,2.0,-2.0
35,35,0021900008,62.0,66.0,-4.0,4.0,0.0,0.0
36,36,0021900008,62.0,66.0,-4.0,4.0,0.0,0.0
37,37,0021900008,63.0,68.0,-5.0,5.0,-1.0,1.0
38,38,0021900008,63.0,68.0,-5.0,5.0,0.0,0.0
39,39,0021900008,63.0,68.0,-5.0,5.0,0.0,0.0
40,40,0021900008,65.0,70.0,-5.0,5.0,0.0,0.0
41,41,0021900008,65.0,70.0,-5.0,5.0,0.0,0.0
42,42,0021900008,65.0,70.0,-5.0,5.0,0.0,0.0
43,43,0021900008,68.0,77.0,-9.0,9.0,-4.0,4.0
44,44,0021900008,71.0,77.0,-6.0,6.0,3.0,-3.0
45,45,0021900008,73.0,77.0,-4.0,4.0,2.0,-2.0
46,46,0021900008,73.0,77.0,-4.0,4.0,0.0,0.0
47,47,0021900008,73.0,77.0,-4.0,4.0,0.0,0.0
48,48,0021900008,73.0,85.0,-12.0,12.0,-8.0,8.0
49,49,0021900008,73.0,85.0,-12.0,12.0,0.0,0.0
50,50,0021900008,73.0,87.0,-14.0,14.0,-2.0,2.0
51,51,0021900008,73.0,87.0,-14.0,14.0,0.0,0.0
52,52,0021900008,81.0,92.0,-11.0,11.0,3.0,-3.0
53,53,0021900008,81.0,92.0,-11.0,11.0,0.0,0.0
54,54,0021900008,81.0,94.0,-13.0,13.0,-2.0,2.0
55,55,0021900008,83.0,95.0,-12.0,12.0,1.0,-1.0
56,56,0021900008,90.0,99.0,-9.0,9.0,3.0,-3.0
57,57,0021900008,90.0,99.0,-9.0,9.0,0.0,0.0
58,58,0021900008,90.0,99.0,-9.0,9.0,0.0,0.0
59,59,0021900008,90.0,99.0,-9.0,9.0,0.0,0.0
60,60,0021900008,90.0,99.0,-9.0,9.0,0.0,0.0
61,61,0021900008,90.0,99.0,-9.0,9.0,0.0,0.0
62,62,0021900008,90.0,99.0,-9.0,9.0,0.0,0.0
63,63,0021900008,90.0,99.0,-9.0,9.0,0.0,0.0
64,64,0021900008,90.0,99.0,-9.0,9.0,0.0,0.0
65,65,0021900008,93.0,107.0,-14.0,14.0,-5.0,5.0
0,0,0021900010,0.0,0.0,0.0,0.0,0.0,0.0
1,1,0021900010,4.0,13.0,-9.0,9.0,-5.0,5.0
2,2,0021900010,7.0,14.0,-7.0,7.0,2.0,-2.0
3,3,0021900010,7.0,14.0,-7.0,7.0,0.0,0.0
4,4,0021900010,9.0,14.0,-5.0,5.0,2.0,-2.0
5,5,0021900010,9.0,14.0,-5.0,5.0,0.0,0.0
6,6,0021900010,9.0,14.0,-5.0,5.0,0.0,0.0
7,7,0021900010,9.0,14.0,-5.0,5.0,0.0,0.0
8,8,0021900010,9.0,14.0,-5.0,5.0,0.0,0.0
9,9,0021900010,15.0,18.0,-3.0,3.0,2.0,-2.0
10,10,0021900010,18.0,25.0,-7.0,7.0,-4.0,4.0
11,11,0021900010,18.0,30.0,-12.0,12.0,-5.0,5.0
12,12,0021900010,23.0,38.0,-15.0,15.0,-3.0,3.0
13,13,0021900010,23.0,38.0,-15.0,15.0,0.0,0.0
14,14,0021900010,23.0,38.0,-15.0,15.0,0.0,0.0
15,15,0021900010,27.0,40.0,-13.0,13.0,2.0,-2.0
16,16,0021900010,27.0,40.0,-13.0,13.0,0.0,0.0
17,17,0021900010,27.0,40.0,-13.0,13.0,0.0,0.0
18,18,0021900010,34.0,40.0,-6.0,6.0,7.0,-7.0
19,19,0021900010,39.0,43.0,-4.0,4.0,2.0,-2.0
20,20,0021900010,43.0,53.0,-10.0,10.0,-6.0,6.0
21,21,0021900010,46.0,55.0,-9.0,9.0,1.0,-1.0
22,22,0021900010,51.0,59.0,-8.0,8.0,1.0,-1.0
23,23,0021900010,62.0,63.0,-1.0,1.0,7.0,-7.0
24,24,0021900010,65.0,67.0,-2.0,2.0,-1.0,1.0
25,25,0021900010,65.0,67.0,-2.0,2.0,0.0,0.0
26,26,0021900010,65.0,67.0,-2.0,2.0,0.0,0.0
27,27,0021900010,74.0,73.0,1.0,-1.0,3.0,-3.0
28,28,0021900010,74.0,73.0,1.0,-1.0,0.0,0.0
29,29,0021900010,74.0,73.0,1.0,-1.0,0.0,0.0
30,30,0021900010,78.0,73.0,5.0,-5.0,4.0,-4.0
31,31,0021900010,80.0,75.0,5.0,-5.0,0.0,0.0
32,32,0021900010,82.0,82.0,0.0,0.0,-5.0,5.0
33,33,0021900010,84.0,85.0,-1.0,1.0,-1.0,1.0
34,34,0021900010,90.0,86.0,4.0,-4.0,5.0,-5.0
35,35,0021900010,97.0,91.0,6.0,-6.0,2.0,-2.0
36,36,0021900010,97.0,91.0,6.0,-6.0,0.0,0.0
37,37,0021900010,97.0,91.0,6.0,-6.0,0.0,0.0
38,38,0021900010,97.0,95.0,2.0,-2.0,-4.0,4.0
39,39,0021900010,97.0,95.0,2.0,-2.0,0.0,0.0
40,40,0021900010,97.0,99.0,-2.0,2.0,-4.0,4.0
41,41,0021900010,97.0,105.0,-8.0,8.0,-6.0,6.0
42,42,0021900010,97.0,105.0,-8.0,8.0,0.0,0.0
43,43,0021900010,99.0,109.0,-10.0,10.0,-2.0,2.0
44,44,0021900010,109.0,120.0,-11.0,11.0,-1.0,1.0
0,0,0021900012,0.0,0.0,0.0,0.0,0.0,0.0
1,1,0021900012,15.0,13.0,2.0,-2.0,1.0,-1.0
2,2,0021900012,15.0,13.0,2.0,-2.0,0.0,0.0
3,3,0021900012,15.0,13.0,2.0,-2.0,0.0,0.0
4,4,0021900012,19.0,15.0,4.0,-4.0,2.0,-2.0
5,5,0021900012,19.0,15.0,4.0,-4.0,0.0,0.0
6,6,0021900012,19.0,20.0,-1.0,1.0,-5.0,5.0
7,7,0021900012,20.0,22.0,-2.0,2.0,-1.0,1.0
8,8,0021900012,24.0,24.0,0.0,0.0,2.0,-2.0
9,9,0021900012,24.0,24.0,0.0,0.0,0.0,0.0
10,10,0021900012,29.0,25.0,4.0,-4.0,4.0,-4.0
11,11,0021900012,29.0,29.0,0.0,0.0,-4.0,4.0
12,12,0021900012,33.0,31.0,2.0,-2.0,2.0,-2.0
13,13,0021900012,33.0,31.0,2.0,-2.0,0.0,0.0
14,14,0021900012,38.0,35.0,3.0,-3.0,1.0,-1.0
15,15,0021900012,38.0,35.0,3.0,-3.0,0.0,0.0
16,16,0021900012,38.0,35.0,3.0,-3.0,0.0,0.0
17,17,0021900012,40.0,37.0,3.0,-3.0,0.0,0.0
18,18,0021900012,40.0,37.0,3.0,-3.0,0.0,0.0
19,19,0021900012,42.0,39.0,3.0,-3.0,0.0,0.0
20,20,0021900012,50.0,39.0,11.0,-11.0,8.0,-8.0
21,21,0021900012,50.0,39.0,11.0,-11.0,0.0,0.0
22,22,0021900012,53.0,47.0,6.0,-6.0,-5.0,5.0
23,23,0021900012,53.0,47.0,6.0,-6.0,0.0,0.0
24,24,0021900012,53.0,47.0,6.0,-6.0,0.0,0.0
25,25,0021900012,56.0,48.0,8.0,-8.0,2.0,-2.0
26,26,0021900012,61.0,56.0,5.0,-5.0,-3.0,3.0
27,27,0021900012,64.0,68.0,-4.0,4.0,-9.0,9.0
28,28,0021900012,64.0,68.0,-4.0,4.0,0.0,0.0
29,29,0021900012,67.0,68.0,-1.0,1.0,3.0,-3.0
30,30,0021900012,69.0,70.0,-1.0,1.0,0.0,0.0
31,31,0021900012,69.0,70.0,-1.0,1.0,0.0,0.0
32,32,0021900012,69.0,73.0,-4.0,4.0,-3.0,3.0
33,33,0021900012,69.0,73.0,-4.0,4.0,0.0,0.0
34,34,0021900012,73.0,77.0,-4.0,4.0,0.0,0.0
35,35,0021900012,73.0,80.0,-7.0,7.0,-3.0,3.0
36,36,0021900012,78.0,91.0,-13.0,13.0,-6.0,6.0
37,37,0021900012,78.0,91.0,-13.0,13.0,0.0,0.0
38,38,0021900012,78.0,91.0,-13.0,13.0,0.0,0.0
39,39,0021900012,79.0,96.0,-17.0,17.0,-4.0,4.0
40,40,0021900012,79.0,96.0,-17.0,17.0,0.0,0.0
41,41,0021900012,82.0,98.0,-16.0,16.0,1.0,-1.0
42,42,0021900012,84.0,102.0,-18.0,18.0,-2.0,2.0
43,43,0021900012,84.0,102.0,-18.0,18.0,0.0,0.0
44,44,0021900012,86.0,104.0,-18.0,18.0,0.0,0.0
45,45,0021900012,88.0,112.0,-24.0,24.0,-6.0,6.0
46,46,0021900012,88.0,114.0,-26.0,26.0,-2.0,2.0
47,47,0021900012,89.0,119.0,-30.0,30.0,-4.0,4.0
48,48,0021900012,89.0,119.0,-30.0,30.0,0.0,0.0
49,49,0021900012,89.0,119.0,-30.0,30.0,0.0,0.0
50,50,0021900012,89.0,119.0,-30.0,30.0,0.0,0.0
51,51,0021900012,89.0,119.0,-30.0,30.0,0.0,0.0
52,52,0021900012,95.0,124.0,-29.0,29.0,1.0,-1.0
0,0,0021900006,0.0,0.0,0.0,0.0,0.0,0.0
1,1,0021900006,20.0,19.0,1.0,-1.0,0.0,0.0
2,2,0021900006,20.0,19.0,1.0,-1.0,0.0,0.0
3,3,0021900006,20.0,19.0,1.0,-1.0,0.0,0.0
4,4,0021900006,20.0,19.0,1.0,-1.0,0.0,0.0
5,5,0021900006,20.0,19.0,1.0,-1.0,0.0,0.0
6,6,0021900006,20.0,19.0,1.0,-1.0,0.0,0.0
7,7,0021900006,20.0,19.0,1.0,-1.0,0.0,0.0
8,8,0021900006,20.0,19.0,1.0,-1.0,0.0,0.0
9,9,0021900006,20.0,19.0,1.0,-1.0,0.0,0.0
10,10,0021900006,20.0,19.0,1.0,-1.0,0.0,0.0
11,11,0021900006,40.0,26.0,14.0,-14.0,13.0,-13.0
12,12,0021900006,45.0,28.0,17.0,-17.0,3.0,-3.0
13,13,0021900006,45.0,28.0,17.0,-17.0,0.0,0.0
14,14,0021900006,45.0,28.0,17.0,-17.0,0.0,0.0
15,15,0021900006,48.0,33.0,15.0,-15.0,-2.0,2.0
16,16,0021900006,48.0,33.0,15.0,-15.0,0.0,0.0
17,17,0021900006,48.0,33.0,15.0,-15.0,0.0,0.0
18,18,0021900006,48.0,33.0,15.0,-15.0,0.0,0.0
19,19,0021900006,48.0,33.0,15.0,-15.0,0.0,0.0
20,20,0021900006,54.0,37.0,17.0,-17.0,2.0,-2.0
21,21,0021900006,59.0,47.0,12.0,-12.0,-5.0,5.0
22,22,0021900006,72.0,71.0,1.0,-1.0,-11.0,11.0
23,23,0021900006,76.0,77.0,-1.0,1.0,-2.0,2.0
24,24,0021900006,78.0,77.0,1.0,-1.0,2.0,-2.0
25,25,0021900006,78.0,77.0,1.0,-1.0,0.0,0.0
26,26,0021900006,78.0,77.0,1.0,-1.0,0.0,0.0
27,27,0021900006,80.0,83.0,-3.0,3.0,-4.0,4.0
28,28,0021900006,80.0,83.0,-3.0,3.0,0.0,0.0
29,29,0021900006,80.0,83.0,-3.0,3.0,0.0,0.0
30,30,0021900006,80.0,85.0,-5.0,5.0,-2.0,2.0
31,31,0021900006,82.0,88.0,-6.0,6.0,-1.0,1.0
32,32,0021900006,86.0,90.0,-4.0,4.0,2.0,-2.0
33,33,0021900006,86.0,90.0,-4.0,4.0,0.0,0.0
34,34,0021900006,88.0,95.0,-7.0,7.0,-3.0,3.0
35,35,0021900006,88.0,95.0,-7.0,7.0,0.0,0.0
36,36,0021900006,90.0,98.0,-8.0,8.0,-1.0,1.0
37,37,0021900006,92.0,98.0,-6.0,6.0,2.0,-2.0
38,38,0021900006,92.0,98.0,-6.0,6.0,0.0,0.0
39,39,0021900006,97.0,98.0,-1.0,1.0,5.0,-5.0
40,40,0021900006,97.0,98.0,-1.0,1.0,0.0,0.0
41,41,0021900006,97.0,98.0,-1.0,1.0,0.0,0.0
42,42,0021900006,104.0,98.0,6.0,-6.0,7.0,-7.0
43,43,0021900006,104.0,98.0,6.0,-6.0,0.0,0.0
44,44,0021900006,104.0,102.0,2.0,-2.0,-4.0,4.0
45,45,0021900006,115.0,115.0,0.0,0.0,-2.0,2.0
46,46,0021900006,115.0,115.0,0.0,0.0,0.0,0.0
47,47,0021900006,115.0,115.0,0.0,0.0,0.0,0.0
48,48,0021900006,115.0,115.0,0.0,0.0,0.0,0.0
0,0,0021900005,0.0,0.0,0.0,0.0,0.0,0.0
1,1,0021900005,16.0,17.0,-1.0,1.0,-2.0,2.0
2,2,0021900005,16.0,17.0,-1.0,1.0,0.0,0.0
3,3,0021900005,22.0,21.0,1.0,-1.0,2.0,-2.0
4,4,0021900005,22.0,21.0,1.0,-1.0,0.0,0.0
5,5,0021900005,22.0,21.0,1.0,-1.0,0.0,0.0
6,6,0021900005,22.0,21.0,1.0,-1.0,0.0,0.0
7,7,0021900005,22.0,21.0,1.0,-1.0,0.0,0.0
8,8,0021900005,22.0,23.0,-1.0,1.0,-2.0,2.0
9,9,0021900005,22.0,23.0,-1.0,1.0,0.0,0.0
10,10,0021900005,28.0,30.0,-2.0,2.0,-1.0,1.0
11,11,0021900005,28.0,30.0,-2.0,2.0,0.0,0.0
12,12,0021900005,28.0,30.0,-2.0,2.0,0.0,0.0
13,13,0021900005,28.0,33.0,-5.0,5.0,-3.0,3.0
14,14,0021900005,28.0,33.0,-5.0,5.0,0.0,0.0
15,15,0021900005,28.0,37.0,-9.0,9.0,-4.0,4.0
16,16,0021900005,28.0,44.0,-16.0,16.0,-7.0,7.0
17,17,0021900005,28.0,44.0,-16.0,16.0,0.0,0.0
18,18,0021900005,28.0,44.0,-16.0,16.0,0.0,0.0
19,19,0021900005,28.0,44.0,-16.0,16.0,0.0,0.0
20,20,0021900005,28.0,44.0,-16.0,16.0,0.0,0.0
21,21,0021900005,28.0,44.0,-16.0,16.0,0.0,0.0
22,22,0021900005,28.0,44.0,-16.0,16.0,0.0,0.0
23,23,0021900005,28.0,44.0,-16.0,16.0,0.0,0.0
24,24,0021900005,31.0,48.0,-17.0,17.0,-1.0,1.0
25,25,0021900005,33.0,51.0,-18.0,18.0,-1.0,1.0
26,26,0021900005,33.0,51.0,-18.0,18.0,0.0,0.0
27,27,0021900005,33.0,51.0,-18.0,18.0,0.0,0.0
28,28,0021900005,36.0,55.0,-19.0,19.0,-1.0,1.0
29,29,0021900005,36.0,55.0,-19.0,19.0,0.0,0.0
30,30,0021900005,43.0,55.0,-12.0,12.0,7.0,-7.0
31,31,0021900005,55.0,69.0,-14.0,14.0,-2.0,2.0
32,32,0021900005,55.0,69.0,-14.0,14.0,0.0,0.0
33,33,0021900005,55.0,69.0,-14.0,14.0,0.0,0.0
34,34,0021900005,55.0,69.0,-14.0,14.0,0.0,0.0
35,35,0021900005,55.0,69.0,-14.0,14.0,0.0,0.0
36,36,0021900005,55.0,69.0,-14.0,14.0,0.0,0.0
37,37,0021900005,58.0,69.0,-11.0,11.0,3.0,-3.0
38,38,0021900005,58.0,69.0,-11.0,11.0,0.0,0.0
39,39,0021900005,67.0,73.0,-6.0,6.0,5.0,-5.0
40,40,0021900005,69.0,79.0,-10.0,10.0,-4.0,4.0
41,41,0021900005,69.0,79.0,-10.0,10.0,0.0,0.0
42,42,0021900005,69.0,79.0,-10.0,10.0,0.0,0.0
43,43,0021900005,69.0,83.0,-14.0,14.0,-4.0,4.0
44,44,0021900005,69.0,83.0,-14.0,14.0,0.0,0.0
45,45,0021900005,69.0,83.0,-14.0,14.0,0.0,0.0
46,46,0021900005,69.0,83.0,-14.0,14.0,0.0,0.0
47,47,0021900005,71.0,83.0,-12.0,12.0,2.0,-2.0
48,48,0021900005,71.0,85.0,-14.0,14.0,-2.0,2.0
49,49,0021900005,72.0,89.0,-17.0,17.0,-3.0,3.0
50,50,0021900005,74.0,89.0,-15.0,15.0,2.0,-2.0
51,51,0021900005,74.0,89.0,-15.0,15.0,0.0,0.0
52,52,0021900005,85.0,91.0,-6.0,6.0,9.0,-9.0
0,0,0021900007,0.0,0.0,0.0,0.0,0.0,0.0
1,1,0021900007,6.0,10.0,-4.0,4.0,0.0,0.0
2,2,0021900007,8.0,12.0,-4.0,4.0,0.0,0.0
3,3,0021900007,8.0,12.0,-4.0,4.0,0.0,0.0
4,4,0021900007,8.0,12.0,-4.0,4.0,0.0,0.0
5,5,0021900007,17.0,13.0,4.0,-4.0,8.0,-8.0
6,6,0021900007,18.0,18.0,0.0,0.0,-4.0,4.0
7,7,0021900007,18.0,18.0,0.0,0.0,0.0,0.0
8,8,0021900007,18.0,18.0,0.0,0.0,0.0,0.0
9,9,0021900007,22.0,22.0,0.0,0.0,0.0,0.0
10,10,0021900007,32.0,26.0,6.0,-6.0,6.0,-6.0
11,11,0021900007,38.0,34.0,4.0,-4.0,-2.0,2.0
12,12,0021900007,38.0,36.0,2.0,-2.0,-2.0,2.0
13,13,0021900007,38.0,36.0,2.0,-2.0,0.0,0.0
14,14,0021900007,38.0,36.0,2.0,-2.0,0.0,0.0
15,15,0021900007,40.0,41.0,-1.0,1.0,-3.0,3.0
16,16,0021900007,40.0,41.0,-1.0,1.0,0.0,0.0
17,17,0021900007,40.0,41.0,-1.0,1.0,0.0,0.0
18,18,0021900007,45.0,42.0,3.0,-3.0,4.0,-4.0
19,19,0021900007,47.0,48.0,-1.0,1.0,-4.0,4.0
20,20,0021900007,53.0,48.0,5.0,-5.0,6.0,-6.0
21,21,0021900007,53.0,48.0,5.0,-5.0,0.0,0.0
22,22,0021900007,53.0,48.0,5.0,-5.0,0.0,0.0
23,23,0021900007,53.0,48.0,5.0,-5.0,0.0,0.0
24,24,0021900007,53.0,48.0,5.0,-5.0,0.0,0.0
25,25,0021900007,53.0,48.0,5.0,-5.0,0.0,0.0
26,26,0021900007,53.0,48.0,5.0,-5.0,0.0,0.0
27,27,0021900007,60.0,52.0,8.0,-8.0,3.0,-3.0
28,28,0021900007,60.0,52.0,8.0,-8.0,0.0,0.0
29,29,0021900007,68.0,67.0,1.0,-1.0,-7.0,7.0
30,30,0021900007,68.0,67.0,1.0,-1.0,0.0,0.0
31,31,0021900007,68.0,67.0,1.0,-1.0,0.0,0.0
32,32,0021900007,68.0,67.0,1.0,-1.0,0.0,0.0
33,33,0021900007,70.0,72.0,-2.0,2.0,-3.0,3.0
34,34,0021900007,76.0,75.0,1.0,-1.0,3.0,-3.0
35,35,0021900007,79.0,78.0,1.0,-1.0,0.0,0.0
36,36,0021900007,79.0,78.0,1.0,-1.0,0.0,0.0
37,37,0021900007,79.0,78.0,1.0,-1.0,0.0,0.0
38,38,0021900007,83.0,79.0,4.0,-4.0,3.0,-3.0
39,39,0021900007,83.0,79.0,4.0,-4.0,0.0,0.0
40,40,0021900007,83.0,79.0,4.0,-4.0,0.0,0.0
41,41,0021900007,86.0,86.0,0.0,0.0,-4.0,4.0
42,42,0021900007,86.0,86.0,0.0,0.0,0.0,0.0
43,43,0021900007,86.0,90.0,-4.0,4.0,-4.0,4.0
44,44,0021900007,86.0,90.0,-4.0,4.0,0.0,0.0
45,45,0021900007,87.0,94.0,-7.0,7.0,-3.0,3.0
46,46,0021900007,87.0,94.0,-7.0,7.0,0.0,0.0
47,47,0021900007,87.0,98.0,-11.0,11.0,-4.0,4.0
48,48,0021900007,87.0,98.0,-11.0,11.0,0.0,0.0
49,49,0021900007,87.0,104.0,-17.0,17.0,-6.0,6.0
50,50,0021900007,87.0,104.0,-17.0,17.0,0.0,0.0
51,51,0021900007,93.0,111.0,-18.0,18.0,-1.0,1.0
52,52,0021900007,93.0,111.0,-18.0,18.0,0.0,0.0
53,53,0021900007,93.0,111.0,-18.0,18.0,0.0,0.0
54,54,0021900007,93.0,111.0,-18.0,18.0,0.0,0.0
55,55,0021900007,93.0,111.0,-18.0,18.0,0.0,0.0
56,56,0021900007,93.0,111.0,-18.0,18.0,0.0,0.0
57,57,0021900007,97.0,120.0,-23.0,23.0,-5.0,5.0
58,58,0021900007,97.0,120.0,-23.0,23.0,0.0,0.0
59,59,0021900007,99.0,120.0,-21.0,21.0,2.0,-2.0
0,0,0021900013,0.0,0.0,0.0,0.0,0.0,0.0
1,1,0021900013,7.0,9.0,-2.0,2.0,-3.0,3.0
2,2,0021900013,7.0,9.0,-2.0,2.0,0.0,0.0
3,3,0021900013,9.0,19.0,-10.0,10.0,-8.0,8.0
4,4,0021900013,9.0,19.0,-10.0,10.0,0.0,0.0
5,5,0021900013,13.0,19.0,-6.0,6.0,4.0,-4.0
6,6,0021900013,13.0,19.0,-6.0,6.0,0.0,0.0
7,7,0021900013,13.0,19.0,-6.0,6.0,0.0,0.0
8,8,0021900013,22.0,21.0,1.0,-1.0,7.0,-7.0
9,9,0021900013,22.0,25.0,-3.0,3.0,-4.0,4.0
10,10,0021900013,30.0,29.0,1.0,-1.0,4.0,-4.0
11,11,0021900013,30.0,29.0,1.0,-1.0,0.0,0.0
12,12,0021900013,30.0,29.0,1.0,-1.0,0.0,0.0
13,13,0021900013,30.0,29.0,1.0,-1.0,0.0,0.0
14,14,0021900013,39.0,35.0,4.0,-4.0,3.0,-3.0
15,15,0021900013,42.0,37.0,5.0,-5.0,1.0,-1.0
16,16,0021900013,42.0,37.0,5.0,-5.0,0.0,0.0
17,17,0021900013,42.0,37.0,5.0,-5.0,0.0,0.0
18,18,0021900013,42.0,37.0,5.0,-5.0,0.0,0.0
19,19,0021900013,42.0,37.0,5.0,-5.0,0.0,0.0
20,20,0021900013,42.0,37.0,5.0,-5.0,0.0,0.0
21,21,0021900013,49.0,43.0,6.0,-6.0,1.0,-1.0
22,22,0021900013,54.0,50.0,4.0,-4.0,-2.0,2.0
23,23,0021900013,54.0,50.0,4.0,-4.0,0.0,0.0
24,24,0021900013,67.0,64.0,3.0,-3.0,-1.0,1.0
25,25,0021900013,67.0,64.0,3.0,-3.0,0.0,0.0
26,26,0021900013,67.0,64.0,3.0,-3.0,0.0,0.0
27,27,0021900013,67.0,64.0,3.0,-3.0,0.0,0.0
28,28,0021900013,67.0,64.0,3.0,-3.0,0.0,0.0
29,29,0021900013,67.0,64.0,3.0,-3.0,0.0,0.0
30,30,0021900013,70.0,69.0,1.0,-1.0,-2.0,2.0
31,31,0021900013,70.0,69.0,1.0,-1.0,0.0,0.0
32,32,0021900013,72.0,72.0,0.0,0.0,-1.0,1.0
33,33,0021900013,73.0,74.0,-1.0,1.0,-1.0,1.0
34,34,0021900013,73.0,79.0,-6.0,6.0,-5.0,5.0
35,35,0021900013,73.0,79.0,-6.0,6.0,0.0,0.0
36,36,0021900013,73.0,79.0,-6.0,6.0,0.0,0.0
37,37,0021900013,73.0,79.0,-6.0,6.0,0.0,0.0
38,38,0021900013,76.0,79.0,-3.0,3.0,3.0,-3.0
39,39,0021900013,80.0,83.0,-3.0,3.0,0.0,0.0
40,40,0021900013,80.0,83.0,-3.0,3.0,0.0,0.0
41,41,0021900013,83.0,83.0,0.0,0.0,3.0,-3.0
42,42,0021900013,85.0,83.0,2.0,-2.0,2.0,-2.0
43,43,0021900013,87.0,86.0,1.0,-1.0,-1.0,1.0
44,44,0021900013,97.0,90.0,7.0,-7.0,6.0,-6.0
45,45,0021900013,97.0,94.0,3.0,-3.0,-4.0,4.0
46,46,0021900013,97.0,94.0,3.0,-3.0,0.0,0.0
47,47,0021900013,97.0,94.0,3.0,-3.0,0.0,0.0
48,48,0021900013,97.0,94.0,3.0,-3.0,0.0,0.0
49,49,0021900013,97.0,94.0,3.0,-3.0,0.0,0.0
50,50,0021900013,97.0,94.0,3.0,-3.0,0.0,0.0
51,51,0021900013,104.0,98.0,6.0,-6.0,3.0,-3.0
52,52,0021900013,104.0,98.0,6.0,-6.0,0.0,0.0
53,53,0021900013,106.0,100.0,6.0,-6.0,0.0,0.0
0,0,0021900004,0.0,0.0,0.0,0.0,0.0,0.0
1,1,0021900004,9.0,6.0,3.0,-3.0,0.0,0.0
2,2,0021900004,11.0,6.0,5.0,-5.0,2.0,-2.0
3,3,0021900004,11.0,6.0,5.0,-5.0,0.0,0.0
4,4,0021900004,13.0,9.0,4.0,-4.0,-1.0,1.0
5,5,0021900004,13.0,9.0,4.0,-4.0,0.0,0.0
6,6,0021900004,13.0,9.0,4.0,-4.0,0.0,0.0
7,7,0021900004,19.0,17.0,2.0,-2.0,-2.0,2.0
8,8,0021900004,19.0,17.0,2.0,-2.0,0.0,0.0
9,9,0021900004,19.0,17.0,2.0,-2.0,0.0,0.0
10,10,0021900004,19.0,17.0,2.0,-2.0,0.0,0.0
11,11,0021900004,32.0,31.0,1.0,-1.0,-1.0,1.0
12,12,0021900004,32.0,31.0,1.0,-1.0,0.0,0.0
13,13,0021900004,32.0,31.0,1.0,-1.0,0.0,0.0
14,14,0021900004,32.0,31.0,1.0,-1.0,0.0,0.0
15,15,0021900004,36.0,33.0,3.0,-3.0,2.0,-2.0
16,16,0021900004,36.0,33.0,3.0,-3.0,0.0,0.0
17,17,0021900004,36.0,33.0,3.0,-3.0,0.0,0.0
18,18,0021900004,36.0,33.0,3.0,-3.0,0.0,0.0
19,19,0021900004,36.0,33.0,3.0,-3.0,0.0,0.0
20,20,0021900004,38.0,37.0,1.0,-1.0,-2.0,2.0
21,21,0021900004,46.0,40.0,6.0,-6.0,5.0,-5.0
22,22,0021900004,46.0,40.0,6.0,-6.0,0.0,0.0
23,23,0021900004,50.0,49.0,1.0,-1.0,-5.0,5.0
24,24,0021900004,50.0,49.0,1.0,-1.0,0.0,0.0
25,25,0021900004,54.0,53.0,1.0,-1.0,0.0,0.0
26,26,0021900004,64.0,65.0,-1.0,1.0,-2.0,2.0
27,27,0021900004,64.0,65.0,-1.0,1.0,0.0,0.0
28,28,0021900004,64.0,65.0,-1.0,1.0,0.0,0.0
29,29,0021900004,64.0,65.0,-1.0,1.0,0.0,0.0
30,30,0021900004,64.0,65.0,-1.0,1.0,0.0,0.0
31,31,0021900004,66.0,73.0,-7.0,7.0,-6.0,6.0
32,32,0021900004,67.0,75.0,-8.0,8.0,-1.0,1.0
33,33,0021900004,67.0,75.0,-8.0,8.0,0.0,0.0
34,34,0021900004,70.0,77.0,-7.0,7.0,1.0,-1.0
35,35,0021900004,77.0,80.0,-3.0,3.0,4.0,-4.0
36,36,0021900004,77.0,80.0,-3.0,3.0,0.0,0.0
37,37,0021900004,77.0,80.0,-3.0,3.0,0.0,0.0
38,38,0021900004,77.0,80.0,-3.0,3.0,0.0,0.0
39,39,0021900004,78.0,84.0,-6.0,6.0,-3.0,3.0
40,40,0021900004,85.0,88.0,-3.0,3.0,3.0,-3.0
41,41,0021900004,85.0,88.0,-3.0,3.0,0.0,0.0
42,42,0021900004,91.0,93.0,-2.0,2.0,1.0,-1.0
43,43,0021900004,91.0,93.0,-2.0,2.0,0.0,0.0
44,44,0021900004,91.0,93.0,-2.0,2.0,0.0,0.0
45,45,0021900004,91.0,93.0,-2.0,2.0,0.0,0.0
46,46,0021900004,95.0,93.0,2.0,-2.0,4.0,-4.0
47,47,0021900004,95.0,93.0,2.0,-2.0,0.0,0.0
48,48,0021900004,95.0,93.0,2.0,-2.0,0.0,0.0
49,49,0021900004,95.0,93.0,2.0,-2.0,0.0,0.0
50,50,0021900004,95.0,93.0,2.0,-2.0,0.0,0.0
51,51,0021900004,97.0,97.0,0.0,0.0,-2.0,2.0
52,52,0021900004,97.0,97.0,0.0,0.0,0.0,0.0
53,53,0021900004,99.0,101.0,-2.0,2.0,-2.0,2.0
54,54,0021900004,99.0,101.0,-2.0,2.0,0.0,0.0
55,55,0021900004,105.0,103.0,2.0,-2.0,4.0,-4.0
56,56,0021900004,105.0,103.0,2.0,-2.0,0.0,0.0
57,57,0021900004,105.0,103.0,2.0,-2.0,0.0,0.0
58,58,0021900004,113.0,105.0,8.0,-8.0,6.0,-6.0
59,59,0021900004,117.0,110.0,7.0,-7.0,-1.0,1.0
60,60,0021900004,117.0,110.0,7.0,-7.0,0.0,0.0
61,61,0021900004,117.0,110.0,7.0,-7.0,0.0,0.0
0,0,0021900011,0.0,0.0,0.0,0.0,0.0,0.0
1,1,0021900011,5.0,12.0,-7.0,7.0,-3.0,3.0
2,2,0021900011,5.0,12.0,-7.0,7.0,0.0,0.0
3,3,0021900011,8.0,14.0,-6.0,6.0,1.0,-1.0
4,4,0021900011,8.0,14.0,-6.0,6.0,0.0,0.0
5,5,0021900011,8.0,14.0,-6.0,6.0,0.0,0.0
6,6,0021900011,8.0,23.0,-15.0,15.0,-9.0,9.0
7,7,0021900011,8.0,23.0,-15.0,15.0,0.0,0.0
8,8,0021900011,8.0,23.0,-15.0,15.0,0.0,0.0
9,9,0021900011,8.0,23.0,-15.0,15.0,0.0,0.0
10,10,0021900011,8.0,23.0,-15.0,15.0,0.0,0.0
11,11,0021900011,12.0,23.0,-11.0,11.0,4.0,-4.0
12,12,0021900011,20.0,23.0,-3.0,3.0,8.0,-8.0
13,13,0021900011,20.0,23.0,-3.0,3.0,0.0,0.0
14,14,0021900011,20.0,23.0,-3.0,3.0,0.0,0.0
15,15,0021900011,20.0,28.0,-8.0,8.0,-5.0,5.0
16,16,0021900011,20.0,28.0,-8.0,8.0,0.0,0.0
17,17,0021900011,20.0,28.0,-8.0,8.0,0.0,0.0
18,18,0021900011,20.0,28.0,-8.0,8.0,0.0,0.0
19,19,0021900011,28.0,28.0,0.0,0.0,8.0,-8.0
20,20,0021900011,30.0,31.0,-1.0,1.0,-1.0,1.0
21,21,0021900011,30.0,31.0,-1.0,1.0,0.0,0.0
22,22,0021900011,37.0,40.0,-3.0,3.0,-2.0,2.0
23,23,0021900011,37.0,40.0,-3.0,3.0,0.0,0.0
24,24,0021900011,37.0,40.0,-3.0,3.0,0.0,0.0
25,25,0021900011,44.0,42.0,2.0,-2.0,5.0,-5.0
26,26,0021900011,53.0,55.0,-2.0,2.0,-4.0,4.0
27,27,0021900011,53.0,55.0,-2.0,2.0,0.0,0.0
28,28,0021900011,62.0,62.0,0.0,0.0,2.0,-2.0
29,29,0021900011,62.0,62.0,0.0,0.0,0.0,0.0
30,30,0021900011,66.0,62.0,4.0,-4.0,4.0,-4.0
31,31,0021900011,66.0,62.0,4.0,-4.0,0.0,0.0
32,32,0021900011,66.0,62.0,4.0,-4.0,0.0,0.0
33,33,0021900011,66.0,62.0,4.0,-4.0,0.0,0.0
34,34,0021900011,66.0,62.0,4.0,-4.0,0.0,0.0
35,35,0021900011,67.0,64.0,3.0,-3.0,-1.0,1.0
36,36,0021900011,67.0,64.0,3.0,-3.0,0.0,0.0
37,37,0021900011,67.0,64.0,3.0,-3.0,0.0,0.0
38,38,0021900011,74.0,68.0,6.0,-6.0,3.0,-3.0
39,39,0021900011,76.0,68.0,8.0,-8.0,2.0,-2.0
40,40,0021900011,76.0,68.0,8.0,-8.0,0.0,0.0
41,41,0021900011,76.0,68.0,8.0,-8.0,0.0,0.0
42,42,0021900011,76.0,72.0,4.0,-4.0,-4.0,4.0
43,43,0021900011,78.0,76.0,2.0,-2.0,-2.0,2.0
44,44,0021900011,78.0,76.0,2.0,-2.0,0.0,0.0
45,45,0021900011,80.0,80.0,0.0,0.0,-2.0,2.0
46,46,0021900011,82.0,85.0,-3.0,3.0,-3.0,3.0
47,47,0021900011,82.0,85.0,-3.0,3.0,0.0,0.0
48,48,0021900011,86.0,85.0,1.0,-1.0,4.0,-4.0
49,49,0021900011,86.0,85.0,1.0,-1.0,0.0,0.0
50,50,0021900011,86.0,85.0,1.0,-1.0,0.0,0.0
51,51,0021900011,86.0,87.0,-1.0,1.0,-2.0,2.0
52,52,0021900011,86.0,87.0,-1.0,1.0,0.0,0.0
53,53,0021900011,90.0,94.0,-4.0,4.0,-3.0,3.0
54,54,0021900011,91.0,96.0,-5.0,5.0,-1.0,1.0
55,55,0021900011,94.0,96.0,-2.0,2.0,3.0,-3.0
56,56,0021900011,94.0,96.0,-2.0,2.0,0.0,0.0
57,57,0021900011,94.0,96.0,-2.0,2.0,0.0,0.0
58,58,0021900011,94.0,96.0,-2.0,2.0,0.0,0.0
59,59,0021900011,94.0,96.0,-2.0,2.0,0.0,0.0
60,60,0021900011,94.0,96.0,-2.0,2.0,0.0,0.0
61,61,0021900011,94.0,96.0,-2.0,2.0,0.0,0.0
62,62,0021900011,94.0,96.0,-2.0,2.0,0.0,0.0
0,0,0021900009,0.0,0.0,0.0,0.0,0.0,0.0
1,1,0021900009,9.0,9.0,0.0,0.0,0.0,0.0
2,2,0021900009,9.0,9.0,0.0,0.0,0.0,0.0
3,3,0021900009,17.0,10.0,7.0,-7.0,7.0,-7.0
4,4,0021900009,17.0,14.0,3.0,-3.0,-4.0,4.0
5,5,0021900009,17.0,14.0,3.0,-3.0,0.0,0.0
6,6,0021900009,17.0,14.0,3.0,-3.0,0.0,0.0
7,7,0021900009,17.0,14.0,3.0,-3.0,0.0,0.0
8,8,0021900009,20.0,15.0,5.0,-5.0,2.0,-2.0
9,9,0021900009,22.0,17.0,5.0,-5.0,0.0,0.0
10,10,0021900009,22.0,17.0,5.0,-5.0,0.0,0.0
11,11,0021900009,27.0,24.0,3.0,-3.0,-2.0,2.0
12,12,0021900009,27.0,24.0,3.0,-3.0,0.0,0.0
13,13,0021900009,27.0,35.0,-8.0,8.0,-11.0,11.0
14,14,0021900009,27.0,35.0,-8.0,8.0,0.0,0.0
15,15,0021900009,27.0,35.0,-8.0,8.0,0.0,0.0
16,16,0021900009,27.0,35.0,-8.0,8.0,0.0,0.0
17,17,0021900009,29.0,37.0,-8.0,8.0,0.0,0.0
18,18,0021900009,33.0,44.0,-11.0,11.0,-3.0,3.0
19,19,0021900009,34.0,47.0,-13.0,13.0,-2.0,2.0
20,20,0021900009,34.0,47.0,-13.0,13.0,0.0,0.0
21,21,0021900009,34.0,47.0,-13.0,13.0,0.0,0.0
22,22,0021900009,38.0,47.0,-9.0,9.0,4.0,-4.0
23,23,0021900009,46.0,57.0,-11.0,11.0,-2.0,2.0
24,24,0021900009,46.0,57.0,-11.0,11.0,0.0,0.0
25,25,0021900009,46.0,59.0,-13.0,13.0,-2.0,2.0
26,26,0021900009,57.0,71.0,-14.0,14.0,-1.0,1.0
27,27,0021900009,66.0,81.0,-15.0,15.0,-1.0,1.0
28,28,0021900009,66.0,81.0,-15.0,15.0,0.0,0.0
29,29,0021900009,66.0,81.0,-15.0,15.0,0.0,0.0
30,30,0021900009,66.0,81.0,-15.0,15.0,0.0,0.0
31,31,0021900009,66.0,83.0,-17.0,17.0,-2.0,2.0
32,32,0021900009,66.0,83.0,-17.0,17.0,0.0,0.0
33,33,0021900009,66.0,83.0,-17.0,17.0,0.0,0.0
34,34,0021900009,66.0,85.0,-19.0,19.0,-2.0,2.0
35,35,0021900009,66.0,85.0,-19.0,19.0,0.0,0.0
36,36,0021900009,68.0,86.0,-18.0,18.0,1.0,-1.0
37,37,0021900009,77.0,97.0,-20.0,20.0,-2.0,2.0
38,38,0021900009,85.0,99.0,-14.0,14.0,6.0,-6.0
39,39,0021900009,85.0,99.0,-14.0,14.0,0.0,0.0
40,40,0021900009,85.0,99.0,-14.0,14.0,0.0,0.0
41,41,0021900009,85.0,99.0,-14.0,14.0,0.0,0.0
42,42,0021900009,92.0,104.0,-12.0,12.0,2.0,-2.0
43,43,0021900009,92.0,104.0,-12.0,12.0,0.0,0.0
44,44,0021900009,92.0,104.0,-12.0,12.0,0.0,0.0
45,45,0021900009,97.0,104.0,-7.0,7.0,5.0,-5.0
46,46,0021900009,97.0,106.0,-9.0,9.0,-2.0,2.0
47,47,0021900009,97.0,106.0,-9.0,9.0,0.0,0.0
48,48,0021900009,97.0,106.0,-9.0,9.0,0.0,0.0
49,49,0021900009,97.0,106.0,-9.0,9.0,0.0,0.0
50,50,0021900009,97.0,106.0,-9.0,9.0,0.0,0.0
51,51,0021900009,97.0,106.0,-9.0,9.0,0.0,0.0
52,52,0021900009,100.0,108.0,-8.0,8.0,1.0,-1.0
0,0,0021900003,0.0,0.0,0.0,0.0,0.0,0.0
1,1,0021900003,8.0,16.0,-8.0,8.0,-7.0,7.0
2,2,0021900003,8.0,16.0,-8.0,8.0,0.0,0.0
3,3,0021900003,16.0,18.0,-2.0,2.0,6.0,-6.0
4,4,0021900003,16.0,18.0,-2.0,2.0,0.0,0.0
5,5,0021900003,16.0,18.0,-2.0,2.0,0.0,0.0
6,6,0021900003,16.0,18.0,-2.0,2.0,0.0,0.0
7,7,0021900003,16.0,22.0,-6.0,6.0,-4.0,4.0
8,8,0021900003,16.0,22.0,-6.0,6.0,0.0,0.0
9,9,0021900003,21.0,22.0,-1.0,1.0,5.0,-5.0
10,10,0021900003,23.0,24.0,-1.0,1.0,0.0,0.0
11,11,0021900003,23.0,31.0,-8.0,8.0,-7.0,7.0
12,12,0021900003,23.0,31.0,-8.0,8.0,0.0,0.0
13,13,0021900003,32.0,40.0,-8.0,8.0,0.0,0.0
14,14,0021900003,34.0,40.0,-6.0,6.0,2.0,-2.0
15,15,0021900003,34.0,40.0,-6.0,6.0,0.0,0.0
16,16,0021900003,39.0,44.0,-5.0,5.0,1.0,-1.0
17,17,0021900003,39.0,44.0,-5.0,5.0,0.0,0.0
18,18,0021900003,39.0,44.0,-5.0,5.0,0.0,0.0
19,19,0021900003,40.0,46.0,-6.0,6.0,-1.0,1.0
20,20,0021900003,40.0,46.0,-6.0,6.0,0.0,0.0
21,21,0021900003,40.0,48.0,-8.0,8.0,-2.0,2.0
22,22,0021900003,42.0,50.0,-8.0,8.0,0.0,0.0
23,23,0021900003,42.0,50.0,-8.0,8.0,0.0,0.0
24,24,0021900003,47.0,57.0,-10.0,10.0,-2.0,2.0
25,25,0021900003,47.0,57.0,-10.0,10.0,0.0,0.0
26,26,0021900003,47.0,60.0,-13.0,13.0,-3.0,3.0
27,27,0021900003,47.0,60.0,-13.0,13.0,0.0,0.0
28,28,0021900003,55.0,63.0,-8.0,8.0,5.0,-5.0
29,29,0021900003,75.0,73.0,2.0,-2.0,10.0,-10.0
30,30,0021900003,75.0,73.0,2.0,-2.0,0.0,0.0
31,31,0021900003,75.0,73.0,2.0,-2.0,0.0,0.0
32,32,0021900003,75.0,73.0,2.0,-2.0,0.0,0.0
33,33,0021900003,77.0,74.0,3.0,-3.0,1.0,-1.0
34,34,0021900003,77.0,74.0,3.0,-3.0,0.0,0.0
35,35,0021900003,82.0,82.0,0.0,0.0,-3.0,3.0
36,36,0021900003,82.0,82.0,0.0,0.0,0.0,0.0
37,37,0021900003,84.0,82.0,2.0,-2.0,2.0,-2.0
38,38,0021900003,84.0,82.0,2.0,-2.0,0.0,0.0
39,39,0021900003,86.0,84.0,2.0,-2.0,0.0,0.0
40,40,0021900003,98.0,99.0,-1.0,1.0,-3.0,3.0
41,41,0021900003,98.0,99.0,-1.0,1.0,0.0,0.0
42,42,0021900003,98.0,99.0,-1.0,1.0,0.0,0.0
43,43,0021900003,98.0,99.0,-1.0,1.0,0.0,0.0
44,44,0021900003,108.0,104.0,4.0,-4.0,5.0,-5.0
45,45,0021900003,115.0,105.0,10.0,-10.0,6.0,-6.0
46,46,0021900003,115.0,105.0,10.0,-10.0,0.0,0.0
47,47,0021900003,118.0,108.0,10.0,-10.0,0.0,0.0
48,48,0021900003,118.0,114.0,4.0,-4.0,-6.0,6.0
49,49,0021900003,118.0,114.0,4.0,-4.0,0.0,0.0
50,50,0021900003,118.0,118.0,0.0,0.0,-4.0,4.0
51,51,0021900003,118.0,118.0,0.0,0.0,0.0,0.0
52,52,0021900003,119.0,123.0,-4.0,4.0,-4.0,4.0
53,53,0021900003,119.0,123.0,-4.0,4.0,0.0,0.0
54,54,0021900003,119.0,123.0,-4.0,4.0,0.0,0.0
55,55,0021900003,119.0,123.0,-4.0,4.0,0.0,0.0
56,56,0021900003,119.0,123.0,-4.0,4.0,0.0,0.0
57,57,0021900003,119.0,123.0,-4.0,4.0,0.0,0.0
58,58,0021900003,119.0,123.0,-4.0,4.0,0.0,0.0
59,59,0021900003,119.0,123.0,-4.0,4.0,0.0,0.0
60,60,0021900003,119.0,123.0,-4.0,4.0,0.0,0.0
61,61,0021900003,119.0,123.0,-4.0,4.0,0.0,0.0
62,62,0021900003,119.0,123.0,-4.0,4.0,0.0,0.0
63,63,0021900003,125.0,126.0,-1.0,1.0,3.0,-3.0
64,64,0021900003,125.0,126.0,-1.0,1.0,0.0,0.0
65,65,0021900003,125.0,126.0,-1.0,1.0,0.0,0.0
66,66,0021900003,125.0,126.0,-1.0,1.0,0.0,0.0
0,0,0021900016,0.0,0.0,0.0,0.0,0.0,0.0
1,1,0021900016,16.0,7.0,9.0,-9.0,2.0,-2.0
2,2,0021900016,18.0,10.0,8.0,-8.0,-1.0,1.0
3,3,0021900016,18.0,10.0,8.0,-8.0,0.0,0.0
4,4,0021900016,20.0,12.0,8.0,-8.0,0.0,0.0
5,5,0021900016,27.0,17.0,10.0,-10.0,2.0,-2.0
6,6,0021900016,27.0,17.0,10.0,-10.0,0.0,0.0
7,7,0021900016,27.0,17.0,10.0,-10.0,0.0,0.0
8,8,0021900016,31.0,27.0,4.0,-4.0,-6.0,6.0
9,9,0021900016,35.0,29.0,6.0,-6.0,2.0,-2.0
10,10,0021900016,35.0,29.0,6.0,-6.0,0.0,0.0
11,11,0021900016,35.0,29.0,6.0,-6.0,0.0,0.0
12,12,0021900016,35.0,29.0,6.0,-6.0,0.0,0.0
13,13,0021900016,44.0,38.0,6.0,-6.0,0.0,0.0
14,14,0021900016,46.0,38.0,8.0,-8.0,2.0,-2.0
15,15,0021900016,46.0,38.0,8.0,-8.0,0.0,0.0
16,16,0021900016,52.0,42.0,10.0,-10.0,2.0,-2.0
17,17,0021900016,52.0,42.0,10.0,-10.0,0.0,0.0
18,18,0021900016,55.0,44.0,11.0,-11.0,1.0,-1.0
19,19,0021900016,55.0,44.0,11.0,-11.0,0.0,0.0
20,20,0021900016,57.0,44.0,13.0,-13.0,2.0,-2.0
21,21,0021900016,57.0,44.0,13.0,-13.0,0.0,0.0
22,22,0021900016,57.0,50.0,7.0,-7.0,-6.0,6.0
23,23,0021900016,57.0,50.0,7.0,-7.0,0.0,0.0
24,24,0021900016,57.0,50.0,7.0,-7.0,0.0,0.0
25,25,0021900016,62.0,50.0,12.0,-12.0,5.0,-5.0
26,26,0021900016,78.0,60.0,18.0,-18.0,6.0,-6.0
27,27,0021900016,90.0,68.0,22.0,-22.0,4.0,-4.0
28,28,0021900016,90.0,68.0,22.0,-22.0,0.0,0.0
29,29,0021900016,90.0,68.0,22.0,-22.0,0.0,0.0
30,30,0021900016,94.0,70.0,24.0,-24.0,2.0,-2.0
31,31,0021900016,94.0,70.0,24.0,-24.0,0.0,0.0
32,32,0021900016,99.0,73.0,26.0,-26.0,2.0,-2.0
33,33,0021900016,99.0,73.0,26.0,-26.0,0.0,0.0
34,34,0021900016,111.0,83.0,28.0,-28.0,2.0,-2.0
35,35,0021900016,111.0,83.0,28.0,-28.0,0.0,0.0
36,36,0021900016,125.0,99.0,26.0,-26.0,-2.0,2.0
37,37,0021900016,125.0,99.0,26.0,-26.0,0.0,0.0
38,38,0021900016,125.0,99.0,26.0,-26.0,0.0,0.0
39,39,0021900016,132.0,110.0,22.0,-22.0,-4.0,4.0
40,40,0021900016,132.0,110.0,22.0,-22.0,0.0,0.0
41,41,0021900016,132.0,110.0,22.0,-22.0,0.0,0.0
42,42,0021900016,132.0,110.0,22.0,-22.0,0.0,0.0
43,43,0021900016,132.0,110.0,22.0,-22.0,0.0,0.0
44,44,0021900016,132.0,110.0,22.0,-22.0,0.0,0.0
45,45,0021900016,132.0,110.0,22.0,-22.0,0.0,0.0
46,46,0021900016,141.0,122.0,19.0,-19.0,-3.0,3.0
0,0,0021900015,0.0,0.0,0.0,0.0,0.0,0.0
1,1,0021900015,5.0,17.0,-12.0,12.0,-8.0,8.0
2,2,0021900015,8.0,17.0,-9.0,9.0,3.0,-3.0
3,3,0021900015,8.0,17.0,-9.0,9.0,0.0,0.0
4,4,0021900015,8.0,17.0,-9.0,9.0,0.0,0.0
5,5,0021900015,8.0,19.0,-11.0,11.0,-2.0,2.0
6,6,0021900015,8.0,19.0,-11.0,11.0,0.0,0.0
7,7,0021900015,13.0,21.0,-8.0,8.0,3.0,-3.0
8,8,0021900015,13.0,21.0,-8.0,8.0,0.0,0.0
9,9,0021900015,15.0,26.0,-11.0,11.0,-3.0,3.0
10,10,0021900015,17.0,28.0,-11.0,11.0,0.0,0.0
11,11,0021900015,17.0,28.0,-11.0,11.0,0.0,0.0
12,12,0021900015,30.0,37.0,-7.0,7.0,4.0,-4.0
13,13,0021900015,30.0,37.0,-7.0,7.0,0.0,0.0
14,14,0021900015,30.0,37.0,-7.0,7.0,0.0,0.0
15,15,0021900015,30.0,37.0,-7.0,7.0,0.0,0.0
16,16,0021900015,33.0,40.0,-7.0,7.0,0.0,0.0
17,17,0021900015,36.0,43.0,-7.0,7.0,0.0,0.0
18,18,0021900015,36.0,43.0,-7.0,7.0,0.0,0.0
19,19,0021900015,36.0,43.0,-7.0,7.0,0.0,0.0
20,20,0021900015,43.0,54.0,-11.0,11.0,-4.0,4.0
21,21,0021900015,43.0,54.0,-11.0,11.0,0.0,0.0
22,22,0021900015,45.0,57.0,-12.0,12.0,-1.0,1.0
23,23,0021900015,45.0,57.0,-12.0,12.0,0.0,0.0
24,24,0021900015,45.0,57.0,-12.0,12.0,0.0,0.0
25,25,0021900015,50.0,62.0,-12.0,12.0,0.0,0.0
26,26,0021900015,50.0,62.0,-12.0,12.0,0.0,0.0
27,27,0021900015,59.0,75.0,-16.0,16.0,-4.0,4.0
28,28,0021900015,59.0,75.0,-16.0,16.0,0.0,0.0
29,29,0021900015,64.0,75.0,-11.0,11.0,5.0,-5.0
30,30,0021900015,64.0,75.0,-11.0,11.0,0.0,0.0
31,31,0021900015,64.0,75.0,-11.0,11.0,0.0,0.0
32,32,0021900015,71.0,80.0,-9.0,9.0,2.0,-2.0
33,33,0021900015,71.0,80.0,-9.0,9.0,0.0,0.0
34,34,0021900015,71.0,80.0,-9.0,9.0,0.0,0.0
35,35,0021900015,71.0,80.0,-9.0,9.0,0.0,0.0
36,36,0021900015,74.0,82.0,-8.0,8.0,1.0,-1.0
37,37,0021900015,74.0,82.0,-8.0,8.0,0.0,0.0
38,38,0021900015,80.0,87.0,-7.0,7.0,1.0,-1.0
39,39,0021900015,84.0,87.0,-3.0,3.0,4.0,-4.0
40,40,0021900015,84.0,87.0,-3.0,3.0,0.0,0.0
41,41,0021900015,91.0,95.0,-4.0,4.0,-1.0,1.0
42,42,0021900015,91.0,95.0,-4.0,4.0,0.0,0.0
43,43,0021900015,91.0,95.0,-4.0,4.0,0.0,0.0
44,44,0021900015,91.0,95.0,-4.0,4.0,0.0,0.0
45,45,0021900015,96.0,95.0,1.0,-1.0,5.0,-5.0
46,46,0021900015,96.0,95.0,1.0,-1.0,0.0,0.0
47,47,0021900015,98.0,95.0,3.0,-3.0,2.0,-2.0
48,48,0021900015,98.0,95.0,3.0,-3.0,0.0,0.0
49,49,0021900015,101.0,99.0,2.0,-2.0,-1.0,1.0
50,50,0021900015,106.0,100.0,6.0,-6.0,4.0,-4.0
51,51,0021900015,106.0,100.0,6.0,-6.0,0.0,0.0
52,52,0021900015,115.0,109.0,6.0,-6.0,0.0,0.0
53,53,0021900015,117.0,111.0,6.0,-6.0,0.0,0.0
54,54,0021900015,117.0,111.0,6.0,-6.0,0.0,0.0
55,55,0021900015,117.0,111.0,6.0,-6.0,0.0,0.0
0,0,0021900014,0.0,0.0,0.0,0.0,0.0,0.0
1,1,0021900014,15.0,9.0,6.0,-6.0,4.0,-4.0
2,2,0021900014,15.0,9.0,6.0,-6.0,0.0,0.0
3,3,0021900014,21.0,13.0,8.0,-8.0,2.0,-2.0
4,4,0021900014,21.0,13.0,8.0,-8.0,0.0,0.0
5,5,0021900014,21.0,13.0,8.0,-8.0,0.0,0.0
6,6,0021900014,21.0,13.0,8.0,-8.0,0.0,0.0
7,7,0021900014,33.0,23.0,10.0,-10.0,2.0,-2.0
8,8,0021900014,33.0,23.0,10.0,-10.0,0.0,0.0
9,9,0021900014,33.0,23.0,10.0,-10.0,0.0,0.0
10,10,0021900014,38.0,29.0,9.0,-9.0,-1.0,1.0
11,11,0021900014,38.0,29.0,9.0,-9.0,0.0,0.0
12,12,0021900014,44.0,41.0,3.0,-3.0,-6.0,6.0
13,13,0021900014,44.0,43.0,1.0,-1.0,-2.0,2.0
14,14,0021900014,44.0,43.0,1.0,-1.0,0.0,0.0
15,15,0021900014,44.0,43.0,1.0,-1.0,0.0,0.0
16,16,0021900014,44.0,43.0,1.0,-1.0,0.0,0.0
17,17,0021900014,48.0,47.0,1.0,-1.0,0.0,0.0
18,18,0021900014,48.0,47.0,1.0,-1.0,0.0,0.0
19,19,0021900014,48.0,47.0,1.0,-1.0,0.0,0.0
20,20,0021900014,51.0,49.0,2.0,-2.0,1.0,-1.0
21,21,0021900014,51.0,49.0,2.0,-2.0,0.0,0.0
22,22,0021900014,57.0,51.0,6.0,-6.0,4.0,-4.0
23,23,0021900014,60.0,58.0,2.0,-2.0,-4.0,4.0
24,24,0021900014,60.0,58.0,2.0,-2.0,0.0,0.0
25,25,0021900014,60.0,60.0,0.0,0.0,-2.0,2.0
26,26,0021900014,60.0,63.0,-3.0,3.0,-3.0,3.0
27,27,0021900014,60.0,63.0,-3.0,3.0,0.0,0.0
28,28,0021900014,62.0,65.0,-3.0,3.0,0.0,0.0
29,29,0021900014,62.0,67.0,-5.0,5.0,-2.0,2.0
30,30,0021900014,62.0,67.0,-5.0,5.0,0.0,0.0
31,31,0021900014,68.0,67.0,1.0,-1.0,6.0,-6.0
32,32,0021900014,68.0,67.0,1.0,-1.0,0.0,0.0
33,33,0021900014,68.0,67.0,1.0,-1.0,0.0,0.0
34,34,0021900014,71.0,69.0,2.0,-2.0,1.0,-1.0
35,35,0021900014,71.0,69.0,2.0,-2.0,0.0,0.0
36,36,0021900014,73.0,71.0,2.0,-2.0,0.0,0.0
37,37,0021900014,73.0,71.0,2.0,-2.0,0.0,0.0
38,38,0021900014,76.0,73.0,3.0,-3.0,1.0,-1.0
39,39,0021900014,80.0,75.0,5.0,-5.0,2.0,-2.0
40,40,0021900014,80.0,75.0,5.0,-5.0,0.0,0.0
41,41,0021900014,80.0,75.0,5.0,-5.0,0.0,0.0
42,42,0021900014,82.0,77.0,5.0,-5.0,0.0,0.0
43,43,0021900014,93.0,83.0,10.0,-10.0,5.0,-5.0
44,44,0021900014,93.0,83.0,10.0,-10.0,0.0,0.0
45,45,0021900014,97.0,83.0,14.0,-14.0,4.0,-4.0
46,46,0021900014,97.0,83.0,14.0,-14.0,0.0,0.0
47,47,0021900014,97.0,83.0,14.0,-14.0,0.0,0.0
48,48,0021900014,97.0,86.0,11.0,-11.0,-3.0,3.0
49,49,0021900014,97.0,86.0,11.0,-11.0,0.0,0.0
50,50,0021900014,97.0,86.0,11.0,-11.0,0.0,0.0
51,51,0021900014,97.0,86.0,11.0,-11.0,0.0,0.0
52,52,0021900014,98.0,92.0,6.0,-6.0,-5.0,5.0
53,53,0021900014,102.0,92.0,10.0,-10.0,4.0,-4.0
54,54,0021900014,105.0,92.0,13.0,-13.0,3.0,-3.0
55,55,0021900014,105.0,94.0,11.0,-11.0,-2.0,2.0
56,56,0021900014,109.0,98.0,11.0,-11.0,0.0,0.0
57,57,0021900014,109.0,98.0,11.0,-11.0,0.0,0.0
58,58,0021900014,116.0,100.0,16.0,-16.0,5.0,-5.0
0,0,0021900025,0.0,0.0,0.0,0.0,0.0,0.0
1,1,0021900025,8.0,7.0,1.0,-1.0,0.0,0.0
2,2,0021900025,12.0,14.0,-2.0,2.0,-3.0,3.0
3,3,0021900025,12.0,14.0,-2.0,2.0,0.0,0.0
4,4,0021900025,15.0,14.0,1.0,-1.0,3.0,-3.0
5,5,0021900025,15.0,14.0,1.0,-1.0,0.0,0.0
6,6,0021900025,15.0,20.0,-5.0,5.0,-6.0,6.0
7,7,0021900025,15.0,20.0,-5.0,5.0,0.0,0.0
8,8,0021900025,15.0,20.0,-5.0,5.0,0.0,0.0
9,9,0021900025,15.0,20.0,-5.0,5.0,0.0,0.0
10,10,0021900025,19.0,29.0,-10.0,10.0,-5.0,5.0
11,11,0021900025,19.0,29.0,-10.0,10.0,0.0,0.0
12,12,0021900025,19.0,29.0,-10.0,10.0,0.0,0.0
13,13,0021900025,19.0,29.0,-10.0,10.0,0.0,0.0
14,14,0021900025,22.0,32.0,-10.0,10.0,0.0,0.0
15,15,0021900025,22.0,32.0,-10.0,10.0,0.0,0.0
16,16,0021900025,22.0,32.0,-10.0,10.0,0.0,0.0
17,17,0021900025,22.0,32.0,-10.0,10.0,0.0,0.0
18,18,0021900025,26.0,34.0,-8.0,8.0,2.0,-2.0
19,19,0021900025,26.0,34.0,-8.0,8.0,0.0,0.0
20,20,0021900025,26.0,34.0,-8.0,8.0,0.0,0.0
21,21,0021900025,30.0,36.0,-6.0,6.0,2.0,-2.0
22,22,0021900025,35.0,40.0,-5.0,5.0,1.0,-1.0
23,23,0021900025,49.0,56.0,-7.0,7.0,-2.0,2.0
24,24,0021900025,51.0,60.0,-9.0,9.0,-2.0,2.0
25,25,0021900025,51.0,60.0,-9.0,9.0,0.0,0.0
26,26,0021900025,51.0,60.0,-9.0,9.0,0.0,0.0
27,27,0021900025,51.0,60.0,-9.0,9.0,0.0,0.0
28,28,0021900025,51.0,60.0,-9.0,9.0,0.0,0.0
29,29,0021900025,51.0,60.0,-9.0,9.0,0.0,0.0
30,30,0021900025,53.0,65.0,-12.0,12.0,-3.0,3.0
31,31,0021900025,53.0,65.0,-12.0,12.0,0.0,0.0
32,32,0021900025,53.0,65.0,-12.0,12.0,0.0,0.0
33,33,0021900025,55.0,68.0,-13.0,13.0,-1.0,1.0
34,34,0021900025,60.0,79.0,-19.0,19.0,-6.0,6.0
35,35,0021900025,60.0,79.0,-19.0,19.0,0.0,0.0
36,36,0021900025,60.0,79.0,-19.0,19.0,0.0,0.0
37,37,0021900025,63.0,79.0,-16.0,16.0,3.0,-3.0
38,38,0021900025,63.0,79.0,-16.0,16.0,0.0,0.0
39,39,0021900025,63.0,79.0,-16.0,16.0,0.0,0.0
40,40,0021900025,63.0,79.0,-16.0,16.0,0.0,0.0
41,41,0021900025,68.0,81.0,-13.0,13.0,3.0,-3.0
42,42,0021900025,68.0,81.0,-13.0,13.0,0.0,0.0
43,43,0021900025,68.0,85.0,-17.0,17.0,-4.0,4.0
44,44,0021900025,68.0,85.0,-17.0,17.0,0.0,0.0
45,45,0021900025,68.0,85.0,-17.0,17.0,0.0,0.0
46,46,0021900025,68.0,85.0,-17.0,17.0,0.0,0.0
47,47,0021900025,72.0,87.0,-15.0,15.0,2.0,-2.0
48,48,0021900025,72.0,87.0,-15.0,15.0,0.0,0.0
49,49,0021900025,74.0,90.0,-16.0,16.0,-1.0,1.0
50,50,0021900025,74.0,90.0,-16.0,16.0,0.0,0.0
51,51,0021900025,78.0,92.0,-14.0,14.0,2.0,-2.0
52,52,0021900025,84.0,95.0,-11.0,11.0,3.0,-3.0
53,53,0021900025,84.0,95.0,-11.0,11.0,0.0,0.0
54,54,0021900025,84.0,95.0,-11.0,11.0,0.0,0.0
0,0,0021900019,0.0,0.0,0.0,0.0,0.0,0.0
1,1,0021900019,12.0,15.0,-3.0,3.0,-2.0,2.0
2,2,0021900019,12.0,15.0,-3.0,3.0,0.0,0.0
3,3,0021900019,12.0,15.0,-3.0,3.0,0.0,0.0
4,4,0021900019,12.0,15.0,-3.0,3.0,0.0,0.0
5,5,0021900019,12.0,15.0,-3.0,3.0,0.0,0.0
6,6,0021900019,14.0,16.0,-2.0,2.0,1.0,-1.0
7,7,0021900019,14.0,18.0,-4.0,4.0,-2.0,2.0
8,8,0021900019,14.0,20.0,-6.0,6.0,-2.0,2.0
9,9,0021900019,14.0,20.0,-6.0,6.0,0.0,0.0
10,10,0021900019,17.0,20.0,-3.0,3.0,3.0,-3.0
11,11,0021900019,23.0,27.0,-4.0,4.0,-1.0,1.0
12,12,0021900019,23.0,37.0,-14.0,14.0,-10.0,10.0
13,13,0021900019,23.0,37.0,-14.0,14.0,0.0,0.0
14,14,0021900019,25.0,37.0,-12.0,12.0,2.0,-2.0
15,15,0021900019,32.0,42.0,-10.0,10.0,2.0,-2.0
16,16,0021900019,32.0,42.0,-10.0,10.0,0.0,0.0
17,17,0021900019,34.0,46.0,-12.0,12.0,-2.0,2.0
18,18,0021900019,34.0,46.0,-12.0,12.0,0.0,0.0
19,19,0021900019,34.0,46.0,-12.0,12.0,0.0,0.0
20,20,0021900019,34.0,46.0,-12.0,12.0,0.0,0.0
21,21,0021900019,34.0,46.0,-12.0,12.0,0.0,0.0
22,22,0021900019,41.0,53.0,-12.0,12.0,0.0,0.0
23,23,0021900019,41.0,53.0,-12.0,12.0,0.0,0.0
24,24,0021900019,46.0,56.0,-10.0,10.0,2.0,-2.0
25,25,0021900019,61.0,76.0,-15.0,15.0,-5.0,5.0
26,26,0021900019,69.0,81.0,-12.0,12.0,3.0,-3.0
27,27,0021900019,69.0,81.0,-12.0,12.0,0.0,0.0
28,28,0021900019,69.0,81.0,-12.0,12.0,0.0,0.0
29,29,0021900019,71.0,82.0,-11.0,11.0,1.0,-1.0
30,30,0021900019,71.0,82.0,-11.0,11.0,0.0,0.0
31,31,0021900019,73.0,87.0,-14.0,14.0,-3.0,3.0
32,32,0021900019,73.0,87.0,-14.0,14.0,0.0,0.0
33,33,0021900019,73.0,87.0,-14.0,14.0,0.0,0.0
34,34,0021900019,77.0,92.0,-15.0,15.0,-1.0,1.0
35,35,0021900019,77.0,92.0,-15.0,15.0,0.0,0.0
36,36,0021900019,77.0,92.0,-15.0,15.0,0.0,0.0
37,37,0021900019,77.0,92.0,-15.0,15.0,0.0,0.0
38,38,0021900019,77.0,92.0,-15.0,15.0,0.0,0.0
39,39,0021900019,89.0,96.0,-7.0,7.0,8.0,-8.0
40,40,0021900019,94.0,98.0,-4.0,4.0,3.0,-3.0
41,41,0021900019,94.0,98.0,-4.0,4.0,0.0,0.0
42,42,0021900019,94.0,98.0,-4.0,4.0,0.0,0.0
43,43,0021900019,94.0,98.0,-4.0,4.0,0.0,0.0
44,44,0021900019,94.0,104.0,-10.0,10.0,-6.0,6.0
45,45,0021900019,96.0,104.0,-8.0,8.0,2.0,-2.0
46,46,0021900019,96.0,104.0,-8.0,8.0,0.0,0.0
47,47,0021900019,96.0,104.0,-8.0,8.0,0.0,0.0
48,48,0021900019,96.0,104.0,-8.0,8.0,0.0,0.0
49,49,0021900019,99.0,104.0,-5.0,5.0,3.0,-3.0
50,50,0021900019,109.0,111.0,-2.0,2.0,3.0,-3.0
51,51,0021900019,109.0,111.0,-2.0,2.0,0.0,0.0
52,52,0021900019,109.0,111.0,-2.0,2.0,0.0,0.0
0,0,0021900017,0.0,0.0,0.0,0.0,0.0,0.0
1,1,0021900017,10.0,9.0,1.0,-1.0,3.0,-3.0
2,2,0021900017,10.0,9.0,1.0,-1.0,0.0,0.0
3,3,0021900017,10.0,9.0,1.0,-1.0,0.0,0.0
4,4,0021900017,12.0,13.0,-1.0,1.0,-2.0,2.0
5,5,0021900017,12.0,13.0,-1.0,1.0,0.0,0.0
6,6,0021900017,14.0,15.0,-1.0,1.0,0.0,0.0
7,7,0021900017,15.0,17.0,-2.0,2.0,-1.0,1.0
8,8,0021900017,21.0,22.0,-1.0,1.0,1.0,-1.0
9,9,0021900017,21.0,22.0,-1.0,1.0,0.0,0.0
10,10,0021900017,21.0,22.0,-1.0,1.0,0.0,0.0
11,11,0021900017,26.0,24.0,2.0,-2.0,3.0,-3.0
12,12,0021900017,30.0,29.0,1.0,-1.0,-1.0,1.0
13,13,0021900017,30.0,29.0,1.0,-1.0,0.0,0.0
14,14,0021900017,30.0,31.0,-1.0,1.0,-2.0,2.0
15,15,0021900017,33.0,34.0,-1.0,1.0,0.0,0.0
16,16,0021900017,33.0,34.0,-1.0,1.0,0.0,0.0
17,17,0021900017,33.0,38.0,-5.0,5.0,-4.0,4.0
18,18,0021900017,38.0,38.0,0.0,0.0,5.0,-5.0
19,19,0021900017,38.0,38.0,0.0,0.0,0.0,0.0
20,20,0021900017,46.0,42.0,4.0,-4.0,4.0,-4.0
21,21,0021900017,49.0,48.0,1.0,-1.0,-3.0,3.0
22,22,0021900017,49.0,48.0,1.0,-1.0,0.0,0.0
23,23,0021900017,49.0,48.0,1.0,-1.0,0.0,0.0
24,24,0021900017,57.0,59.0,-2.0,2.0,-3.0,3.0
25,25,0021900017,62.0,61.0,1.0,-1.0,3.0,-3.0
26,26,0021900017,69.0,64.0,5.0,-5.0,4.0,-4.0
27,27,0021900017,69.0,64.0,5.0,-5.0,0.0,0.0
28,28,0021900017,71.0,66.0,5.0,-5.0,0.0,0.0
29,29,0021900017,71.0,66.0,5.0,-5.0,0.0,0.0
30,30,0021900017,75.0,72.0,3.0,-3.0,-2.0,2.0
31,31,0021900017,78.0,76.0,2.0,-2.0,-1.0,1.0
32,32,0021900017,78.0,76.0,2.0,-2.0,0.0,0.0
33,33,0021900017,89.0,82.0,7.0,-7.0,5.0,-5.0
34,34,0021900017,89.0,82.0,7.0,-7.0,0.0,0.0
35,35,0021900017,89.0,84.0,5.0,-5.0,-2.0,2.0
36,36,0021900017,89.0,87.0,2.0,-2.0,-3.0,3.0
37,37,0021900017,98.0,93.0,5.0,-5.0,3.0,-3.0
38,38,0021900017,98.0,93.0,5.0,-5.0,0.0,0.0
39,39,0021900017,98.0,93.0,5.0,-5.0,0.0,0.0
40,40,0021900017,98.0,99.0,-1.0,1.0,-6.0,6.0
41,41,0021900017,104.0,99.0,5.0,-5.0,6.0,-6.0
42,42,0021900017,106.0,110.0,-4.0,4.0,-9.0,9.0
43,43,0021900017,106.0,110.0,-4.0,4.0,0.0,0.0
44,44,0021900017,106.0,110.0,-4.0,4.0,0.0,0.0
45,45,0021900017,106.0,110.0,-4.0,4.0,0.0,0.0
0,0,0021900024,0.0,0.0,0.0,0.0,0.0,0.0
1,1,0021900024,9.0,7.0,2.0,-2.0,0.0,0.0
2,2,0021900024,17.0,22.0,-5.0,5.0,-7.0,7.0
3,3,0021900024,17.0,22.0,-5.0,5.0,0.0,0.0
4,4,0021900024,17.0,22.0,-5.0,5.0,0.0,0.0
5,5,0021900024,17.0,22.0,-5.0,5.0,0.0,0.0
6,6,0021900024,21.0,25.0,-4.0,4.0,1.0,-1.0
7,7,0021900024,21.0,25.0,-4.0,4.0,0.0,0.0
8,8,0021900024,21.0,25.0,-4.0,4.0,0.0,0.0
9,9,0021900024,32.0,30.0,2.0,-2.0,6.0,-6.0
10,10,0021900024,32.0,30.0,2.0,-2.0,0.0,0.0
11,11,0021900024,34.0,35.0,-1.0,1.0,-3.0,3.0
12,12,0021900024,39.0,41.0,-2.0,2.0,-1.0,1.0
13,13,0021900024,39.0,41.0,-2.0,2.0,0.0,0.0
14,14,0021900024,39.0,41.0,-2.0,2.0,0.0,0.0
15,15,0021900024,43.0,47.0,-4.0,4.0,-2.0,2.0
16,16,0021900024,43.0,47.0,-4.0,4.0,0.0,0.0
17,17,0021900024,43.0,47.0,-4.0,4.0,0.0,0.0
18,18,0021900024,43.0,47.0,-4.0,4.0,0.0,0.0
19,19,0021900024,75.0,65.0,10.0,-10.0,14.0,-14.0
20,20,0021900024,75.0,65.0,10.0,-10.0,0.0,0.0
21,21,0021900024,75.0,74.0,1.0,-1.0,-9.0,9.0
22,22,0021900024,75.0,74.0,1.0,-1.0,0.0,0.0
23,23,0021900024,75.0,74.0,1.0,-1.0,0.0,0.0
24,24,0021900024,79.0,74.0,5.0,-5.0,4.0,-4.0
25,25,0021900024,79.0,74.0,5.0,-5.0,0.0,0.0
26,26,0021900024,79.0,74.0,5.0,-5.0,0.0,0.0
27,27,0021900024,79.0,74.0,5.0,-5.0,0.0,0.0
28,28,0021900024,85.0,76.0,9.0,-9.0,4.0,-4.0
29,29,0021900024,85.0,76.0,9.0,-9.0,0.0,0.0
30,30,0021900024,92.0,78.0,14.0,-14.0,5.0,-5.0
31,31,0021900024,96.0,88.0,8.0,-8.0,-6.0,6.0
32,32,0021900024,98.0,91.0,7.0,-7.0,-1.0,1.0
33,33,0021900024,98.0,91.0,7.0,-7.0,0.0,0.0
34,34,0021900024,98.0,91.0,7.0,-7.0,0.0,0.0
35,35,0021900024,98.0,91.0,7.0,-7.0,0.0,0.0
36,36,0021900024,102.0,95.0,7.0,-7.0,0.0,0.0
37,37,0021900024,119.0,99.0,20.0,-20.0,13.0,-13.0
38,38,0021900024,122.0,104.0,18.0,-18.0,-2.0,2.0
39,39,0021900024,122.0,104.0,18.0,-18.0,0.0,0.0
40,40,0021900024,122.0,104.0,18.0,-18.0,0.0,0.0
41,41,0021900024,122.0,104.0,18.0,-18.0,0.0,0.0
42,42,0021900024,122.0,104.0,18.0,-18.0,0.0,0.0
43,43,0021900024,122.0,104.0,18.0,-18.0,0.0,0.0
44,44,0021900024,122.0,104.0,18.0,-18.0,0.0,0.0
45,45,0021900024,122.0,104.0,18.0,-18.0,0.0,0.0
46,46,0021900024,122.0,104.0,18.0,-18.0,0.0,0.0
47,47,0021900024,122.0,112.0,10.0,-10.0,-8.0,8.0
0,0,0021900023,0.0,0.0,0.0,0.0,0.0,0.0
1,1,0021900023,12.0,10.0,2.0,-2.0,2.0,-2.0
2,2,0021900023,12.0,10.0,2.0,-2.0,0.0,0.0
3,3,0021900023,12.0,10.0,2.0,-2.0,0.0,0.0
4,4,0021900023,12.0,10.0,2.0,-2.0,0.0,0.0
5,5,0021900023,14.0,12.0,2.0,-2.0,0.0,0.0
6,6,0021900023,14.0,12.0,2.0,-2.0,0.0,0.0
7,7,0021900023,16.0,12.0,4.0,-4.0,2.0,-2.0
8,8,0021900023,19.0,12.0,7.0,-7.0,3.0,-3.0
9,9,0021900023,19.0,14.0,5.0,-5.0,-2.0,2.0
10,10,0021900023,19.0,14.0,5.0,-5.0,0.0,0.0
11,11,0021900023,23.0,17.0,6.0,-6.0,1.0,-1.0
12,12,0021900023,25.0,20.0,5.0,-5.0,-1.0,1.0
13,13,0021900023,25.0,20.0,5.0,-5.0,0.0,0.0
14,14,0021900023,28.0,22.0,6.0,-6.0,1.0,-1.0
15,15,0021900023,32.0,22.0,10.0,-10.0,4.0,-4.0
16,16,0021900023,32.0,22.0,10.0,-10.0,0.0,0.0
17,17,0021900023,32.0,22.0,10.0,-10.0,0.0,0.0
18,18,0021900023,37.0,25.0,12.0,-12.0,2.0,-2.0
19,19,0021900023,37.0,25.0,12.0,-12.0,0.0,0.0
20,20,0021900023,37.0,25.0,12.0,-12.0,0.0,0.0
21,21,0021900023,39.0,30.0,9.0,-9.0,-3.0,3.0
22,22,0021900023,41.0,32.0,9.0,-9.0,0.0,0.0
23,23,0021900023,45.0,39.0,6.0,-6.0,-3.0,3.0
24,24,0021900023,45.0,39.0,6.0,-6.0,0.0,0.0
25,25,0021900023,52.0,50.0,2.0,-2.0,-4.0,4.0
26,26,0021900023,55.0,52.0,3.0,-3.0,1.0,-1.0
27,27,0021900023,55.0,52.0,3.0,-3.0,0.0,0.0
28,28,0021900023,55.0,56.0,-1.0,1.0,-4.0,4.0
29,29,0021900023,55.0,56.0,-1.0,1.0,0.0,0.0
30,30,0021900023,55.0,56.0,-1.0,1.0,0.0,0.0
31,31,0021900023,55.0,56.0,-1.0,1.0,0.0,0.0
32,32,0021900023,64.0,64.0,0.0,0.0,1.0,-1.0
33,33,0021900023,66.0,67.0,-1.0,1.0,-1.0,1.0
34,34,0021900023,68.0,70.0,-2.0,2.0,-1.0,1.0
35,35,0021900023,68.0,70.0,-2.0,2.0,0.0,0.0
36,36,0021900023,68.0,73.0,-5.0,5.0,-3.0,3.0
37,37,0021900023,68.0,73.0,-5.0,5.0,0.0,0.0
38,38,0021900023,73.0,78.0,-5.0,5.0,0.0,0.0
39,39,0021900023,73.0,78.0,-5.0,5.0,0.0,0.0
40,40,0021900023,73.0,78.0,-5.0,5.0,0.0,0.0
41,41,0021900023,76.0,79.0,-3.0,3.0,2.0,-2.0
42,42,0021900023,80.0,87.0,-7.0,7.0,-4.0,4.0
43,43,0021900023,80.0,87.0,-7.0,7.0,0.0,0.0
44,44,0021900023,80.0,87.0,-7.0,7.0,0.0,0.0
45,45,0021900023,80.0,87.0,-7.0,7.0,0.0,0.0
46,46,0021900023,85.0,90.0,-5.0,5.0,2.0,-2.0
47,47,0021900023,85.0,90.0,-5.0,5.0,0.0,0.0
48,48,0021900023,89.0,92.0,-3.0,3.0,2.0,-2.0
49,49,0021900023,89.0,92.0,-3.0,3.0,0.0,0.0
50,50,0021900023,89.0,92.0,-3.0,3.0,0.0,0.0
51,51,0021900023,89.0,92.0,-3.0,3.0,0.0,0.0
52,52,0021900023,89.0,92.0,-3.0,3.0,0.0,0.0
53,53,0021900023,89.0,92.0,-3.0,3.0,0.0,0.0
54,54,0021900023,92.0,93.0,-1.0,1.0,2.0,-2.0
55,55,0021900023,92.0,93.0,-1.0,1.0,0.0,0.0
56,56,0021900023,92.0,93.0,-1.0,1.0,0.0,0.0
0,0,0021900018,0.0,0.0,0.0,0.0,0.0,0.0
1,1,0021900018,6.0,9.0,-3.0,3.0,0.0,0.0
2,2,0021900018,6.0,9.0,-3.0,3.0,0.0,0.0
3,3,0021900018,12.0,22.0,-10.0,10.0,-7.0,7.0
4,4,0021900018,12.0,22.0,-10.0,10.0,0.0,0.0
5,5,0021900018,12.0,24.0,-12.0,12.0,-2.0,2.0
6,6,0021900018,12.0,24.0,-12.0,12.0,0.0,0.0
7,7,0021900018,12.0,24.0,-12.0,12.0,0.0,0.0
8,8,0021900018,17.0,27.0,-10.0,10.0,2.0,-2.0
9,9,0021900018,19.0,27.0,-8.0,8.0,2.0,-2.0
10,10,0021900018,25.0,30.0,-5.0,5.0,3.0,-3.0
11,11,0021900018,25.0,30.0,-5.0,5.0,0.0,0.0
12,12,0021900018,37.0,36.0,1.0,-1.0,6.0,-6.0
13,13,0021900018,37.0,39.0,-2.0,2.0,-3.0,3.0
14,14,0021900018,37.0,41.0,-4.0,4.0,-2.0,2.0
15,15,0021900018,37.0,41.0,-4.0,4.0,0.0,0.0
16,16,0021900018,39.0,45.0,-6.0,6.0,-2.0,2.0
17,17,0021900018,39.0,45.0,-6.0,6.0,0.0,0.0
18,18,0021900018,39.0,45.0,-6.0,6.0,0.0,0.0
19,19,0021900018,39.0,45.0,-6.0,6.0,0.0,0.0
20,20,0021900018,44.0,45.0,-1.0,1.0,5.0,-5.0
21,21,0021900018,46.0,45.0,1.0,-1.0,2.0,-2.0
22,22,0021900018,46.0,45.0,1.0,-1.0,0.0,0.0
23,23,0021900018,46.0,45.0,1.0,-1.0,0.0,0.0
24,24,0021900018,51.0,52.0,-1.0,1.0,-2.0,2.0
25,25,0021900018,51.0,52.0,-1.0,1.0,0.0,0.0
26,26,0021900018,51.0,52.0,-1.0,1.0,0.0,0.0
27,27,0021900018,51.0,52.0,-1.0,1.0,0.0,0.0
28,28,0021900018,57.0,55.0,2.0,-2.0,3.0,-3.0
29,29,0021900018,57.0,55.0,2.0,-2.0,0.0,0.0
30,30,0021900018,57.0,55.0,2.0,-2.0,0.0,0.0
31,31,0021900018,57.0,55.0,2.0,-2.0,0.0,0.0
32,32,0021900018,57.0,55.0,2.0,-2.0,0.0,0.0
33,33,0021900018,73.0,68.0,5.0,-5.0,3.0,-3.0
34,34,0021900018,73.0,68.0,5.0,-5.0,0.0,0.0
35,35,0021900018,78.0,72.0,6.0,-6.0,1.0,-1.0
36,36,0021900018,78.0,72.0,6.0,-6.0,0.0,0.0
37,37,0021900018,78.0,72.0,6.0,-6.0,0.0,0.0
38,38,0021900018,78.0,72.0,6.0,-6.0,0.0,0.0
39,39,0021900018,78.0,72.0,6.0,-6.0,0.0,0.0
40,40,0021900018,83.0,72.0,11.0,-11.0,5.0,-5.0
41,41,0021900018,91.0,75.0,16.0,-16.0,5.0,-5.0
42,42,0021900018,97.0,75.0,22.0,-22.0,6.0,-6.0
43,43,0021900018,97.0,75.0,22.0,-22.0,0.0,0.0
44,44,0021900018,97.0,75.0,22.0,-22.0,0.0,0.0
45,45,0021900018,97.0,75.0,22.0,-22.0,0.0,0.0
46,46,0021900018,103.0,85.0,18.0,-18.0,-4.0,4.0
47,47,0021900018,106.0,85.0,21.0,-21.0,3.0,-3.0
48,48,0021900018,111.0,87.0,24.0,-24.0,3.0,-3.0
49,49,0021900018,111.0,87.0,24.0,-24.0,0.0,0.0
50,50,0021900018,111.0,87.0,24.0,-24.0,0.0,0.0
51,51,0021900018,115.0,90.0,25.0,-25.0,1.0,-1.0
52,52,0021900018,115.0,90.0,25.0,-25.0,0.0,0.0
53,53,0021900018,115.0,90.0,25.0,-25.0,0.0,0.0
54,54,0021900018,115.0,90.0,25.0,-25.0,0.0,0.0
55,55,0021900018,115.0,90.0,25.0,-25.0,0.0,0.0
56,56,0021900018,115.0,93.0,22.0,-22.0,-3.0,3.0
57,57,0021900018,121.0,99.0,22.0,-22.0,0.0,0.0
0,0,0021900020,0.0,0.0,0.0,0.0,0.0,0.0
1,1,0021900020,9.0,9.0,0.0,0.0,0.0,0.0
2,2,0021900020,9.0,9.0,0.0,0.0,0.0,0.0
3,3,0021900020,11.0,17.0,-6.0,6.0,-6.0,6.0
4,4,0021900020,11.0,17.0,-6.0,6.0,0.0,0.0
5,5,0021900020,11.0,17.0,-6.0,6.0,0.0,0.0
6,6,0021900020,13.0,20.0,-7.0,7.0,-1.0,1.0
7,7,0021900020,16.0,20.0,-4.0,4.0,3.0,-3.0
8,8,0021900020,16.0,20.0,-4.0,4.0,0.0,0.0
9,9,0021900020,16.0,20.0,-4.0,4.0,0.0,0.0
10,10,0021900020,28.0,37.0,-9.0,9.0,-5.0,5.0
11,11,0021900020,28.0,37.0,-9.0,9.0,0.0,0.0
12,12,0021900020,32.0,42.0,-10.0,10.0,-1.0,1.0
13,13,0021900020,32.0,42.0,-10.0,10.0,0.0,0.0
14,14,0021900020,32.0,42.0,-10.0,10.0,0.0,0.0
15,15,0021900020,32.0,42.0,-10.0,10.0,0.0,0.0
16,16,0021900020,32.0,42.0,-10.0,10.0,0.0,0.0
17,17,0021900020,34.0,42.0,-8.0,8.0,2.0,-2.0
18,18,0021900020,34.0,42.0,-8.0,8.0,0.0,0.0
19,19,0021900020,34.0,42.0,-8.0,8.0,0.0,0.0
20,20,0021900020,34.0,42.0,-8.0,8.0,0.0,0.0
21,21,0021900020,38.0,50.0,-12.0,12.0,-4.0,4.0
22,22,0021900020,38.0,52.0,-14.0,14.0,-2.0,2.0
23,23,0021900020,38.0,52.0,-14.0,14.0,0.0,0.0
24,24,0021900020,38.0,52.0,-14.0,14.0,0.0,0.0
25,25,0021900020,46.0,58.0,-12.0,12.0,2.0,-2.0
26,26,0021900020,56.0,63.0,-7.0,7.0,5.0,-5.0
27,27,0021900020,56.0,67.0,-11.0,11.0,-4.0,4.0
28,28,0021900020,59.0,67.0,-8.0,8.0,3.0,-3.0
29,29,0021900020,64.0,73.0,-9.0,9.0,-1.0,1.0
30,30,0021900020,64.0,73.0,-9.0,9.0,0.0,0.0
31,31,0021900020,64.0,73.0,-9.0,9.0,0.0,0.0
32,32,0021900020,66.0,75.0,-9.0,9.0,0.0,0.0
33,33,0021900020,66.0,75.0,-9.0,9.0,0.0,0.0
34,34,0021900020,66.0,75.0,-9.0,9.0,0.0,0.0
35,35,0021900020,68.0,75.0,-7.0,7.0,2.0,-2.0
36,36,0021900020,72.0,79.0,-7.0,7.0,0.0,0.0
37,37,0021900020,74.0,79.0,-5.0,5.0,2.0,-2.0
38,38,0021900020,79.0,83.0,-4.0,4.0,1.0,-1.0
39,39,0021900020,79.0,83.0,-4.0,4.0,0.0,0.0
40,40,0021900020,82.0,87.0,-5.0,5.0,-1.0,1.0
41,41,0021900020,82.0,87.0,-5.0,5.0,0.0,0.0
42,42,0021900020,82.0,87.0,-5.0,5.0,0.0,0.0
43,43,0021900020,82.0,87.0,-5.0,5.0,0.0,0.0
44,44,0021900020,82.0,87.0,-5.0,5.0,0.0,0.0
45,45,0021900020,82.0,89.0,-7.0,7.0,-2.0,2.0
46,46,0021900020,92.0,94.0,-2.0,2.0,5.0,-5.0
47,47,0021900020,98.0,99.0,-1.0,1.0,1.0,-1.0
48,48,0021900020,102.0,101.0,1.0,-1.0,2.0,-2.0
49,49,0021900020,102.0,101.0,1.0,-1.0,0.0,0.0
50,50,0021900020,102.0,101.0,1.0,-1.0,0.0,0.0
51,51,0021900020,102.0,101.0,1.0,-1.0,0.0,0.0
52,52,0021900020,110.0,102.0,8.0,-8.0,7.0,-7.0
0,0,0021900021,0.0,0.0,0.0,0.0,0.0,0.0
1,1,0021900021,8.0,7.0,1.0,-1.0,0.0,0.0
2,2,0021900021,8.0,7.0,1.0,-1.0,0.0,0.0
3,3,0021900021,18.0,29.0,-11.0,11.0,-12.0,12.0
4,4,0021900021,18.0,29.0,-11.0,11.0,0.0,0.0
5,5,0021900021,18.0,29.0,-11.0,11.0,0.0,0.0
6,6,0021900021,23.0,32.0,-9.0,9.0,2.0,-2.0
7,7,0021900021,23.0,34.0,-11.0,11.0,-2.0,2.0
8,8,0021900021,23.0,34.0,-11.0,11.0,0.0,0.0
9,9,0021900021,25.0,34.0,-9.0,9.0,2.0,-2.0
10,10,0021900021,37.0,45.0,-8.0,8.0,1.0,-1.0
11,11,0021900021,37.0,45.0,-8.0,8.0,0.0,0.0
12,12,0021900021,37.0,47.0,-10.0,10.0,-2.0,2.0
13,13,0021900021,40.0,53.0,-13.0,13.0,-3.0,3.0
14,14,0021900021,40.0,53.0,-13.0,13.0,0.0,0.0
15,15,0021900021,40.0,53.0,-13.0,13.0,0.0,0.0
16,16,0021900021,45.0,53.0,-8.0,8.0,5.0,-5.0
17,17,0021900021,45.0,53.0,-8.0,8.0,0.0,0.0
18,18,0021900021,45.0,53.0,-8.0,8.0,0.0,0.0
19,19,0021900021,52.0,55.0,-3.0,3.0,5.0,-5.0
20,20,0021900021,52.0,55.0,-3.0,3.0,0.0,0.0
21,21,0021900021,61.0,57.0,4.0,-4.0,7.0,-7.0
22,22,0021900021,83.0,77.0,6.0,-6.0,2.0,-2.0
23,23,0021900021,83.0,77.0,6.0,-6.0,0.0,0.0
24,24,0021900021,83.0,77.0,6.0,-6.0,0.0,0.0
25,25,0021900021,83.0,77.0,6.0,-6.0,0.0,0.0
26,26,0021900021,90.0,82.0,8.0,-8.0,2.0,-2.0
27,27,0021900021,90.0,82.0,8.0,-8.0,0.0,0.0
28,28,0021900021,90.0,82.0,8.0,-8.0,0.0,0.0
29,29,0021900021,90.0,82.0,8.0,-8.0,0.0,0.0
30,30,0021900021,93.0,90.0,3.0,-3.0,-5.0,5.0
31,31,0021900021,93.0,90.0,3.0,-3.0,0.0,0.0
32,32,0021900021,98.0,93.0,5.0,-5.0,2.0,-2.0
33,33,0021900021,103.0,99.0,4.0,-4.0,-1.0,1.0
34,34,0021900021,103.0,99.0,4.0,-4.0,0.0,0.0
35,35,0021900021,103.0,99.0,4.0,-4.0,0.0,0.0
36,36,0021900021,109.0,105.0,4.0,-4.0,0.0,0.0
37,37,0021900021,109.0,105.0,4.0,-4.0,0.0,0.0
38,38,0021900021,109.0,105.0,4.0,-4.0,0.0,0.0
39,39,0021900021,109.0,105.0,4.0,-4.0,0.0,0.0
40,40,0021900021,109.0,105.0,4.0,-4.0,0.0,0.0
41,41,0021900021,109.0,109.0,0.0,0.0,-4.0,4.0
42,42,0021900021,109.0,109.0,0.0,0.0,0.0,0.0
43,43,0021900021,111.0,109.0,2.0,-2.0,2.0,-2.0
44,44,0021900021,115.0,112.0,3.0,-3.0,1.0,-1.0
45,45,0021900021,120.0,116.0,4.0,-4.0,1.0,-1.0
0,0,0021900022,0.0,0.0,0.0,0.0,0.0,0.0
1,1,0021900022,18.0,21.0,-3.0,3.0,-3.0,3.0
2,2,0021900022,18.0,21.0,-3.0,3.0,0.0,0.0
3,3,0021900022,18.0,21.0,-3.0,3.0,0.0,0.0
4,4,0021900022,18.0,21.0,-3.0,3.0,0.0,0.0
5,5,0021900022,18.0,21.0,-3.0,3.0,0.0,0.0
6,6,0021900022,18.0,21.0,-3.0,3.0,0.0,0.0
7,7,0021900022,22.0,23.0,-1.0,1.0,2.0,-2.0
8,8,0021900022,22.0,23.0,-1.0,1.0,0.0,0.0
9,9,0021900022,28.0,23.0,5.0,-5.0,6.0,-6.0
10,10,0021900022,28.0,23.0,5.0,-5.0,0.0,0.0
11,11,0021900022,38.0,28.0,10.0,-10.0,5.0,-5.0
12,12,0021900022,38.0,28.0,10.0,-10.0,0.0,0.0
13,13,0021900022,38.0,28.0,10.0,-10.0,0.0,0.0
14,14,0021900022,38.0,28.0,10.0,-10.0,0.0,0.0
15,15,0021900022,38.0,28.0,10.0,-10.0,0.0,0.0
16,16,0021900022,38.0,28.0,10.0,-10.0,0.0,0.0
17,17,0021900022,38.0,28.0,10.0,-10.0,0.0,0.0
18,18,0021900022,40.0,30.0,10.0,-10.0,0.0,0.0
19,19,0021900022,40.0,30.0,10.0,-10.0,0.0,0.0
20,20,0021900022,40.0,35.0,5.0,-5.0,-5.0,5.0
21,21,0021900022,42.0,35.0,7.0,-7.0,2.0,-2.0
22,22,0021900022,48.0,40.0,8.0,-8.0,1.0,-1.0
23,23,0021900022,48.0,44.0,4.0,-4.0,-4.0,4.0
24,24,0021900022,52.0,44.0,8.0,-8.0,4.0,-4.0
25,25,0021900022,65.0,59.0,6.0,-6.0,-2.0,2.0
26,26,0021900022,67.0,61.0,6.0,-6.0,0.0,0.0
27,27,0021900022,67.0,61.0,6.0,-6.0,0.0,0.0
28,28,0021900022,67.0,61.0,6.0,-6.0,0.0,0.0
29,29,0021900022,67.0,61.0,6.0,-6.0,0.0,0.0
30,30,0021900022,71.0,63.0,8.0,-8.0,2.0,-2.0
31,31,0021900022,71.0,63.0,8.0,-8.0,0.0,0.0
32,32,0021900022,71.0,63.0,8.0,-8.0,0.0,0.0
33,33,0021900022,73.0,65.0,8.0,-8.0,0.0,0.0
34,34,0021900022,73.0,65.0,8.0,-8.0,0.0,0.0
35,35,0021900022,78.0,72.0,6.0,-6.0,-2.0,2.0
36,36,0021900022,78.0,74.0,4.0,-4.0,-2.0,2.0
37,37,0021900022,78.0,74.0,4.0,-4.0,0.0,0.0
38,38,0021900022,78.0,74.0,4.0,-4.0,0.0,0.0
39,39,0021900022,78.0,74.0,4.0,-4.0,0.0,0.0
40,40,0021900022,80.0,76.0,4.0,-4.0,0.0,0.0
41,41,0021900022,80.0,76.0,4.0,-4.0,0.0,0.0
42,42,0021900022,80.0,78.0,2.0,-2.0,-2.0,2.0
43,43,0021900022,80.0,78.0,2.0,-2.0,0.0,0.0
44,44,0021900022,90.0,83.0,7.0,-7.0,5.0,-5.0
45,45,0021900022,92.0,83.0,9.0,-9.0,2.0,-2.0
46,46,0021900022,92.0,83.0,9.0,-9.0,0.0,0.0
47,47,0021900022,92.0,83.0,9.0,-9.0,0.0,0.0
48,48,0021900022,97.0,85.0,12.0,-12.0,3.0,-3.0
0,0,0021900033,0.0,0.0,0.0,0.0,0.0,0.0
1,1,0021900033,7.0,9.0,-2.0,2.0,-2.0,2.0
2,2,0021900033,7.0,9.0,-2.0,2.0,0.0,0.0
3,3,0021900033,7.0,9.0,-2.0,2.0,0.0,0.0
4,4,0021900033,7.0,9.0,-2.0,2.0,0.0,0.0
5,5,0021900033,14.0,17.0,-3.0,3.0,-1.0,1.0
6,6,0021900033,14.0,17.0,-3.0,3.0,0.0,0.0
7,7,0021900033,14.0,17.0,-3.0,3.0,0.0,0.0
8,8,0021900033,22.0,23.0,-1.0,1.0,2.0,-2.0
9,9,0021900033,24.0,23.0,1.0,-1.0,2.0,-2.0
10,10,0021900033,26.0,32.0,-6.0,6.0,-7.0,7.0
11,11,0021900033,26.0,32.0,-6.0,6.0,0.0,0.0
12,12,0021900033,32.0,36.0,-4.0,4.0,2.0,-2.0
13,13,0021900033,32.0,36.0,-4.0,4.0,0.0,0.0
14,14,0021900033,35.0,38.0,-3.0,3.0,1.0,-1.0
15,15,0021900033,35.0,38.0,-3.0,3.0,0.0,0.0
16,16,0021900033,41.0,42.0,-1.0,1.0,2.0,-2.0
17,17,0021900033,41.0,45.0,-4.0,4.0,-3.0,3.0
18,18,0021900033,41.0,47.0,-6.0,6.0,-2.0,2.0
19,19,0021900033,41.0,50.0,-9.0,9.0,-3.0,3.0
20,20,0021900033,51.0,55.0,-4.0,4.0,5.0,-5.0
21,21,0021900033,69.0,72.0,-3.0,3.0,1.0,-1.0
22,22,0021900033,72.0,74.0,-2.0,2.0,1.0,-1.0
23,23,0021900033,72.0,74.0,-2.0,2.0,0.0,0.0
24,24,0021900033,72.0,74.0,-2.0,2.0,0.0,0.0
25,25,0021900033,74.0,75.0,-1.0,1.0,1.0,-1.0
26,26,0021900033,80.0,84.0,-4.0,4.0,-3.0,3.0
27,27,0021900033,80.0,84.0,-4.0,4.0,0.0,0.0
28,28,0021900033,80.0,84.0,-4.0,4.0,0.0,0.0
29,29,0021900033,80.0,84.0,-4.0,4.0,0.0,0.0
30,30,0021900033,86.0,90.0,-4.0,4.0,0.0,0.0
31,31,0021900033,97.0,97.0,0.0,0.0,4.0,-4.0
32,32,0021900033,97.0,97.0,0.0,0.0,0.0,0.0
33,33,0021900033,97.0,97.0,0.0,0.0,0.0,0.0
34,34,0021900033,97.0,97.0,0.0,0.0,0.0,0.0
35,35,0021900033,99.0,99.0,0.0,0.0,0.0,0.0
36,36,0021900033,107.0,105.0,2.0,-2.0,2.0,-2.0
37,37,0021900033,107.0,105.0,2.0,-2.0,0.0,0.0
38,38,0021900033,107.0,105.0,2.0,-2.0,0.0,0.0
39,39,0021900033,112.0,109.0,3.0,-3.0,1.0,-1.0
40,40,0021900033,112.0,109.0,3.0,-3.0,0.0,0.0
41,41,0021900033,112.0,109.0,3.0,-3.0,0.0,0.0
42,42,0021900033,122.0,124.0,-2.0,2.0,-5.0,5.0
43,43,0021900033,122.0,124.0,-2.0,2.0,0.0,0.0
44,44,0021900033,122.0,124.0,-2.0,2.0,0.0,0.0
45,45,0021900033,122.0,124.0,-2.0,2.0,0.0,0.0
0,0,0021900031,0.0,0.0,0.0,0.0,0.0,0.0
1,1,0021900031,11.0,7.0,4.0,-4.0,3.0,-3.0
2,2,0021900031,16.0,9.0,7.0,-7.0,3.0,-3.0
3,3,0021900031,16.0,14.0,2.0,-2.0,-5.0,5.0
4,4,0021900031,18.0,14.0,4.0,-4.0,2.0,-2.0
5,5,0021900031,18.0,14.0,4.0,-4.0,0.0,0.0
6,6,0021900031,20.0,17.0,3.0,-3.0,-1.0,1.0
7,7,0021900031,20.0,17.0,3.0,-3.0,0.0,0.0
8,8,0021900031,20.0,17.0,3.0,-3.0,0.0,0.0
9,9,0021900031,20.0,17.0,3.0,-3.0,0.0,0.0
10,10,0021900031,24.0,26.0,-2.0,2.0,-5.0,5.0
11,11,0021900031,24.0,29.0,-5.0,5.0,-3.0,3.0
12,12,0021900031,24.0,29.0,-5.0,5.0,0.0,0.0
13,13,0021900031,24.0,29.0,-5.0,5.0,0.0,0.0
14,14,0021900031,26.0,29.0,-3.0,3.0,2.0,-2.0
15,15,0021900031,26.0,31.0,-5.0,5.0,-2.0,2.0
16,16,0021900031,26.0,31.0,-5.0,5.0,0.0,0.0
17,17,0021900031,36.0,36.0,0.0,0.0,5.0,-5.0
18,18,0021900031,36.0,36.0,0.0,0.0,0.0,0.0
19,19,0021900031,36.0,36.0,0.0,0.0,0.0,0.0
20,20,0021900031,40.0,36.0,4.0,-4.0,4.0,-4.0
21,21,0021900031,43.0,38.0,5.0,-5.0,1.0,-1.0
22,22,0021900031,62.0,50.0,12.0,-12.0,7.0,-7.0
23,23,0021900031,69.0,56.0,13.0,-13.0,1.0,-1.0
24,24,0021900031,71.0,58.0,13.0,-13.0,0.0,0.0
25,25,0021900031,71.0,58.0,13.0,-13.0,0.0,0.0
26,26,0021900031,75.0,58.0,17.0,-17.0,4.0,-4.0
27,27,0021900031,75.0,58.0,17.0,-17.0,0.0,0.0
28,28,0021900031,75.0,58.0,17.0,-17.0,0.0,0.0
29,29,0021900031,75.0,58.0,17.0,-17.0,0.0,0.0
30,30,0021900031,95.0,72.0,23.0,-23.0,6.0,-6.0
31,31,0021900031,96.0,74.0,22.0,-22.0,-1.0,1.0
32,32,0021900031,96.0,74.0,22.0,-22.0,0.0,0.0
33,33,0021900031,96.0,74.0,22.0,-22.0,0.0,0.0
34,34,0021900031,96.0,74.0,22.0,-22.0,0.0,0.0
35,35,0021900031,96.0,74.0,22.0,-22.0,0.0,0.0
36,36,0021900031,96.0,76.0,20.0,-20.0,-2.0,2.0
37,37,0021900031,96.0,76.0,20.0,-20.0,0.0,0.0
38,38,0021900031,96.0,76.0,20.0,-20.0,0.0,0.0
39,39,0021900031,100.0,76.0,24.0,-24.0,4.0,-4.0
40,40,0021900031,102.0,81.0,21.0,-21.0,-3.0,3.0
41,41,0021900031,102.0,81.0,21.0,-21.0,0.0,0.0
42,42,0021900031,106.0,81.0,25.0,-25.0,4.0,-4.0
0,0,0021900029,0.0,0.0,0.0,0.0,0.0,0.0
1,1,0021900029,2.0,9.0,-7.0,7.0,0.0,0.0
2,2,0021900029,9.0,16.0,-7.0,7.0,0.0,0.0
3,3,0021900029,9.0,16.0,-7.0,7.0,0.0,0.0
4,4,0021900029,9.0,18.0,-9.0,9.0,-2.0,2.0
5,5,0021900029,9.0,18.0,-9.0,9.0,0.0,0.0
6,6,0021900029,9.0,18.0,-9.0,9.0,0.0,0.0
7,7,0021900029,9.0,18.0,-9.0,9.0,0.0,0.0
8,8,0021900029,16.0,18.0,-2.0,2.0,7.0,-7.0
9,9,0021900029,16.0,18.0,-2.0,2.0,0.0,0.0
10,10,0021900029,16.0,18.0,-2.0,2.0,0.0,0.0
11,11,0021900029,20.0,22.0,-2.0,2.0,0.0,0.0
12,12,0021900029,29.0,26.0,3.0,-3.0,5.0,-5.0
13,13,0021900029,29.0,26.0,3.0,-3.0,0.0,0.0
14,14,0021900029,31.0,27.0,4.0,-4.0,1.0,-1.0
15,15,0021900029,31.0,27.0,4.0,-4.0,0.0,0.0
16,16,0021900029,31.0,27.0,4.0,-4.0,0.0,0.0
17,17,0021900029,31.0,27.0,4.0,-4.0,0.0,0.0
18,18,0021900029,36.0,34.0,2.0,-2.0,-2.0,2.0
19,19,0021900029,36.0,34.0,2.0,-2.0,0.0,0.0
20,20,0021900029,41.0,35.0,6.0,-6.0,4.0,-4.0
21,21,0021900029,41.0,35.0,6.0,-6.0,0.0,0.0
22,22,0021900029,41.0,35.0,6.0,-6.0,0.0,0.0
23,23,0021900029,41.0,41.0,0.0,0.0,-6.0,6.0
24,24,0021900029,41.0,41.0,0.0,0.0,0.0,0.0
25,25,0021900029,41.0,41.0,0.0,0.0,0.0,0.0
26,26,0021900029,41.0,41.0,0.0,0.0,0.0,0.0
27,27,0021900029,41.0,41.0,0.0,0.0,0.0,0.0
28,28,0021900029,46.0,49.0,-3.0,3.0,-3.0,3.0
29,29,0021900029,46.0,49.0,-3.0,3.0,0.0,0.0
30,30,0021900029,46.0,49.0,-3.0,3.0,0.0,0.0
31,31,0021900029,51.0,55.0,-4.0,4.0,-1.0,1.0
32,32,0021900029,51.0,55.0,-4.0,4.0,0.0,0.0
33,33,0021900029,63.0,63.0,0.0,0.0,4.0,-4.0
34,34,0021900029,63.0,63.0,0.0,0.0,0.0,0.0
35,35,0021900029,67.0,63.0,4.0,-4.0,4.0,-4.0
36,36,0021900029,67.0,65.0,2.0,-2.0,-2.0,2.0
37,37,0021900029,69.0,67.0,2.0,-2.0,0.0,0.0
38,38,0021900029,72.0,70.0,2.0,-2.0,0.0,0.0
39,39,0021900029,72.0,70.0,2.0,-2.0,0.0,0.0
40,40,0021900029,74.0,72.0,2.0,-2.0,0.0,0.0
41,41,0021900029,74.0,72.0,2.0,-2.0,0.0,0.0
42,42,0021900029,81.0,76.0,5.0,-5.0,3.0,-3.0
43,43,0021900029,84.0,76.0,8.0,-8.0,3.0,-3.0
44,44,0021900029,89.0,76.0,13.0,-13.0,5.0,-5.0
45,45,0021900029,90.0,81.0,9.0,-9.0,-4.0,4.0
46,46,0021900029,90.0,81.0,9.0,-9.0,0.0,0.0
47,47,0021900029,90.0,81.0,9.0,-9.0,0.0,0.0
48,48,0021900029,90.0,81.0,9.0,-9.0,0.0,0.0
49,49,0021900029,95.0,81.0,14.0,-14.0,5.0,-5.0
50,50,0021900029,98.0,85.0,13.0,-13.0,-1.0,1.0
51,51,0021900029,105.0,85.0,20.0,-20.0,7.0,-7.0
52,52,0021900029,112.0,87.0,25.0,-25.0,5.0,-5.0
53,53,0021900029,112.0,87.0,25.0,-25.0,0.0,0.0
54,54,0021900029,112.0,87.0,25.0,-25.0,0.0,0.0
55,55,0021900029,112.0,87.0,25.0,-25.0,0.0,0.0
56,56,0021900029,112.0,87.0,25.0,-25.0,0.0,0.0
57,57,0021900029,112.0,87.0,25.0,-25.0,0.0,0.0
58,58,0021900029,118.0,94.0,24.0,-24.0,-1.0,1.0
0,0,0021900035,0.0,0.0,0.0,0.0,0.0,0.0
1,1,0021900035,5.0,14.0,-9.0,9.0,-7.0,7.0
2,2,0021900035,5.0,14.0,-9.0,9.0,0.0,0.0
3,3,0021900035,5.0,14.0,-9.0,9.0,0.0,0.0
4,4,0021900035,5.0,14.0,-9.0,9.0,0.0,0.0
5,5,0021900035,5.0,14.0,-9.0,9.0,0.0,0.0
6,6,0021900035,8.0,14.0,-6.0,6.0,3.0,-3.0
7,7,0021900035,10.0,17.0,-7.0,7.0,-1.0,1.0
8,8,0021900035,10.0,17.0,-7.0,7.0,0.0,0.0
9,9,0021900035,12.0,19.0,-7.0,7.0,0.0,0.0
10,10,0021900035,12.0,19.0,-7.0,7.0,0.0,0.0
11,11,0021900035,12.0,19.0,-7.0,7.0,0.0,0.0
12,12,0021900035,16.0,24.0,-8.0,8.0,-1.0,1.0
13,13,0021900035,16.0,24.0,-8.0,8.0,0.0,0.0
14,14,0021900035,22.0,26.0,-4.0,4.0,4.0,-4.0
15,15,0021900035,26.0,32.0,-6.0,6.0,-2.0,2.0
16,16,0021900035,31.0,35.0,-4.0,4.0,2.0,-2.0
17,17,0021900035,31.0,35.0,-4.0,4.0,0.0,0.0
18,18,0021900035,31.0,35.0,-4.0,4.0,0.0,0.0
19,19,0021900035,37.0,39.0,-2.0,2.0,2.0,-2.0
20,20,0021900035,42.0,47.0,-5.0,5.0,-3.0,3.0
21,21,0021900035,42.0,47.0,-5.0,5.0,0.0,0.0
22,22,0021900035,42.0,47.0,-5.0,5.0,0.0,0.0
23,23,0021900035,45.0,50.0,-5.0,5.0,0.0,0.0
24,24,0021900035,45.0,50.0,-5.0,5.0,0.0,0.0
25,25,0021900035,45.0,50.0,-5.0,5.0,0.0,0.0
26,26,0021900035,45.0,50.0,-5.0,5.0,0.0,0.0
27,27,0021900035,47.0,52.0,-5.0,5.0,0.0,0.0
28,28,0021900035,49.0,54.0,-5.0,5.0,0.0,0.0
29,29,0021900035,49.0,54.0,-5.0,5.0,0.0,0.0
30,30,0021900035,57.0,55.0,2.0,-2.0,7.0,-7.0
31,31,0021900035,57.0,58.0,-1.0,1.0,-3.0,3.0
32,32,0021900035,68.0,69.0,-1.0,1.0,0.0,0.0
33,33,0021900035,68.0,69.0,-1.0,1.0,0.0,0.0
34,34,0021900035,68.0,69.0,-1.0,1.0,0.0,0.0
35,35,0021900035,72.0,79.0,-7.0,7.0,-6.0,6.0
36,36,0021900035,72.0,79.0,-7.0,7.0,0.0,0.0
37,37,0021900035,78.0,84.0,-6.0,6.0,1.0,-1.0
38,38,0021900035,78.0,84.0,-6.0,6.0,0.0,0.0
39,39,0021900035,80.0,89.0,-9.0,9.0,-3.0,3.0
40,40,0021900035,90.0,93.0,-3.0,3.0,6.0,-6.0
41,41,0021900035,90.0,93.0,-3.0,3.0,0.0,0.0
42,42,0021900035,90.0,93.0,-3.0,3.0,0.0,0.0
43,43,0021900035,90.0,93.0,-3.0,3.0,0.0,0.0
44,44,0021900035,92.0,99.0,-7.0,7.0,-4.0,4.0
45,45,0021900035,92.0,99.0,-7.0,7.0,0.0,0.0
46,46,0021900035,94.0,104.0,-10.0,10.0,-3.0,3.0
47,47,0021900035,98.0,108.0,-10.0,10.0,0.0,0.0
48,48,0021900035,98.0,111.0,-13.0,13.0,-3.0,3.0
49,49,0021900035,103.0,115.0,-12.0,12.0,1.0,-1.0
50,50,0021900035,108.0,115.0,-7.0,7.0,5.0,-5.0
51,51,0021900035,108.0,115.0,-7.0,7.0,0.0,0.0
52,52,0021900035,112.0,121.0,-9.0,9.0,-2.0,2.0
53,53,0021900035,122.0,129.0,-7.0,7.0,2.0,-2.0
54,54,0021900035,122.0,129.0,-7.0,7.0,0.0,0.0
55,55,0021900035,122.0,129.0,-7.0,7.0,0.0,0.0
56,56,0021900035,122.0,129.0,-7.0,7.0,0.0,0.0
0,0,0021900032,0.0,0.0,0.0,0.0,0.0,0.0
1,1,0021900032,9.0,9.0,0.0,0.0,0.0,0.0
2,2,0021900032,9.0,9.0,0.0,0.0,0.0,0.0
3,3,0021900032,16.0,20.0,-4.0,4.0,-4.0,4.0
4,4,0021900032,16.0,20.0,-4.0,4.0,0.0,0.0
5,5,0021900032,16.0,20.0,-4.0,4.0,0.0,0.0
6,6,0021900032,16.0,22.0,-6.0,6.0,-2.0,2.0
7,7,0021900032,16.0,22.0,-6.0,6.0,0.0,0.0
8,8,0021900032,19.0,29.0,-10.0,10.0,-4.0,4.0
9,9,0021900032,19.0,29.0,-10.0,10.0,0.0,0.0
10,10,0021900032,34.0,38.0,-4.0,4.0,6.0,-6.0
11,11,0021900032,34.0,38.0,-4.0,4.0,0.0,0.0
12,12,0021900032,34.0,38.0,-4.0,4.0,0.0,0.0
13,13,0021900032,34.0,38.0,-4.0,4.0,0.0,0.0
14,14,0021900032,39.0,40.0,-1.0,1.0,3.0,-3.0
15,15,0021900032,39.0,40.0,-1.0,1.0,0.0,0.0
16,16,0021900032,39.0,40.0,-1.0,1.0,0.0,0.0
17,17,0021900032,39.0,40.0,-1.0,1.0,0.0,0.0
18,18,0021900032,39.0,40.0,-1.0,1.0,0.0,0.0
19,19,0021900032,42.0,44.0,-2.0,2.0,-1.0,1.0
20,20,0021900032,42.0,44.0,-2.0,2.0,0.0,0.0
21,21,0021900032,42.0,44.0,-2.0,2.0,0.0,0.0
22,22,0021900032,44.0,48.0,-4.0,4.0,-2.0,2.0
23,23,0021900032,44.0,48.0,-4.0,4.0,0.0,0.0
24,24,0021900032,44.0,48.0,-4.0,4.0,0.0,0.0
25,25,0021900032,44.0,48.0,-4.0,4.0,0.0,0.0
26,26,0021900032,73.0,73.0,0.0,0.0,4.0,-4.0
27,27,0021900032,76.0,76.0,0.0,0.0,0.0,0.0
28,28,0021900032,76.0,76.0,0.0,0.0,0.0,0.0
29,29,0021900032,82.0,81.0,1.0,-1.0,1.0,-1.0
30,30,0021900032,82.0,81.0,1.0,-1.0,0.0,0.0
31,31,0021900032,84.0,85.0,-1.0,1.0,-2.0,2.0
32,32,0021900032,89.0,86.0,3.0,-3.0,4.0,-4.0
33,33,0021900032,89.0,86.0,3.0,-3.0,0.0,0.0
34,34,0021900032,89.0,86.0,3.0,-3.0,0.0,0.0
35,35,0021900032,89.0,86.0,3.0,-3.0,0.0,0.0
36,36,0021900032,94.0,90.0,4.0,-4.0,1.0,-1.0
37,37,0021900032,94.0,90.0,4.0,-4.0,0.0,0.0
38,38,0021900032,98.0,99.0,-1.0,1.0,-5.0,5.0
39,39,0021900032,104.0,108.0,-4.0,4.0,-3.0,3.0
40,40,0021900032,104.0,108.0,-4.0,4.0,0.0,0.0
41,41,0021900032,104.0,108.0,-4.0,4.0,0.0,0.0
42,42,0021900032,104.0,108.0,-4.0,4.0,0.0,0.0
43,43,0021900032,106.0,110.0,-4.0,4.0,0.0,0.0
44,44,0021900032,106.0,110.0,-4.0,4.0,0.0,0.0
45,45,0021900032,108.0,110.0,-2.0,2.0,2.0,-2.0
46,46,0021900032,108.0,112.0,-4.0,4.0,-2.0,2.0
47,47,0021900032,108.0,114.0,-6.0,6.0,-2.0,2.0
48,48,0021900032,108.0,114.0,-6.0,6.0,0.0,0.0
49,49,0021900032,123.0,124.0,-1.0,1.0,5.0,-5.0
